subject_id,site,session,run,acquisition_id,avg_degree_mean,avg_degree_std,avg_degree_median,avg_degree_min,avg_degree_max,avg_strength_mean,avg_strength_std,avg_strength_median,avg_strength_min,avg_strength_max,clustering_mean,clustering_std,clustering_median,clustering_min,clustering_max,transitivity_mean,transitivity_std,transitivity_median,transitivity_min,transitivity_max,global_efficiency_mean,global_efficiency_std,global_efficiency_median,global_efficiency_min,global_efficiency_max,local_efficiency_mean,local_efficiency_std,local_efficiency_median,local_efficiency_min,local_efficiency_max,path_length_mean,path_length_std,path_length_median,path_length_min,path_length_max
10001,NYU,1,1,10001_S1_R1,37.8,0.0,37.8,37.8,37.8,25.705933128510978,1.4403299201666724,25.759832512077534,22.493887203304393,28.185925538916337,0.3522563300647313,0.04559800298132048,0.3570001167707755,0.2495682770510051,0.44105223952980804,0.5080939202446639,0.047674092936469535,0.5057609263956934,0.3972073677956031,0.6011404401135086,0.5783161927807945,0.012526883533751344,0.5804000742597134,0.552983384386888,0.5971224357189263,0.7284890259582516,0.01865794689275541,0.7320151054861244,0.6836965718487447,0.7632856338583826,0.5499409258125814,0.04270562392913078,0.5407295849554986,0.4907157239526203,0.6466419722485496
10001,NYU,1,2,10001_S1_R2,37.8,0.0,37.8,37.8,37.8,25.330591857238606,1.086388205173598,25.232146481463783,23.307956710614658,27.172897156288748,0.33577464977546634,0.029886880469325517,0.3339630507193653,0.27474187303565495,0.3864918874899627,0.5114185929590345,0.05035397101750585,0.49935832106594197,0.42890319928752485,0.6091250469395418,0.581009996254996,0.010952072299376838,0.5847581917757191,0.5548083170890049,0.595247377703517,0.7198561116800108,0.009752737980047528,0.7206686259604015,0.6959401978543779,0.738770187264968,0.567100203572301,0.026807154842774416,0.5646845721295537,0.5132749956286873,0.6229305591698776
10002,NYU,1,1,10002_S1_R1,37.8,0.0,37.8,37.8,37.8,24.6309369961601,0.7296716921509425,24.671272169288837,23.086719309342534,25.80473835970226,0.31700546024318743,0.021854683621474347,0.31592483980042846,0.2730015511693083,0.36193268158883213,0.49060537997509646,0.036120535929860996,0.49026559959187577,0.4213248376018867,0.5614919866641845,0.5856736349174262,0.006416899891720958,0.5863826232247206,0.5715306785482205,0.595423744546546,0.7147132043703469,0.008242525628961274,0.714345600442794,0.6959587395561807,0.7309947312526077,0.5876152596571544,0.020228396865668085,0.589937748284235,0.5378109900707722,0.6282034245067837
10002,NYU,1,2,10002_S1_R2,37.8,0.0,37.8,37.8,37.8,24.429796826590643,0.9236045962497953,24.49703467958852,22.68930125989412,26.572743423361526,0.3119588287258895,0.030304758657035448,0.31369393913218335,0.2564635857438799,0.38943190194794863,0.48568484183977356,0.03805182559265258,0.48803078978339004,0.40884970601189935,0.5668453480855153,0.5869197258791863,0.006927994034877508,0.587728580711025,0.5650932887774929,0.5970667409263889,0.7140335769505924,0.012866969311493443,0.7128643237759833,0.6888812217665249,0.7437526700148894,0.5943496147840767,0.02585413226301796,0.598654984531546,0.5366158835869983,0.6422424399829515
10003,NYU,1,1,10003_S1_R1,37.8,0.0,37.8,37.8,37.8,27.194682758473228,1.4382334240273165,26.6349648513292,25.3530553491492,30.26178290530255,0.3893138235839172,0.040123008532924914,0.3739830269016264,0.33695854010149484,0.4687671583007263,0.5476039620959681,0.04499666558760868,0.5320194283579301,0.49192977147533545,0.6532210138467939,0.567364001593107,0.01827437823584646,0.5748352362387418,0.5289252894140392,0.5867399981434943,0.7403291119209099,0.009174099716987304,0.7399279775107189,0.7122241037695605,0.7618903352083419,0.5027818641268221,0.03784546164852608,0.5117134354533475,0.426120720690454,0.5568551404102371
10004,NYU,1,1,10004_S1_R1,37.8,0.0,37.8,37.8,37.8,25.62769844367586,0.8227122729305169,25.46022762813066,24.121181237697602,26.85118205986525,0.3485670105986115,0.025845310488125613,0.3481593150863773,0.3014740420739981,0.3889495954572003,0.5184234538211269,0.031224951726270996,0.5212143874873475,0.45994278970214636,0.5660110258151392,0.5803880710716723,0.007598722214986607,0.5815046876450285,0.5667362851573309,0.5922862712336323,0.7317282235508278,0.009415495635236434,0.7309543570213678,0.7146310108571166,0.7541403305832766,0.5568512948270063,0.02484333185799382,0.561306105782746,0.5067058067937907,0.5979471465433185
10004,NYU,1,2,10004_S1_R2,37.8,0.0,37.8,37.8,37.8,24.852777251357825,0.9013798544698193,24.75711105999194,23.085534818548904,26.65423460194939,0.3245272795611265,0.029409147913871725,0.32652456132518637,0.2658471746622382,0.3879241302996504,0.48870296181235273,0.038562701424558816,0.48510488277807157,0.4133551651027563,0.5745472587447283,0.5851220964288053,0.007821694374599166,0.5864568829481042,0.5636470806646258,0.596305578761717,0.7199624143525187,0.01197645950401611,0.7202311620514514,0.6950594267919341,0.7416795633747727,0.5778275034326884,0.02505304590559276,0.5786219189041539,0.5421271717007264,0.6329032767453057
10005,NYU,1,1,10005_S1_R1,37.8,0.0,37.8,37.8,37.8,29.780272170614634,2.5379039788650903,30.30843467837886,23.29492969669794,32.889880637118694,0.4582072743071968,0.06731352625803846,0.4790441044855468,0.27158470676637175,0.513553063696952,0.6297652939465415,0.07305671284803344,0.6412875468090192,0.4206410049021332,0.714511104818156,0.5333914100572307,0.029154056143703026,0.5290169869117338,0.483291152363881,0.5952288127726671,0.7392974418150686,0.035906844452001735,0.7405902399259121,0.6841944041069886,0.7922702500257781,0.4392268229878097,0.0725796742426426,0.4265779729242678,0.34806542864618645,0.621085716727981
10006,NYU,1,1,10006_S1_R1,37.8,0.0,37.8,37.8,37.8,24.649674289207063,0.8108826031645369,24.818805551528932,23.301348633828916,25.70693837655218,0.316575281733937,0.025599371420033275,0.3216723931121315,0.2719492705619149,0.3519255057600747,0.4861719071489878,0.03563932117955998,0.49255414285158833,0.4300573244008564,0.5381800538957509,0.5863335541919842,0.005869734501765474,0.5854822240787114,0.5748584424022831,0.5953680497540098,0.715086615540674,0.010372319132469401,0.716029752520155,0.6972362857451576,0.7307423469687708,0.5855128681507795,0.021869696519832782,0.5799049217333803,0.5425935074865437,0.622537016151543
10007,NYU,1,1,10007_S1_R1,37.8,0.0,37.8,37.8,37.8,25.88791596810528,1.3940000684965324,26.014758180317127,23.048752710693762,27.96241197460576,0.35961106089890826,0.04562922009793203,0.3595220356840957,0.27183405884573314,0.4247907906185927,0.5330928001988077,0.05149251274730284,0.5414764218139314,0.4269165294174636,0.6112603293977804,0.5756749152574819,0.012375162262930887,0.5774389677898341,0.5537148426622114,0.5956372412512745,0.7319659937308128,0.018108977221686903,0.7332658540000583,0.6960080991965121,0.7645087856963106,0.5522875803651395,0.03857621443338359,0.543221788026602,0.4888261562866343,0.6312211214649548
10007,NYU,1,2,10007_S1_R2,37.8,0.0,37.8,37.8,37.8,25.04160330508668,0.8084897848807509,24.974144593665475,23.645238542243053,26.668018940247986,0.32904734452815243,0.02471892289580136,0.3240726323307391,0.290850882242559,0.3793894262042277,0.4924441333853108,0.03374909588287299,0.48865303695277,0.4421291450873414,0.5589313715774685,0.5850699545799284,0.006027886391971292,0.5865497076023306,0.5727513227513049,0.5932145177759165,0.7245145150470894,0.010700362444766114,0.723297564041385,0.7032834865825655,0.7518678240970216,0.5677301784177288,0.02560402870081024,0.5725063331244683,0.5046296147508762,0.6129958884824255
10008,NYU,1,1,10008_S1_R1,37.8,0.0,37.8,37.8,37.8,24.181045377297753,0.9903532927770501,23.86346104897951,22.832206509615247,26.319184084942467,0.30405145351300933,0.030144896744389048,0.30016354641361315,0.2639960850229762,0.37309370657184504,0.46153032633183855,0.040382156749898784,0.4533125833703868,0.409018300030827,0.560647917077757,0.589665575176763,0.007464043630856064,0.5928525016244283,0.5687552213867834,0.5971966954423074,0.7113757973524336,0.013180197338357274,0.712207031811692,0.6901250757200372,0.7393133581032726,0.5959524568677238,0.026477461335732883,0.6044096081311973,0.539274526203419,0.6356170159151746
10008,NYU,1,2,10008_S1_R2,37.8,0.0,37.8,37.8,37.8,24.785164577125855,1.2646416362359694,24.67924671047612,22.876263255508324,27.40756949876484,0.31913460755883727,0.039399174299819754,0.3175655287928017,0.2575704582689684,0.39862979215081584,0.48531016821423595,0.05857888839068123,0.47083588691411976,0.4039997183296951,0.6138591949438231,0.5847107231680654,0.011875192053630034,0.5896871809152402,0.5544741483337864,0.5970203285992739,0.7141466815548334,0.011687662957370067,0.7151073378676772,0.6878590993643682,0.7317211205956647,0.5791095273341375,0.029252149301067818,0.5755160652870788,0.5285134167798679,0.6280611870930208
10009,NYU,1,1,10009_S1_R1,37.8,0.0,37.8,37.8,37.8,24.389536825303807,0.5592196202154753,24.28453809587579,23.539382048343356,25.733851752783124,0.3106213534336878,0.017628951778084014,0.3105948962816963,0.2840381084727172,0.35186612264297223,0.4790604785888193,0.023337479946351825,0.47254361070868645,0.4498835939592476,0.5569831479887261,0.5889013722044529,0.004077189460848115,0.5894272718834096,0.5768541724681936,0.5937343358395971,0.7156703403361055,0.007813577168574701,0.7125576954895485,0.7044460385182262,0.7304842793661526,0.5914637189292329,0.01628192159664883,0.5947241534963685,0.5556081505646383,0.6212554772628512
10009,NYU,1,2,10009_S1_R2,37.8,0.0,37.8,37.8,37.8,24.3018744783263,0.5669252740309807,24.38610936089566,22.996997632164703,25.49220144685946,0.30901687969361774,0.019193155690603248,0.3132595239281591,0.2675292314984596,0.347520106480235,0.4696494899677259,0.028757918402657977,0.46735155374529447,0.41574779997059624,0.5328935357051571,0.5894956100340193,0.004435861462887817,0.5909217488164713,0.5771651350598634,0.596119929453261,0.7130046879880774,0.008036752683356959,0.7149233104216949,0.6947116482299088,0.7254691163351726,0.5924450539735236,0.014239898636468655,0.589895645601442,0.5676152336733549,0.6288091978217459
10010,NYU,1,1,10010_S1_R1,37.8,0.0,37.8,37.8,37.8,25.01316514862211,1.028620315538327,24.88609312082592,23.47153695413941,27.266702282428742,0.32905531495322166,0.03227621437126496,0.32647517393148784,0.2765438910723191,0.40431086979963093,0.49624150193628613,0.049168429646066554,0.49356300633672895,0.4175417932052337,0.6056391381578611,0.5840225723952251,0.01070918854670766,0.587635756056804,0.5558822983384425,0.5960085398681886,0.721299551500708,0.010619038401724602,0.7210109002291483,0.699570357737714,0.7474197136196793,0.5701611601612326,0.02360826701670825,0.5724213480053092,0.5208894686890126,0.6143233225724718
10010,NYU,1,2,10010_S1_R2,37.8,0.0,37.8,37.8,37.8,24.555773397268702,0.9138822371508611,24.43279348360865,23.097706211240666,26.910412552482203,0.31339832060635237,0.03027175561459001,0.30523586921752865,0.26902713839949566,0.3975402054161277,0.48655261717897946,0.03905069689124146,0.47678678349997744,0.4125116004387075,0.5834066863425327,0.587662131062004,0.0065790932762960445,0.5896314861227127,0.5673062285342878,0.5959342801448058,0.71637349003327,0.011851140748130689,0.7146792701488016,0.6973703077480441,0.7471423219220833,0.5861310116913143,0.026630020764487814,0.5914247123287502,0.5264709204261065,0.6235973025407342
10011,NYU,1,1,10011_S1_R1,37.8,0.0,37.8,37.8,37.8,25.062788274619194,0.963168992832956,24.931654070553027,23.515263384580614,27.193847311797896,0.3278265483256939,0.031139433639554796,0.3296230141068857,0.27624916456808407,0.39719535569152464,0.4997016709342124,0.045291536393763814,0.48683908460635317,0.4179009004576096,0.5873929179339789,0.5836746719928759,0.008502354044873716,0.5871669915529516,0.5621776663881954,0.594987468671678,0.7189547734159194,0.011162153863336082,0.7182135149492032,0.6999113133562576,0.7440123255821057,0.5730581112180583,0.024099037177710562,0.5774645118785083,0.5195158068531571,0.6177629625073584
10011,NYU,1,2,10011_S1_R2,37.8,0.0,37.8,37.8,37.8,25.414293112956027,1.0040967137871548,25.038691044481176,23.811876078969554,27.531720129439705,0.34168365047998445,0.03372719611802783,0.3349582643040439,0.2848416849100068,0.40259351137556254,0.5031487287283211,0.040395700339650724,0.49702808748688865,0.42546492590571344,0.5684934206451541,0.582032635868079,0.008701427406117268,0.5856632321544509,0.5602144249512725,0.5956279587858532,0.7271749545891262,0.012386419555436998,0.7237964882029765,0.7044640505420325,0.7517138787591536,0.5557390091951833,0.03027635704132802,0.5651918823092935,0.49620098417033,0.5987184584522539
10012,NYU,1,1,10012_S1_R1,37.8,0.0,37.8,37.8,37.8,24.91351392645585,0.8592359801712065,24.597501266630072,23.346960767946744,26.926237580023315,0.32721002837742563,0.027355258257089458,0.3208888773861689,0.2828693879698869,0.39306640650730534,0.4863965336561018,0.03559464160024114,0.481890959719014,0.4331261405508205,0.5805162681550073,0.5851056120505509,0.00889241167971346,0.587385129490379,0.55697298802561,0.594356261022925,0.721793188954636,0.008703743039691096,0.7206824242073407,0.7055794668377603,0.7393369667628354,0.5711698063635188,0.022735055501302188,0.571806453480026,0.5291343950587905,0.6150562165889591
10012,NYU,1,2,10012_S1_R2,37.8,0.0,37.8,37.8,37.8,27.90049199664225,2.9919141438289962,26.394809649492565,23.911159056111387,32.283492183685304,0.40605428796124765,0.07795268856833618,0.3801590598437291,0.2907783188411493,0.5177941295915046,0.5651818665637165,0.09231483225316396,0.5332027819162433,0.4477168099204343,0.7181163572302087,0.5522586409134678,0.040404878137642236,0.5776803118908223,0.4746837034136716,0.5927318295739257,0.7285297228004978,0.028645162414545414,0.7309240018670048,0.6678054831073724,0.778232141105558,0.49810496463446324,0.07021932648660546,0.5240976569248221,0.35876855053831297,0.6045661702291509
10013,NYU,1,1,10013_S1_R1,37.8,0.0,37.8,37.8,37.8,24.637411059409434,0.8058086333410556,24.764367878437042,23.087693644197362,26.296332730117598,0.31877948739396406,0.025860516982272347,0.3219059131828087,0.27079788510030334,0.378893539368524,0.4859600329543883,0.036472123657368134,0.492639842983317,0.41250133637432734,0.5694475786433182,0.5863968670078724,0.006446043771604871,0.5857978279030793,0.5697113153253536,0.5966954423094735,0.7175895047375577,0.01113489712688929,0.7199297380203811,0.6935571213521814,0.7378679824811097,0.5851305841282929,0.021956732895385078,0.5861882567571685,0.5456193623553408,0.6251773385044195
10013,NYU,1,2,10013_S1_R2,37.8,0.0,37.8,37.8,37.8,24.522771143329123,0.5010983361528287,24.508822513881483,23.63917383237889,25.768579378880954,0.3091198801013969,0.015019978518019504,0.30849528538984955,0.28754645646473326,0.34710428735524684,0.46657887812116255,0.021744751908714343,0.46856398436717106,0.4257898293630681,0.5239157296429012,0.5898004910104078,0.0034347972355760954,0.5901513041863868,0.5785203750115862,0.5953216374268999,0.7157311625981243,0.007789752977950846,0.715534459462702,0.7023487853334903,0.7315414201941509,0.5780450675275839,0.014689547875598157,0.5808361398679106,0.5500338261720364,0.6040740303693127
10014,NYU,1,1,10014_S1_R1,37.8,0.0,37.8,37.8,37.8,27.89760674361525,1.7980571957208575,28.28170059542907,25.132430293058093,30.777890306397488,0.4161609947598828,0.05491493000871338,0.4251146637269646,0.32848043752260936,0.5153124805859034,0.5775143454440135,0.055019788258080744,0.6047992304741402,0.47894319719060435,0.6572003969412177,0.5572646677814753,0.019695632644522766,0.5526882019864331,0.5322765909482774,0.5867724867724812,0.7476464072450062,0.01796001069901631,0.7422786033450538,0.7244882887323848,0.7995425710536554,0.48717546642801357,0.05483004793945402,0.4799326134770403,0.37461132514911655,0.5806421701571497
10014,NYU,1,2,10014_S1_R2,37.8,0.0,37.8,37.8,37.8,26.137050731709994,0.8753547267555952,26.02523811992846,24.690920632136496,27.780393388396813,0.3650607500519296,0.025618651860549353,0.36080203376567466,0.31933221194548317,0.41677599107572,0.5180823762407745,0.025311218370597143,0.5130115108006145,0.47350906441576857,0.5717495776542177,0.5778639766721971,0.007998166319846537,0.5811148240972721,0.5600751879699232,0.5875614963334174,0.7373060739643122,0.010592438400985152,0.7391499624931828,0.7118026411160453,0.755355887158652,0.5322423909463221,0.03088912041258719,0.5276157480632652,0.4773255758582965,0.5899071892135757
10015,NYU,1,1,10015_S1_R1,37.8,0.0,37.8,37.8,37.8,27.373043849734344,2.2274306184831367,27.070889673734968,23.92628733107918,31.788103705958317,0.39496383172249094,0.06221444176615844,0.3947128194402132,0.2976313307048393,0.5023026542122679,0.5612484597574136,0.08208810959456186,0.5438237313525998,0.4471494399784737,0.7327398303526879,0.561131820611562,0.028886156811592224,0.5679170147591235,0.4863348848311778,0.5932052353104962,0.7358427906513255,0.01770054933029552,0.7386403423258944,0.6890057631667058,0.7648176557422276,0.5056671255023877,0.05024099793257816,0.5053367561498614,0.42558349258419664,0.5995222198468535
10015,NYU,1,2,10015_S1_R2,37.8,0.0,37.8,37.8,37.8,25.86940978367402,1.3322481697071278,25.411028912820314,23.913981481602317,29.008914739207217,0.35366201335599223,0.0398744516192189,0.34385889710558654,0.29674010402747536,0.444068315483688,0.5136074645438747,0.041957265514697265,0.49941443792405515,0.4424647722420419,0.6251377071142679,0.5790683605565561,0.012181798327258103,0.5845214889074467,0.5456604474148407,0.5922584238373702,0.7316701868800812,0.013376971927589808,0.7292231240061604,0.7116160242482106,0.755711168336554,0.5421452927267065,0.03877117597094604,0.5506595317814815,0.46569660682925207,0.6072704055089534
10017,NYU,1,1,10017_S1_R1,37.8,0.0,37.8,37.8,37.8,24.8914866324886,0.7570499961822934,24.652025375868146,23.867114891817696,26.78668983359086,0.3258291689530471,0.02376721343915187,0.3202440022633625,0.29392048613964483,0.38869244551863297,0.50431033538723,0.04359183321523649,0.48717932018158017,0.4487203018252269,0.5882120863852343,0.5840916147328626,0.007831701320766937,0.5878771001577865,0.5677898449828056,0.592202729044839,0.7191343251735675,0.005993862890425718,0.7172148552192036,0.7083067717057956,0.7328959374040449,0.5821125057105832,0.018233889130961956,0.5814678566962422,0.5269328041516185,0.6097393729666155
10017,NYU,1,2,10017_S1_R2,37.8,0.0,37.8,37.8,37.8,24.691907362702104,0.6230043929163777,24.490885639818092,23.717199771655235,25.710042292193364,0.31818568413445886,0.019414482615012992,0.3157973567515669,0.28716400619610494,0.3496376501311322,0.48686717945599883,0.03220384360514955,0.47242876687882934,0.44324857248490324,0.548901746119734,0.5861380782735779,0.005796850566331709,0.5882205513784343,0.5738280887403523,0.5933816021535272,0.7179231079270534,0.007504630042838879,0.7157704500505335,0.7028668745554748,0.7351649285771565,0.5819459185868922,0.015633794380080272,0.5800997736891542,0.5545081086923604,0.6107970162408659
10018,NYU,1,1,10018_S1_R1,37.8,0.0,37.8,37.8,37.8,25.585830906082194,0.9834219294528298,25.706779167526648,23.737177900891556,27.87687321462129,0.34788334769696855,0.02951047455086234,0.348204686373728,0.29429494215031404,0.4137774199858376,0.5218459165953865,0.04170608947273262,0.526668879610056,0.45058498050065,0.5992136554410056,0.5781317597953911,0.010756743356705694,0.5780840991367246,0.5523855936136536,0.5929546087440789,0.7282144791540077,0.009259418326412154,0.729048623765644,0.7088738356367114,0.7474646966995246,0.5576721793468166,0.022763863892920788,0.558543603395692,0.5003302356653047,0.6080196235578925
10019,NYU,1,1,10019_S1_R1,37.8,0.0,37.8,37.8,37.8,24.424401202284056,0.446893089303601,24.43941514931227,23.52939350824607,25.212810754776,0.3087871663991095,0.014572926253217544,0.3074184030668592,0.28131742268969917,0.3362081375671864,0.47172324553830947,0.02603592912056544,0.46890309613693615,0.4284850590687978,0.5331225409202753,0.5895921156659121,0.003702336801340286,0.5900399146013102,0.5820477118722583,0.5951174231875926,0.713769236428183,0.0073961876405559054,0.7118183403119042,0.6971333714134302,0.7293190282895042,0.5869988465208065,0.011998380898989608,0.5871124939412601,0.5631505523309572,0.6157969956941108
10019,NYU,1,2,10019_S1_R2,37.8,0.0,37.8,37.8,37.8,26.95684000188772,1.50783421994675,26.852329516410826,24.56497229400434,29.612102314045554,0.3829880677861536,0.043227852588852235,0.3831343842823492,0.31169879426095864,0.4587737439587019,0.55676899429296,0.052670989599446244,0.5526676300035656,0.4606000862546978,0.642532915489129,0.5685685523789329,0.01543257062895522,0.5700965376403815,0.5369107955073004,0.5915900863269234,0.7372378974631468,0.013187470007002908,0.7335984944858326,0.7172910164104064,0.7728781187129729,0.5151829401131174,0.04452273146195848,0.5276605273713909,0.4288756993546588,0.5757161142201319
10020,NYU,1,1,10020_S1_R1,37.8,0.0,37.8,37.8,37.8,26.07937079756749,1.339590958247133,26.352616355293677,23.76932688324075,27.891020445447218,0.3626333204566117,0.03914682798661566,0.367704803687044,0.2921590375702262,0.41861216105863525,0.5443157257754166,0.055851926748089635,0.5472031205339879,0.44826854785184983,0.6418402124160343,0.5705399514110886,0.014564565095104107,0.5677898449828268,0.5477814907639464,0.5933073424301434,0.726640123416963,0.010566007544755838,0.7264873419170899,0.705766472192603,0.7496213840739313,0.5535720975333036,0.03185320587477866,0.54679177603792,0.5012958514129375,0.6072911270064453
10021,NYU,1,1,10021_S1_R1,37.8,0.0,37.8,37.8,37.8,24.167861619943285,0.8943932448270557,24.168880053570398,22.583460943008724,25.946935501224115,0.30222825850471413,0.028393755840366273,0.2995620016511028,0.25026119756290216,0.3583464438920331,0.4599790122837734,0.0354929785619226,0.4600947039839162,0.3968273155192764,0.5343270125141948,0.589596276771103,0.006553803220451707,0.5912373526408579,0.5738977072310287,0.5976793836442938,0.7091643122095703,0.0116237922048498,0.7083327789397834,0.6845854699378555,0.7383087088572091,0.5955221429755813,0.024146862554451337,0.5956058083221927,0.5512440687864479,0.6407403745896236
10021,NYU,1,2,10021_S1_R2,37.8,0.0,37.8,37.8,37.8,24.171524355578118,0.7185626073601217,24.136761215486025,22.812688953939237,25.1317780061772,0.30117062251607263,0.02205095076738301,0.2965114179446255,0.2557647449187706,0.33130236019499876,0.471477516533628,0.03624104566848897,0.4670567186010369,0.413000426862977,0.5618514513749081,0.5898064125831763,0.0042745350309132835,0.5909124663510573,0.5827903091060856,0.5968718091525086,0.7090981687118981,0.009535825584091304,0.7086019983500021,0.6908674516392143,0.7279650196895916,0.5990651826138198,0.02126894527680532,0.6012889605599571,0.5612393397370011,0.6367632027872091
10022,NYU,1,1,10022_S1_R1,37.8,0.0,37.8,37.8,37.8,24.072537018393863,0.9781941918664588,23.87873453937079,22.522530882295808,25.858943247795104,0.30010437220823466,0.030681861106845763,0.2930243325473108,0.2515013368882186,0.35495467775017003,0.4667417053777703,0.040374014367713665,0.4629211121038524,0.39393547552854463,0.5315762147634608,0.5895088935621251,0.0059876949705351306,0.5923048361644817,0.5788406200686871,0.5980321173303608,0.7084033774438442,0.013273285194694666,0.7077419538226013,0.6861559264444874,0.7343783480357541,0.6020726944272604,0.02767115906831514,0.6063506689436154,0.5507875482274509,0.6470889158466008
10022,NYU,1,2,10022_S1_R2,37.8,0.0,37.8,37.8,37.8,25.521918253727705,1.1264535350810516,25.32096144902079,23.38599154102175,27.408658474370053,0.34342438830226585,0.03263133451257506,0.335404050543798,0.2823922925239736,0.40193182498152485,0.4956181010349262,0.031633140191770645,0.48028642855243214,0.4343189430209382,0.549124821188475,0.5833948536731304,0.007889989468353287,0.5862805161050804,0.5663092917478925,0.5939199851480516,0.7299851984294912,0.013131447473490867,0.7287082055491223,0.7044913175639583,0.7508244931009487,0.5468141511132587,0.039719972904341136,0.5526459082857342,0.4826479690581502,0.617473495330229
10023,NYU,1,1,10023_S1_R1,37.8,0.0,37.8,37.8,37.8,23.95310296264837,0.7060196921961297,23.84165414634504,23.134750006700816,25.552411993553765,0.295731179444145,0.022188363031113274,0.2907458264271583,0.27164382654040986,0.3491909728091531,0.4627721653636462,0.037622209565774854,0.45228210156197174,0.41665721817511836,0.5532962502758004,0.5902426884580483,0.006077706084034794,0.5919799498746826,0.5764271790587394,0.596138494384105,0.7072464655026036,0.006320032673909836,0.7064437325284264,0.6968824572396218,0.720545903742724,0.605979218097283,0.016043469368888758,0.6025298906946143,0.5737143744269775,0.628410103375186
10023,NYU,1,2,10023_S1_R2,37.8,0.0,37.8,37.8,37.8,24.876242921724508,0.8770933944348845,24.752163439675382,23.65461767002156,26.11955284570393,0.3244677538603465,0.02811345800352976,0.32500749882503827,0.2813724884293905,0.36873003865990595,0.4882377580075107,0.03541432519177811,0.49095458652697826,0.43704934281705676,0.5623961206970408,0.5861775127473775,0.006220387364468789,0.586921006219237,0.5742922120114948,0.5946997122435695,0.7214598310292965,0.012293319792489798,0.7200321886865408,0.7020995302976424,0.7409180135782486,0.5738028034724515,0.027842965101717392,0.5846990658924195,0.5176049368091361,0.6081925998704077
10024,NYU,1,1,10024_S1_R1,37.8,0.0,37.8,37.8,37.8,23.659016320623202,0.8809743579361611,23.374841888641058,22.447320419549943,25.50685161289416,0.28674725633236176,0.029735430339538498,0.2767503254791962,0.24736613793129314,0.35518769010854206,0.45001928884360975,0.04406333507538843,0.42900953170327394,0.3925233644859813,0.5583294530606397,0.5925215337193501,0.005401191869883692,0.5953587672885879,0.5789380859556128,0.5977350784368322,0.7030058452688949,0.012451172952551038,0.6991560353658447,0.6835960404510454,0.72783238117145,0.6133247844352512,0.02267287839179019,0.6191424646954522,0.5696265029362801,0.6462393055766182
10024,NYU,1,2,10024_S1_R2,37.8,0.0,37.8,37.8,37.8,25.177944227258003,0.7038211603490587,25.41425712108612,23.670839855231737,26.270536760280006,0.3346825923054481,0.024433549820412608,0.34588355235317164,0.2777340238749856,0.36289238595341816,0.4998060707268435,0.028786043061265674,0.5091281669150521,0.4465411379451494,0.5462516221342295,0.5816780136804298,0.0069060787779189545,0.5791283764967919,0.5697994987468686,0.5940128098022773,0.7210572034261467,0.010455745135104349,0.7234059159980734,0.699196537448342,0.7406982527859106,0.5690059711433606,0.019700498484216476,0.566836379288764,0.5451473458900122,0.6105196031711454
10025,NYU,1,1,10025_S1_R1,37.8,0.0,37.8,37.8,37.8,26.50913591151229,1.2032080902083553,26.601226883185536,24.197052181394476,28.498791116789768,0.37365441779778247,0.03490707143541126,0.3712679940567965,0.3092338642137583,0.4439136505339018,0.5352619054644482,0.042906523257706025,0.5435415348458826,0.45057841558061207,0.6162362846819373,0.5742166399395611,0.010452295757859003,0.574306135709637,0.5490698969646322,0.5917246820755601,0.7410808681158423,0.011571772256717437,0.7417356228949854,0.7213925345427027,0.7661693890804471,0.5194077174466355,0.03627720882980986,0.5153245681177372,0.4510614436106309,0.5875382767052943
10025,NYU,1,2,10025_S1_R2,37.8,0.0,37.8,37.8,37.8,27.426391002595317,1.5847856701491214,27.309893404182635,24.757450438173194,30.082402231191335,0.40110460769944933,0.04976170576312955,0.4004600670023367,0.31241667867317036,0.4872747845740415,0.5586648245939828,0.04801024601241698,0.549365446966188,0.4669118630466765,0.6449944941829846,0.565833069263189,0.01617372116162703,0.5676589622203583,0.5308047897521727,0.5898264178965846,0.7487688784026668,0.017536708500798633,0.7499141188073541,0.7170888082939701,0.784546591474721,0.49106688518922254,0.052027404179854755,0.49837182125518065,0.392341493796718,0.5708489127658397
10026,NYU,1,1,10026_S1_R1,37.8,0.0,37.8,37.8,37.8,26.07683740921332,1.1137176810819933,25.98248162269592,24.264035647166402,27.97058057596809,0.36203359388417683,0.033169469193096116,0.35644970342672794,0.3151877141858772,0.41898703165906065,0.534770495066304,0.04462786170332461,0.5335436820955499,0.4676993417681605,0.637493747915972,0.5750834621675431,0.011546651716583294,0.5781583588601008,0.5509672328970501,0.5888703239580374,0.731291911406789,0.009624156974627034,0.7309137512243866,0.7150861225348681,0.7471649106203884,0.5439166543899013,0.028067060085352195,0.5442172278404501,0.48938485267799037,0.5970919303129192
10026,NYU,1,2,10026_S1_R2,37.8,0.0,37.8,37.8,37.8,26.12143762721773,0.9201479246433918,26.36726622832449,24.21043998693165,27.657940027588293,0.36125462042159967,0.03171137323717229,0.3721260619930688,0.29893744589680943,0.40318852700389596,0.542047072421565,0.04065342261961738,0.5453885393007409,0.4617399301575454,0.6066458992798515,0.5730276201359029,0.010986709216481379,0.5736842105263126,0.5485417246820748,0.5912559175717065,0.729929568815709,0.010321957519578262,0.7317435884306092,0.7123108647825704,0.7467670638542246,0.5463459855978626,0.020588472854278297,0.5443442762545376,0.5121298261420436,0.5894289405324007
10028,NYU,1,1,10028_S1_R1,37.8,0.0,37.8,37.8,37.8,24.1477677266416,1.1132212822401417,23.685097972029133,22.70163852823408,26.8805545417886,0.3011645510889523,0.034416964124118946,0.28880928023199753,0.26018734909068786,0.38234683632160826,0.4583967346973371,0.036687106104106554,0.45199513398347974,0.41001699603899844,0.5346655016525472,0.5904739498810856,0.006186885143114583,0.5931866703796467,0.575471085120202,0.5967697020328585,0.7104824181453878,0.01425615250962498,0.7065098354057491,0.6920930040968741,0.7457047170247182,0.5928416585618091,0.03635493510083329,0.6056141508634759,0.49767243580644227,0.6410168040980538
10028,NYU,1,2,10028_S1_R2,37.8,0.0,37.8,37.8,37.8,24.121577440448338,0.5526157463007616,23.985495731705115,23.335593434697703,25.14141992142326,0.30081247338133504,0.0188149287985803,0.2971681944860685,0.272486345881047,0.335547189714785,0.46492393068328375,0.029425531229360168,0.4537256921913987,0.4216858167627096,0.522689668597012,0.5900890476510496,0.004718878744046692,0.5920077972709491,0.5801819363222758,0.5961570593149521,0.7096463351174256,0.007091614076027326,0.708817716053115,0.6963706650602105,0.7230934419036594,0.5984578327651895,0.013696117806097367,0.5995197709142515,0.5710626167163514,0.6160092298100168
10029,NYU,1,1,10029_S1_R1,37.8,0.0,37.8,37.8,37.8,24.973998711957254,1.0755466260063893,24.791562471891705,23.25467170163205,27.432146189087316,0.32785408358348467,0.03380356705139101,0.3206967072680511,0.274510026485352,0.40535456802975095,0.5125053374700035,0.058013200853922496,0.5001583741119737,0.42263740886146944,0.6255448190275075,0.5823132864088645,0.01185641322064858,0.5855379188712418,0.5502942541538988,0.5957022185092391,0.7190130675411746,0.010140701967157165,0.7166902400416134,0.6961388429023944,0.7389155437015101,0.5817320132714814,0.022140850038976582,0.585495807446666,0.5412184274817403,0.6193767113295215
10029,NYU,1,2,10029_S1_R2,37.8,0.0,37.8,37.8,37.8,25.426814449406795,0.7860445014276457,25.604287781840878,23.586919421584984,26.43395565246281,0.3447291289799122,0.02632747479944191,0.3460047089806131,0.28603054857770405,0.3820427611253914,0.5205825776585761,0.03163541691815618,0.5289254160167208,0.4493301897626784,0.5665085608514576,0.5803014560667182,0.007238960094724614,0.5786178408985257,0.5673619233268129,0.5926854172468142,0.7275416952854454,0.010478708344308987,0.7299100088937601,0.7048984565086912,0.743098500801232,0.5657907197391732,0.021540377677095105,0.5665388228500895,0.5362958372983717,0.6178753420623423
10030,NYU,1,1,10030_S1_R1,37.8,0.0,37.8,37.8,37.8,25.86288417456587,1.414272161485807,25.670898648939634,24.049409929074738,29.246075638344415,0.3551111170618211,0.042901745467031835,0.34918001944650234,0.2896666458841361,0.45371066845889046,0.5263138892912543,0.055811405695296114,0.5281600792663034,0.4514499254632409,0.6612121481613233,0.5777486180329412,0.013983586475066914,0.5824468578854425,0.5401615148983696,0.5928617840898462,0.731482569981168,0.013951353083092899,0.731902875771667,0.7049011231438228,0.7569685004429121,0.5473236833789847,0.03634712853393971,0.55446061364325,0.45830860464594814,0.5963397615037566
10030,NYU,1,2,10030_S1_R2,37.8,0.0,37.8,37.8,37.8,26.300528978955292,1.279759217539994,26.34263522750453,23.59849258410303,28.039269990670054,0.36702937875379904,0.036756308868133546,0.3656004191520162,0.2848511185598069,0.42028057439027433,0.5363615707200448,0.04898537494070836,0.5357319629206412,0.4352279475982533,0.6443089649823889,0.5749456015517631,0.010496441855295816,0.5752111760883528,0.5525174046226642,0.5944119558154591,0.7355743868542138,0.012588813702543111,0.7358920261245698,0.7038894455146144,0.7586654983011131,0.532315484256485,0.04203900602662754,0.5290585605124184,0.454212290491775,0.6076213545783985
10031,NYU,1,1,10031_S1_R1,37.8,0.0,37.8,37.8,37.8,25.573583939244223,0.8262748150306669,25.58279871689646,24.446938995938552,27.47264607454601,0.34666085847470834,0.02666723808168014,0.34587148173041243,0.30614093060903536,0.3950082163685246,0.509216310840515,0.03758498435892894,0.5133361077481841,0.451479334487691,0.5892943848819882,0.5816912972085333,0.0080427245036404,0.5813515269655536,0.5605541631857432,0.5917107583774176,0.7300820946149003,0.00998393329784766,0.7315526771222509,0.7141692363361242,0.754792116889163,0.5499087893361543,0.021836463092252394,0.5496036932017603,0.5013005196434048,0.5801021117415145
10032,NYU,1,1,10032_S1_R1,37.8,0.0,37.8,37.8,37.8,25.014530864947503,0.71129210032983,25.249624296238547,23.278517837587156,26.083944441770253,0.3259266659420772,0.022497430104855613,0.33056456348478414,0.2713836354345401,0.3605450585134358,0.49664451770590623,0.024623350863085744,0.5002602190856591,0.4453656954930752,0.5329027785379381,0.5852067909236622,0.004692714382938873,0.5847349856121784,0.5780933816021468,0.5938457254246706,0.7200433399301004,0.009954049279448816,0.7229530625004527,0.6966499276797852,0.7331124174006717,0.5712880022710268,0.02422408194938699,0.5646308528218419,0.5351515673522131,0.6303162979883791
10033,NYU,1,1,10033_S1_R1,37.8,0.0,37.8,37.8,37.8,25.004580852308205,1.1220385553409995,25.24800714317121,23.057462257460543,26.717558487465507,0.32917422263365703,0.03489216425009118,0.3292930660630869,0.2675561639831698,0.3828092311930734,0.5007720791795541,0.051655581378673,0.5149902749042976,0.41752923404017234,0.5785141548028147,0.5837279661478039,0.00969924541944659,0.5832915622389179,0.5631578947368494,0.5961663417803768,0.721338854712048,0.013105229693166064,0.7218123024803779,0.6948554022118232,0.7454752452028984,0.5739771538413032,0.02642862518755586,0.5693017753576111,0.5236138998814792,0.6268847300212252
10033,NYU,1,2,10033_S1_R2,37.8,0.0,37.8,37.8,37.8,25.082636088543925,0.7523314403331707,25.136076194361635,23.584252949451145,26.95664246270531,0.32783355750539633,0.02319286635859952,0.3289270942638683,0.28195941810925845,0.38171019009909607,0.48117569130495935,0.026221650912406934,0.48226011507660854,0.43551283550870723,0.5542040525283737,0.5868179388445516,0.005443419424595073,0.5871159379931222,0.5711315325350387,0.5950710108604808,0.7227731148635567,0.009763896132199447,0.7244614316537671,0.7007776481062661,0.7378562318267443,0.5603801356137688,0.023159470597247777,0.5610935805966615,0.5044398808439473,0.6038799504953585
10034,NYU,1,1,10034_S1_R1,37.8,0.0,37.8,37.8,37.8,24.24970842207192,0.7536240335096359,24.146346269155803,22.67765026876801,25.631895656962143,0.3027927603943039,0.0226828313657529,0.29845647274528936,0.24966177497845485,0.33938920497209085,0.47238797826127804,0.036345723233909014,0.46339162032482784,0.4001051375312571,0.5391990546832955,0.5892174561563481,0.005997211137572531,0.5917386057736874,0.5750487329434545,0.5976793836442931,0.7106293873827075,0.008426306982500664,0.7101676448685761,0.6874522021952093,0.7269397555133644,0.5946682840952875,0.020125883945408773,0.5950419246868249,0.5514112574447997,0.634399325834015
10034,NYU,1,2,10034_S1_R2,37.8,0.0,37.8,37.8,37.8,24.20413955768094,0.8384512510440119,24.230600207102928,22.926752511137412,25.689921410460222,0.30370214052201344,0.024610044091845324,0.30353536584161755,0.270430777537954,0.3459704292080615,0.4602938453401336,0.030254232457768156,0.44979179226897353,0.4185289329584135,0.5206700247384579,0.5901143343672026,0.005218131394789052,0.593019586002035,0.5793975679940413,0.596556205328132,0.712836075377223,0.010243700113251904,0.7116978273151144,0.6963581460981302,0.7290518476174682,0.5921859309498946,0.024788202175411594,0.5942959439950346,0.5526314137274759,0.6375642594554836
10035,NYU,1,1,10035_S1_R1,37.8,0.0,37.8,37.8,37.8,24.566941376433398,0.7645788950366356,24.64262247211055,23.01164630839699,25.768394166544866,0.31536722179348525,0.02536212905989737,0.3231316255984069,0.26894100750940425,0.3524109031051485,0.4794658718704046,0.034421321036602455,0.47865719374174154,0.4169468728984533,0.5560719225449516,0.5884894227906872,0.00504702679386869,0.5896222036572882,0.5791376589622161,0.5962684489000272,0.7170245225744867,0.011044670621596649,0.719055873965804,0.6952143657350248,0.7324378638424318,0.5841515173464031,0.021002493422679153,0.5816729727975839,0.5413416992253628,0.6259474593130402
10035,NYU,1,2,10035_S1_R2,37.8,0.0,37.8,37.8,37.8,25.285972140185848,1.1479593313291168,25.609214672289397,23.348487511434055,28.370047550452384,0.3376962077121765,0.03505350362588326,0.34722930739751534,0.2800816169147769,0.4238888438193794,0.5105600902724492,0.05315952217902363,0.5197413588645754,0.4270097782557629,0.6083899205097674,0.5828532058114585,0.00949431562935889,0.5818713450292291,0.5530214424951292,0.5950153160679439,0.7272196703203979,0.01501841191156718,0.7288589704105866,0.7002116169306155,0.7521874330451673,0.562559134929336,0.030169082867941913,0.5568877469128933,0.4755931429463288,0.6157461344814008
10036,NYU,1,1,10036_S1_R1,37.8,0.0,37.8,37.8,37.8,24.24197449253605,0.991058607236827,24.168039782423723,22.88512841180751,26.639507634388774,0.3057481264618869,0.03479984474586684,0.2992371991377095,0.25983620035775784,0.3894514353903237,0.4609949341319221,0.03368691994610147,0.45246071973304736,0.4153360642033105,0.5430017665847812,0.5894812062083633,0.00757957023086334,0.5905504501995693,0.5686438318017136,0.5964819456047502,0.71222337176888,0.01592040610848699,0.7093392529013556,0.6904617741646902,0.7493636031753194,0.5922977896893838,0.029445300272633895,0.5991046653720735,0.5196268607135338,0.6339110099532351
10037,NYU,1,1,10037_S1_R1,37.8,0.0,37.8,37.8,37.8,25.5096814527702,1.2714743212392052,25.450548759259675,23.605777577350015,27.86007132153762,0.34628195744186396,0.04114868486422278,0.3429072383084895,0.28602961796001364,0.42111876458480946,0.5093569662346923,0.04627691820220091,0.49973125503896804,0.442116507023374,0.5958964921626552,0.580695512728173,0.010889896660182537,0.5822936972059671,0.5540982084841594,0.593502274204025,0.7301610854122709,0.015657015682228742,0.7281202754256865,0.7007316731468728,0.7627741850721204,0.5562180554770406,0.037030781046759005,0.5589016442775594,0.4943211233107966,0.6170284365518814
10037,NYU,1,2,10037_S1_R2,37.8,0.0,37.8,37.8,37.8,24.801288677040766,0.9029605863518324,24.975915344137896,23.332779690466428,26.089648016502984,0.3220729556213821,0.02856173882580268,0.32740168709921136,0.27146667591984097,0.36196222476250595,0.49537465408620857,0.044709986255281886,0.496574751021818,0.4239835820067669,0.5875966451476966,0.5859703537259414,0.006931271898404891,0.5883272997308012,0.5741529750301527,0.5953587672885904,0.7184259477461395,0.011652819127665028,0.7226092232719046,0.6959177888067947,0.7374365941304407,0.5803740215276444,0.02390182378299221,0.5782248115712173,0.5307997913222497,0.6190049171447753
10038,NYU,1,1,10038_S1_R1,37.8,0.0,37.8,37.8,37.8,25.46142873306456,0.8836770223503202,25.29128418219717,23.849243489378377,27.02416504558764,0.3438016504079645,0.030263911676171568,0.336057001723982,0.291582447731513,0.40656429615690093,0.5075175278856693,0.040728887370983305,0.4938045455140199,0.4533606585848762,0.5961909353905497,0.5812086410150471,0.010335098415877007,0.5856585909217321,0.55815000464123,0.5939942448714346,0.7299540903651413,0.01090335205663837,0.7278677214106487,0.7061287311162125,0.755458187946327,0.5578894312642235,0.022489040762355715,0.5596124358643266,0.522852616776865,0.6056794422859935
10038,NYU,1,2,10038_S1_R2,37.8,0.0,37.8,37.8,37.8,25.199274593743137,1.3962536399677752,24.921161928302364,23.423601734951923,28.56145430552332,0.33363592326428315,0.04481299782174795,0.32390480974857094,0.2752172449941949,0.4425293834394789,0.5090929266252279,0.06460473152613944,0.4892459300029463,0.43181834051378015,0.6585832524025569,0.5810032744696917,0.015255965684846644,0.5850181008075594,0.5395423744546577,0.5954423094773931,0.7202548350705391,0.013347115790587488,0.7178371035188076,0.6990872167233371,0.753701140175504,0.5716624279986935,0.02899920175721442,0.5740461321568894,0.5081334010169088,0.6122167036945658
10039,NYU,1,1,10039_S1_R1,37.8,0.0,37.8,37.8,37.8,24.971033497514398,1.2585804098470441,24.917558628634403,23.310659403549998,27.50274431705475,0.3278818180154055,0.04241955773427449,0.3244124261236698,0.2683406884960164,0.4152175457046593,0.4944335758681659,0.05051745312136605,0.48424845459654225,0.4236113546613171,0.5948629126553092,0.5828138033461617,0.01277630071030504,0.5846792908196339,0.5506934001670788,0.5950802933259043,0.7201880958948947,0.014349636485968662,0.7205939417723954,0.6981442411295772,0.7467376976606797,0.5763327634864338,0.03159438458407039,0.5808915595894104,0.5159908542988925,0.6244450418224111
10039,NYU,1,2,10039_S1_R2,37.8,0.0,37.8,37.8,37.8,24.508895031856323,1.042826163133061,24.277295836649444,22.763458434531564,27.006451842031982,0.3150471957464631,0.03266180577034678,0.3090375715143707,0.25333095681799983,0.39604414436038454,0.48950322631154386,0.04960821087733176,0.47960567180727076,0.4099709583736689,0.5984379165947836,0.5860144614409531,0.010130524379834357,0.5890745381973389,0.5599489464401605,0.5969182214796246,0.7149711483312302,0.011996604461145843,0.7150108580752195,0.688878423557211,0.744683970239145,0.5916699550934214,0.023621107814306853,0.593733788559079,0.5365474528238589,0.6354938980614167
10040,NYU,1,1,10040_S1_R1,37.8,0.0,37.8,37.8,37.8,25.606356150214772,0.7294697140514337,25.63800315104033,23.618794353071014,27.096215867368798,0.35247177223173703,0.023372286352904864,0.3506661528582889,0.281740284682819,0.3958053596241514,0.5216635958221782,0.03159217155532547,0.5170734459027491,0.44062512903092615,0.5872233792180965,0.5786700147559071,0.007456534193697928,0.5814861227141861,0.561830502181357,0.5952380952380919,0.7300192165993395,0.010165844518612225,0.7292951831518948,0.6994247841038185,0.747536642742348,0.5576193352125375,0.019071744636896766,0.556133880448587,0.5250930036020558,0.6061449210479777
10040,NYU,1,2,10040_S1_R2,37.8,0.0,37.8,37.8,37.8,25.05490610207923,0.8148688064577505,25.263954864050213,23.536779795194928,26.317783751613216,0.33024510229334975,0.02423765894150724,0.3401629741698073,0.27336995934872316,0.3603885447163769,0.4959743519317972,0.03463888562466793,0.5015376829648085,0.4247166945480762,0.5603738405431711,0.5849355188738042,0.006056543136396277,0.5839598997493679,0.5739534020235687,0.5947461245706801,0.7231558582038502,0.010324326247258363,0.7258748038466585,0.6979018730121049,0.7363463159387637,0.5689747248615792,0.023006137999578395,0.5675673362572058,0.5288772721437982,0.6069341303245898
10041,NYU,1,1,10041_S1_R1,37.8,0.0,37.8,37.8,37.8,24.434467770929995,0.6564935018409394,24.609883341663764,23.452281852458654,25.504220008850098,0.3102715481638327,0.02076012590714898,0.3079283272214604,0.2765735406337276,0.345539949000207,0.4654060182389537,0.025703902692233285,0.4688186356073211,0.42640350574514335,0.5161960542540074,0.5900595998297085,0.0035956696188298837,0.590578297595835,0.5822890559732598,0.5953402023577435,0.716107278276283,0.009691762425989528,0.7134103630692058,0.703407869985912,0.7327209693909315,0.5831178155828428,0.021815817788212434,0.5851509024160083,0.5511416967982072,0.6150677777256218
10042,NYU,1,1,10042_S1_R1,37.8,0.0,37.8,37.8,37.8,25.48729234410284,1.1854247393729498,25.23008185436851,23.22207519600266,27.822255667887237,0.3441853027081232,0.03917676967404212,0.3358550357768158,0.2713773102133111,0.42282842961623407,0.5295461048039063,0.048212193870476955,0.5194231486976792,0.4299255664761278,0.6061121335441562,0.5773383330612518,0.012671740600398808,0.5810730530028704,0.5530335097001683,0.5953030724960534,0.7237230004095199,0.013937840773020717,0.7222724480899706,0.6974644179339113,0.7548558786323373,0.5690294001902694,0.030095884936745768,0.5683987808074834,0.5007389087923986,0.6253981676383192
10043,NYU,1,1,10043_S1_R1,37.8,0.0,37.8,37.8,37.8,25.372108875190715,1.1856061391243726,25.20182748405557,23.691953643372184,27.42854697327865,0.33757600194455584,0.03515710305044897,0.334008997185465,0.28547060614801717,0.3951503624732178,0.5103830604349653,0.05290928298753142,0.5097554904551286,0.4377867802075152,0.6140165522098961,0.5807368677120569,0.011352904049279022,0.5838067390698938,0.5538698598347743,0.5943005662303883,0.7231136262620184,0.010876649294182427,0.7228801350563213,0.7050879081313732,0.7475538953496932,0.5643096353392918,0.028125394606399262,0.5756038621121945,0.514174236297873,0.6090986098279796
10043,NYU,1,2,10043_S1_R2,37.8,0.0,37.8,37.8,37.8,26.04194063275998,1.505558565324734,26.412403793711412,23.122350775881817,28.104499035759975,0.3614253953100212,0.04627702945898344,0.36894300397679486,0.27038364461122655,0.42325234235706155,0.5483968805544341,0.06075281115558385,0.5585900664860284,0.43115152013823177,0.6730438140597597,0.573242141112668,0.013422776801997723,0.5734196602617498,0.5504752622296436,0.5960363872644553,0.729485808236961,0.01761122986426647,0.7341216033337361,0.692154284528907,0.759881064935519,0.5520909324514591,0.0401586066875867,0.5416431604039865,0.49035724084445675,0.6318534805993123
10044,NYU,1,1,10044_S1_R1,37.8,0.0,37.8,37.8,37.8,24.468802105936945,0.6899242200061175,24.52700504503752,23.380213538596504,25.783640343891946,0.3135565949719701,0.022846159227414026,0.31502923632332025,0.27711838115359794,0.35762445912461704,0.46406351029328535,0.020515959315294686,0.46512832775386576,0.42607159944836903,0.514133873212704,0.5892488244877779,0.004230706213406174,0.5897475169404921,0.5787477954144472,0.5954794393390856,0.7172004664943811,0.009639716886704194,0.7149239877600878,0.70272724813565,0.7392665210032043,0.5818074024505784,0.022642986538576392,0.5827618817372164,0.5374656934852355,0.6173595661822882
10044,NYU,1,2,10044_S1_R2,37.8,0.0,37.8,37.8,37.8,24.749929017975198,0.5362915879795923,24.726820224837255,23.611790564499405,25.98211188630054,0.3177360504004731,0.01999231310780859,0.31778281019071475,0.2747881663421765,0.3589840684908132,0.4745560072191411,0.02694688602361606,0.46830473183544047,0.4261969562319485,0.5282871911067054,0.5885934504204273,0.004302542574877454,0.5897150283115173,0.5758702311333787,0.594843590457624,0.7190733080098212,0.008326277715513619,0.7189687318964366,0.6994869092200124,0.7338616101998198,0.5723798374840935,0.015877736715560163,0.5745860120241637,0.5434706824365614,0.6042270590106413
10045,NYU,1,1,10045_S1_R1,37.8,0.0,37.8,37.8,37.8,24.792702903310527,0.7404527512352294,24.55165677196101,23.817477971629092,26.300859338986246,0.3237019410426296,0.023777971658869426,0.3180788221439491,0.2852725102606283,0.3687952701602267,0.4893278650677282,0.026480154304425327,0.47866943425755837,0.4460599508733998,0.550410772746927,0.5860487745545158,0.005354053563580555,0.5879142300194904,0.5727884526130058,0.5923883783532901,0.7197110355769701,0.01083268298398071,0.7173234380189012,0.7019093683760439,0.741161401619727,0.5792392967408104,0.023558823226244457,0.5836898806101098,0.5302034198656882,0.6144875480284833
10045,NYU,1,2,10045_S1_R2,37.8,0.0,37.8,37.8,37.8,24.452190174965587,0.7993591081707256,24.448948179420672,23.02938391283939,26.08929821441048,0.31201223664614036,0.025792112830987944,0.3103616800622514,0.2691888584393174,0.3631609094037,0.47697252494970843,0.03715465995819111,0.47277227722772275,0.4219480655646035,0.5701408080010528,0.5874493065358106,0.006689610126658945,0.5887125220458544,0.5686577554998571,0.5955722639933152,0.7125856152674998,0.010128917357246631,0.713281632596037,0.6963098853685921,0.7351491091878745,0.5909517731804412,0.020376131597233327,0.589679739087513,0.5584620993604105,0.6342900693997537
10046,NYU,1,1,10046_S1_R1,37.8,0.0,37.8,37.8,37.8,25.499506086857476,1.0112132655343933,25.506582556900224,23.382946823145215,27.185558990428323,0.34630650408972374,0.030894034340077516,0.34877628047157705,0.2838149362930416,0.390221564450237,0.5010432632847849,0.03100525283759143,0.5026731288098332,0.4320460623337402,0.565508892315042,0.5805243312623779,0.008477435640671764,0.580984869581354,0.5618861969739259,0.5950524459296385,0.7287414963151417,0.011993824861611567,0.7298637299099322,0.7045522166170419,0.7490815279014157,0.5552867152874065,0.03052113941580609,0.557441577281304,0.5043982550115912,0.6224389181665576
10046,NYU,1,2,10046_S1_R2,37.8,0.0,37.8,37.8,37.8,26.714526702293252,0.9227684636584665,26.765451345318244,24.796506936299174,28.3246853495899,0.38054784444870454,0.026901262811566233,0.38427035960386074,0.3271601200702696,0.43160317165583917,0.5405471161196459,0.03770471104068789,0.5506216902093931,0.47504641036892026,0.6109529915866513,0.5719984827970237,0.010111756734611442,0.5720737027754428,0.5492462638076783,0.5886475447878873,0.741991247155036,0.00844809504253962,0.7425804677031902,0.7251177358805959,0.7559246324434554,0.5177891246784088,0.02855714343063963,0.5218734636110238,0.4658668372532147,0.5735274770106489
10047,NYU,1,1,10047_S1_R1,37.8,0.0,37.8,37.8,37.8,24.525419901016623,1.1738842020327156,24.343529422032205,23.243588941975645,28.40910056703969,0.3150961807880519,0.03543815924300183,0.3108202285183188,0.2745945416049139,0.42598348161195054,0.476391966124265,0.04164667319219532,0.464635048495808,0.4234403476797981,0.5939279153878627,0.587556342964684,0.009787978854634156,0.5906525573192165,0.5514471363594045,0.5957486308363481,0.7162291586365619,0.012850982517147664,0.7133219936810163,0.6989250848274646,0.7473438564013509,0.5854451159519991,0.03502716122620917,0.5943839794312703,0.4735688497581312,0.6243773729115335
10048,NYU,1,1,10048_S1_R1,37.8,0.0,37.8,37.8,37.8,25.971906063431188,1.0895599574529908,25.427369075699858,24.544384178989812,28.279161101265956,0.35601671874853613,0.034345375334645045,0.3485704902915949,0.30759348361386013,0.42921453534356196,0.524474850504472,0.04441687172497772,0.5290300267253576,0.45941911147248177,0.6089257551862186,0.575335881210042,0.0141217852477982,0.5803211733036178,0.5433333333333481,0.5909217488164797,0.7286862324429795,0.009257077307553476,0.7278237951473205,0.7058535048531,0.7517415002640155,0.5470650404819618,0.022981142367511972,0.5549102155719419,0.49747798737627125,0.5778680649085218
10048,NYU,1,2,10048_S1_R2,37.8,0.0,37.8,37.8,37.8,26.34662687514525,0.8945684392128082,26.408636862980693,24.72669576657446,28.541710431952225,0.3715463070301787,0.02778350549742813,0.3700958860093931,0.31793113159941816,0.4308056607487265,0.5337291019640947,0.03153614918680552,0.5345188094328988,0.4737987713088409,0.5861738639836386,0.5753581591270561,0.00915985036560387,0.5760605216745527,0.5534010953309257,0.5900120672050426,0.740115110999493,0.011350793508228384,0.7412049488232616,0.7206450129490155,0.7611152171649331,0.5308560324924714,0.025807684701713924,0.526304911202755,0.45477933566970635,0.5766856165557677
10049,NYU,1,1,10049_S1_R1,37.8,0.0,37.8,37.8,37.8,25.27864806967941,1.5580434792099211,24.90824614261326,22.848937902011368,28.503985868629655,0.33467619230048895,0.04995549864382064,0.3150535121992551,0.265894875707949,0.43144292258634537,0.5002729799456689,0.05838708056191973,0.4865840945194599,0.4089416979967454,0.6337069612785584,0.5827475457481455,0.012240198076393463,0.5879606423465996,0.5484191961385028,0.5966954423094757,0.7249058219752033,0.021283297767934233,0.7192204003716477,0.6910210964329716,0.7690064231368542,0.5609754681093847,0.04833524945337356,0.5676583529580971,0.4540641052880283,0.6336920135302053
10050,NYU,1,1,10050_S1_R1,37.8,0.0,37.8,37.8,37.8,24.30577816852857,1.509588194418637,23.857723640140733,22.48409125836272,27.89736230498866,0.3081358104206325,0.04591108654761396,0.2958436726626486,0.24967169292021488,0.4084249584122823,0.4746173305120234,0.06164729267446548,0.45872582718900057,0.3958820678173273,0.5951927413578117,0.5861337571258873,0.012479191361879034,0.5925090504037819,0.5530446486586847,0.5975122992666856,0.7083912854658394,0.015504533863594249,0.7059094070754062,0.6852159532129135,0.7305560846117451,0.5965412858037572,0.03862428824942374,0.6034599002175794,0.5026654941861061,0.6455852880281381
10050,NYU,1,2,10050_S1_R2,37.8,0.0,37.8,37.8,37.8,24.632113379889088,0.6276588890543435,24.56050100640247,23.741445077720442,26.043236888082404,0.3164765461226158,0.022274467741913714,0.31559722981516924,0.2846360046543732,0.37005199330568933,0.4766883472023666,0.022406521740880234,0.48119005493993855,0.4365205129458084,0.511071996366114,0.5881144431961064,0.004444560086736129,0.5885361552028143,0.5783486494012738,0.5943562610229252,0.7189062699150569,0.010235249655800374,0.7183890631902683,0.7044707898514727,0.7470301136804961,0.5801021789267364,0.020594099298951552,0.5844853436903713,0.5332152806627023,0.6175034693325837
10051,NYU,1,1,10051_S1_R1,37.8,0.0,37.8,37.8,37.8,25.380705376859154,1.331448565331878,25.044085793746145,23.694896485930993,28.21565982040606,0.34227377160342143,0.03944489197736152,0.3335038665644601,0.2869273937578323,0.425013932231373,0.5069195721317556,0.04712277742643763,0.49342983300687226,0.44749398418700587,0.613450437369409,0.5802444169171229,0.01539505382873716,0.5872366100436183,0.5434270862341052,0.5942634363686937,0.7235324926837127,0.010405725341722953,0.7231226031892456,0.7071481554526617,0.7441274774711855,0.5648941064719079,0.03248742884354556,0.5722158951302552,0.48309347964169685,0.6123965408452804
10051,NYU,1,2,10051_S1_R2,37.8,0.0,37.8,37.8,37.8,25.45671288468444,1.4555577346286643,25.020767712593077,23.544580296779934,29.687585676971235,0.34390486651990015,0.04100286963288536,0.33408630730259176,0.2788930588348974,0.4569360491391099,0.5052233981995117,0.04891772242449348,0.4890625513052044,0.431556688848809,0.6434787636973429,0.5805101286330159,0.01549357312077455,0.585858163928332,0.528199466921289,0.5948853615520259,0.7273221591075618,0.011466702943893476,0.7264855654306881,0.7008338134696362,0.7504405179523964,0.5588796942751038,0.036136757166972344,0.5663594876979593,0.4667729728867901,0.6169195117076702
10052,NYU,1,1,10052_S1_R1,37.8,0.0,37.8,37.8,37.8,25.033847580782513,0.7426987117763851,25.190368881978486,23.514996311539097,26.33096003720635,0.33003225113384127,0.0248649929689613,0.33384941728263595,0.27855943716416104,0.3762087775412199,0.49555000433367696,0.03041678139657054,0.5056698354497727,0.4343764215443318,0.5482425000902517,0.5845669409795171,0.005410151237094856,0.5853661932609178,0.5744314489928405,0.5944212382808853,0.7232260681649938,0.011040238740945691,0.7234085241468889,0.7030830735643933,0.7426598394520711,0.571589995195611,0.021578416169159155,0.5717576778489413,0.5304169985285977,0.6131006514202815
10052,NYU,1,2,10052_S1_R2,37.8,0.0,37.8,37.8,37.8,25.43828189568814,0.7165592528273066,25.33039093707737,23.980541289793816,27.04519939736316,0.34363716275980477,0.022743232977976976,0.3388776428875068,0.300146025148423,0.39059168011636797,0.5135869841677223,0.03344321591094874,0.5104860704634047,0.45705024311183146,0.5749587954297846,0.5818329348274793,0.006843393691387294,0.5837371205792175,0.5657987561496187,0.5920634920634825,0.7290965624519512,0.009521881486584678,0.7267754062299281,0.7136742191574355,0.7495124464594595,0.5616179617690256,0.01966690477923161,0.5609149542069973,0.5110802348594219,0.6014601114914299
10053,NYU,1,1,10053_S1_R1,37.8,0.0,37.8,37.8,37.8,23.725445546839936,0.5185939930375995,23.787144619226456,22.93815490383851,24.79843589318426,0.2888336871006286,0.017510968666993035,0.28657398380385796,0.26374627626459174,0.3275911884957378,0.44875639159844144,0.025762339979453173,0.4508151499268986,0.4133980815516986,0.4935641922545038,0.5924810429650066,0.003241333121584066,0.5929174788823883,0.5859834772115434,0.5966397475169392,0.7057151131163174,0.008214403514006857,0.7033326425171239,0.6939242782213342,0.722683478052728,0.6085601032004034,0.013719741212508598,0.6080147424802512,0.5755341276389515,0.6304152831314865
10053,NYU,1,2,10053_S1_R2,37.8,0.0,37.8,37.8,37.8,25.942960468480894,0.8959906747123842,25.878330977339495,24.28304141446164,27.35622574028216,0.35444337172479673,0.028958076242378058,0.35472782681890136,0.297190253747772,0.40555907242750705,0.5197893306477945,0.031371998348933665,0.5314205096977627,0.4567877179426882,0.5616089892575444,0.5798921633585766,0.006841933431266021,0.5794207741576011,0.5682567529935902,0.5914415668801551,0.7329467740732623,0.013332210231571221,0.7334509947737252,0.7092854731831238,0.7594633884276433,0.5397601847831134,0.028379055746078345,0.5394494778795914,0.48633439770916054,0.5898617910429217
10054,NYU,1,1,10054_S1_R1,37.8,0.0,37.8,37.8,37.8,25.667175354769356,1.5930501788125644,25.272832387372066,23.832750658298792,29.16639374682778,0.34392019359041254,0.04436931976581228,0.33102571553477583,0.2881768995920307,0.4349564160137798,0.5207403647822635,0.0699649933044778,0.4991719639740634,0.4364586759221032,0.6712851828455113,0.5766043369690372,0.020372093767186322,0.585607537361921,0.5255469361233897,0.595210247841827,0.7208220062019819,0.010965559749599148,0.7208653201370785,0.7028371742687551,0.744250088831126,0.5592270294160729,0.02914767029152474,0.5641145460454908,0.5080631686100153,0.6010823107784885
10054,NYU,1,2,10054_S1_R2,37.8,0.0,37.8,37.8,37.8,24.615261049582173,1.2824118589671674,24.306042639832746,22.553762895496266,26.830592278430338,0.31467700405136984,0.040070309587563614,0.3036614278338851,0.2561220393688497,0.3877822803733665,0.4710498335450351,0.04173702678398705,0.46907290470723306,0.4051907340596031,0.5475424896646761,0.5871858765688124,0.008875559061976294,0.5895293790030607,0.5671215074723748,0.5971966954423069,0.7156091324946672,0.015844124766288596,0.7104351764433076,0.6922544250929565,0.7448280143391645,0.5790965085079901,0.038797288287659576,0.5934699732591369,0.5183918374390099,0.6445342643451505
10056,NYU,1,1,10056_S1_R1,37.8,0.0,37.8,37.8,37.8,25.620276405320194,1.139708536883035,25.55648167698007,23.73305211224054,27.69471412206951,0.34706722473637613,0.03662666750131622,0.351396488089048,0.28365828935199155,0.41970572164286285,0.5198177967715906,0.05029357470685429,0.5223695295526094,0.4340860904982425,0.6146060675017325,0.5777964707426202,0.012754617081956394,0.5812262136823421,0.5513413162535844,0.5948018193632201,0.7260232488445758,0.01105135088829435,0.724764749116234,0.7071892023357851,0.7541090926328986,0.5580564044028394,0.025193642436509876,0.5581524025029506,0.509165612265646,0.6012907356032088
10056,NYU,1,2,10056_S1_R2,37.8,0.0,37.8,37.8,37.8,25.174760031862398,0.9830351209220748,25.083948087064844,23.550049498520398,26.738208086867083,0.33368720830721615,0.031396821135114564,0.3320768441015156,0.27911346730879816,0.3844098504876942,0.5029377464171269,0.03753474605037031,0.5037551778870349,0.435730499811996,0.5777057314425869,0.5832396124410576,0.008521429195551872,0.5837046319502365,0.5672561032210032,0.5946532999164549,0.7229729232515661,0.012644747399632374,0.7233591137984958,0.702555259044707,0.7461388721403188,0.5673930285942845,0.027580078907942156,0.5739822223039763,0.5185839276863519,0.6103540430756805
10057,NYU,1,1,10057_S1_R1,37.8,0.0,37.8,37.8,37.8,24.36006146105794,0.542074666119711,24.36267193053898,23.468159257738215,25.44335143754357,0.3063163734588184,0.018182082574169096,0.30702604213168133,0.27813890113010653,0.34056322634104025,0.464825681275664,0.024424570927428096,0.4697084781308185,0.4253941757378521,0.5102296268016848,0.5899682155580479,0.00370832763158279,0.5892601875057972,0.5811055416318565,0.5946997122435678,0.7129601540223306,0.0074785925955260105,0.7133552796767467,0.6996184325734838,0.7266455936638944,0.587072893179157,0.015078518619790017,0.5842563699261786,0.5574737876844552,0.6141878024312123
10057,NYU,1,2,10057_S1_R2,37.8,0.0,37.8,37.8,37.8,24.602975561571206,0.5035279334398785,24.749055040510076,23.517626672355753,25.705101902861344,0.3158182555696006,0.01749764515076502,0.31834815142363865,0.2790466071241206,0.35113995807596654,0.4829875628900331,0.025508921021927995,0.4825639084001358,0.4383824566056435,0.5347317344972489,0.5873769673225122,0.004492141577032417,0.5876218323586633,0.5750069618490522,0.59437482595377,0.7150906692960066,0.006561550745369532,0.714917135459576,0.7024742712409172,0.725953988259911,0.585286359092879,0.012214434242569553,0.5853709198644452,0.5670257347302661,0.6143517559848102
10058,NYU,1,1,10058_S1_R1,37.8,0.0,37.8,37.8,37.8,25.78597603281267,1.0109531442855744,25.431979814956062,24.0450621008873,28.172498409371627,0.35373699101469386,0.03183345588414039,0.3447953377048448,0.3038185650607755,0.4242878275190349,0.5284299537329172,0.040789595275475585,0.5282785314390916,0.44809317666460524,0.6123364657720245,0.5776030753768131,0.011063498663167328,0.5819316810544806,0.5467186484730421,0.5922677063027871,0.7304282163400566,0.01161058460038086,0.7312945318402767,0.7119964173043275,0.7526724155021758,0.551457690148305,0.02563636626016569,0.5594197634035948,0.49874363654637793,0.5897168582045444
10058,NYU,1,2,10058_S1_R2,37.8,0.0,37.8,37.8,37.8,24.618911527559675,0.8976559511409873,24.323482970187538,23.345462816326243,26.30879175349286,0.3172762716961148,0.02756607246779933,0.3075238161914953,0.2837287322865591,0.3732944779438525,0.4913282242549625,0.04327588137993813,0.47082352012420564,0.4352405232582438,0.5781509838754534,0.5868216198222169,0.0075473401661559384,0.5896686159844017,0.5707880813143835,0.5953680497540104,0.7163948107829596,0.009964294627146503,0.7162149379769064,0.7005548197355226,0.7403312760474133,0.5859176937572156,0.0229483648320689,0.5956700748103935,0.5293030904017262,0.620629116418932
10059,NYU,1,1,10059_S1_R1,37.8,0.0,37.8,37.8,37.8,24.934987722529257,0.9310299529235712,24.72857932479758,23.625933895613016,26.904074495717097,0.3278643486459162,0.03043154997827254,0.3204602122181882,0.2875011466759013,0.39421214685758754,0.5072556751582014,0.04776349317210306,0.5036072195196302,0.4381556578347224,0.5948030982723561,0.5823823927635117,0.010883378528457494,0.586048454469497,0.5571447136359355,0.5944212382808847,0.7167875861761045,0.008710886982527864,0.7152971071173209,0.7037266356673104,0.7423244226079636,0.5826146356262003,0.018684683619075458,0.5841894189051949,0.5413285169087556,0.6148466535163636
10059,NYU,1,2,10059_S1_R2,37.8,0.0,37.8,37.8,37.8,25.53686691658899,0.47426007244637386,25.498359341997848,24.384218345190348,26.539981428573007,0.3450779606888774,0.015588462469295267,0.3485534474869719,0.3104178492814104,0.38359655275341215,0.512514169683965,0.02622195379937,0.5097631593822423,0.4677369805927687,0.5687173080515598,0.5808928771481621,0.005379786160655154,0.580232989882107,0.5681286549707523,0.5898449828274328,0.727769915361045,0.006865646859303789,0.7285140325697517,0.7122345965268579,0.7369685129125223,0.5571595117315685,0.013441292819336561,0.5573536001318048,0.5231825966086104,0.589718424785904
10060,NYU,1,1,10060_S1_R1,37.8,0.0,37.8,37.8,37.8,24.240547540075333,0.9254515112463114,23.952513301999947,23.059176129730123,26.40561926992316,0.3017930390147965,0.02899406007773652,0.29376660826109885,0.2603180401360581,0.36995281533202434,0.4627522601033091,0.03823066835520681,0.44864237829963444,0.40847815960153366,0.5451070917219414,0.589718677280681,0.007096930729762811,0.5924719205420951,0.5697614406386269,0.5979949874686696,0.7124411199347699,0.012514210925006392,0.7091549712569368,0.6943657927003579,0.7408429669173062,0.5907795645857554,0.024892546057786465,0.597418228914664,0.5359722821136863,0.6208796900681751
10061,NYU,1,1,10061_S1_R1,37.8,0.0,37.8,37.8,37.8,25.634873644431575,1.268121027837316,25.521476571810872,23.4175869273512,27.629468809930902,0.3447942317011876,0.03762178975327958,0.3442685383901755,0.278804048757528,0.3973022992276153,0.5021921799403489,0.04986674862081777,0.5005860977611065,0.4236080734862213,0.6111981786413936,0.5807880813143902,0.011441834395297952,0.5808317089018766,0.5555416318574167,0.595776478232615,0.726725270891125,0.013361295595909218,0.7261774468246613,0.6991760346120329,0.7449761677200653,0.5466836468626305,0.036368643537898766,0.5459909028244763,0.49795622479049184,0.6123132398336985
10062,NYU,1,1,10062_S1_R1,37.8,0.0,37.8,37.8,37.8,25.29427185357158,0.8874927527384863,24.96868304265173,24.10256885666596,26.77995612182115,0.3359430964940813,0.030885698830766768,0.32648728380606723,0.2884528920351798,0.38583083235600923,0.5045789190277833,0.04320961932118808,0.4913776802934614,0.43860464471019117,0.578718021619677,0.5825653533578433,0.00912130040266234,0.5845864661654124,0.5652594449085545,0.5941149169219276,0.7234599587110482,0.01052638457942539,0.7228566716088591,0.7084516019371372,0.7444314884490802,0.562467409436674,0.020698632502316693,0.5605796525186896,0.533994209816183,0.598525069862712
10062,NYU,1,2,10062_S1_R2,37.8,0.0,37.8,37.8,37.8,25.502963561933832,0.6247432661778419,25.51884748559249,24.345883872634484,26.700893587187718,0.3430995426004114,0.020228345920834674,0.34202991787895537,0.3110745064133814,0.3841127509232582,0.5177874604036521,0.030558256510059077,0.5188482843228372,0.4706090580605518,0.5827645920342264,0.5798356043365044,0.006484121325276308,0.5802747609765075,0.566908010767642,0.588434048083169,0.723964279078366,0.007242275574317703,0.7238191552518287,0.7111774140768277,0.7423586409245377,0.5616875908853254,0.016072336695056297,0.5607878155244888,0.5221878411377482,0.6005028859083781
10063,NYU,1,1,10063_S1_R1,37.8,0.0,37.8,37.8,37.8,24.746349694551444,0.9303471759772108,24.54108972925889,23.52508048164217,26.834573199874477,0.3168409779829298,0.027685361149888968,0.3134686988066216,0.2691262552409535,0.37747646811303653,0.4952172519915946,0.039613267751571445,0.5023476782017154,0.4270575253482126,0.572240931927345,0.5858495216329386,0.006800910900428272,0.5866332497911361,0.5652232432934067,0.5952659426343608,0.71536737302488,0.011879265138181133,0.7135913184304754,0.6983340116836856,0.7382400521584024,0.5832565329530432,0.02673807532839809,0.5924418314822502,0.531914462421771,0.6106775200091441
10063,NYU,1,2,10063_S1_R2,37.8,0.0,37.8,37.8,37.8,25.932072290578038,1.4162912504679521,25.544884096948724,24.101211773721797,30.24720284562362,0.35760561888571624,0.04275238020020738,0.34610163775487385,0.29804051395448833,0.4754268608122718,0.5277844180888627,0.049213285177062464,0.5313423845903271,0.45343976188865587,0.6531705012384211,0.5743538032272781,0.016665915960139152,0.5793790030632092,0.5186911723754074,0.5910795507286688,0.7291450363757669,0.009675127703150297,0.7269229094034191,0.7133310020667238,0.7473003297465395,0.5482245788140007,0.03199680588635963,0.559661353364757,0.4691971154240837,0.5936333910531235
10064,NYU,1,1,10064_S1_R1,37.8,0.0,37.8,37.8,37.8,24.783664039896966,0.7071663783899603,24.952160814561342,23.20871770915232,25.878066960134003,0.32261065792996274,0.02269918393007371,0.3284783374591744,0.2730677230116992,0.3531346315105049,0.48173404309362416,0.024286383944686886,0.48630507523693123,0.42471346655796777,0.5147537999453901,0.5867620840095038,0.004556405234267362,0.5868374640304412,0.5786271233639606,0.5951545530492859,0.7198911470747,0.010550126775202498,0.7186276995177918,0.694634419750548,0.7366412152282008,0.5765783199884367,0.02268672201534617,0.5717105062981894,0.5404526455792104,0.6218721721090005
10065,NYU,1,1,10065_S1_R1,37.8,0.0,37.8,37.8,37.8,26.186241841143143,1.3061074085302329,25.86272667207216,24.10483496753793,28.552370154230218,0.36717101680234143,0.03932055979659056,0.35483161248082173,0.30816083015520235,0.4559612169006098,0.5519685001415828,0.0480690103849699,0.5455488678008883,0.4812415317223326,0.6778149335353293,0.5717639885153428,0.014699798715383969,0.5767474241158318,0.5305597326650014,0.5901327392555438,0.7289397465049191,0.015157650307200624,0.7311475275812828,0.6872296574528466,0.7640448209257821,0.5514902349632819,0.03444193015822688,0.5594929323492526,0.4724444750689159,0.6118599793533201
10065,NYU,1,2,10065_S1_R2,37.8,0.0,37.8,37.8,37.8,25.36514180311274,1.1701365481380817,25.287601457144085,23.511990688349073,27.47319702600178,0.33941673792985244,0.037474924962482156,0.3349241143182731,0.27718498468696284,0.40664324650013695,0.5174039495029018,0.05473605356184027,0.511402678882637,0.43605564815129766,0.6224818890491548,0.5803840700089861,0.009876353036698787,0.5823261858349413,0.5633249791144497,0.5947739719669499,0.721891482672405,0.015687541511229225,0.7186417912373276,0.6986773766322139,0.7582932305173972,0.566747932435387,0.03236636360480587,0.5731098151744757,0.4991134104174978,0.6104396629453004
10066,NYU,1,1,10066_S1_R1,37.8,0.0,37.8,37.8,37.8,26.600904646499618,1.098300197724147,26.896394626717818,24.22262920392187,28.298560368387324,0.37666177874569384,0.03333798179554631,0.3837670706064173,0.29790685550554835,0.428169729840422,0.5374035446376797,0.03989555845652976,0.534609240207042,0.45243765903307887,0.6128403468529167,0.5720411821379718,0.011938986101988007,0.5728812772672375,0.5476274018379267,0.5918964076858775,0.7400389010517955,0.013470905580405382,0.7402573301009782,0.7114625092725004,0.7636807043286093,0.5201608823898171,0.03461067227766962,0.5087083824595114,0.4688624967243372,0.5844952822063534
10066,NYU,1,2,10066_S1_R2,37.8,0.0,37.8,37.8,37.8,27.475685975015054,2.0288381873543946,26.670433511859493,25.198090497443552,32.125552462904075,0.40137519830244206,0.04870584069716213,0.39399422495821373,0.3332703568778389,0.49727821584446885,0.5556143623412595,0.07387147655112788,0.533801801311529,0.47662350028565986,0.7171215987675307,0.5603157516731765,0.033448679339337976,0.5743803954330285,0.4811106911901105,0.5872876636034536,0.7416943469077817,0.02120112218294752,0.7463244903057752,0.6786354325105507,0.765354292352957,0.5034933946323804,0.031236557650881937,0.5082237550920844,0.4459988354773483,0.5587905327976995
10067,NYU,1,1,10067_S1_R1,37.8,0.0,37.8,37.8,37.8,27.279841835323563,2.057311622547861,27.351582575471777,23.875795944740897,31.158771388154282,0.39906230239110885,0.06070392206160892,0.4074690416931869,0.29119073673346085,0.5075647141966698,0.5573626151746642,0.06231050695151245,0.5719272572915852,0.4540982719190224,0.667526461333079,0.5644206049698213,0.02113415515034721,0.5671215074723823,0.516989364946769,0.5932330827067579,0.7452989768211943,0.019457454750058226,0.7481560695803489,0.7082244978987765,0.7839178670642368,0.499532531976796,0.06082584254699227,0.496630276152431,0.3846372535553393,0.6069456425957347
10067,NYU,1,2,10067_S1_R2,37.8,0.0,37.8,37.8,37.8,26.317481016615123,1.9994747615056419,26.282473667671805,23.155997243680453,30.26671024121736,0.3721123165139873,0.060539422946440886,0.37878201438963527,0.27891745179019534,0.4793931687629714,0.5282484660644294,0.060313697608459005,0.5280896165238006,0.42661930631007106,0.6404825092837415,0.5716743555659776,0.020012907388377184,0.5773925554627221,0.5277185026057426,0.5948853615520217,0.7356844479050523,0.01774394343491331,0.7380791050928055,0.6996435611719822,0.7605904839386108,0.5328929892568606,0.05754475563936542,0.5315238606528099,0.4167479653007902,0.6272757719317309
10068,NYU,1,1,10068_S1_R1,37.8,0.0,37.8,37.8,37.8,24.789746601330606,1.0847542441937525,24.457456913747286,23.583717295370604,27.67202883896075,0.3229821310162024,0.03474984705075502,0.3116173530720879,0.2772139114530341,0.41318469183633144,0.49495440782988726,0.05811263602464213,0.47247146651353095,0.4305988111175079,0.6391682265323191,0.5837291824708605,0.01267640547723303,0.5893994244871398,0.5467836257310057,0.5957300659055015,0.7165520647543188,0.00822662461991721,0.7171041569403243,0.7009709912078165,0.7320636923362728,0.5823512582979415,0.019544993291391873,0.5836532510047303,0.5413009363241894,0.6108903367168822
10068,NYU,1,2,10068_S1_R2,37.8,0.0,37.8,37.8,37.8,24.39439474452429,0.8135809898673055,24.25339519350152,23.084609468673406,26.044509227024882,0.3096902511156363,0.024179808376026915,0.3069570462700021,0.2646166357758787,0.3582892043304262,0.4783938859046347,0.03938124176123742,0.47251915047616494,0.4126216653703042,0.5733494741963038,0.5886209777316804,0.0061679627769885515,0.5900584795321563,0.5736981342244375,0.5961199294532604,0.7135196532897449,0.011383914075578786,0.7114770652682273,0.6935113754699679,0.7414117560675081,0.5908832081628174,0.023385944469448305,0.5929929088961942,0.5345182752184335,0.6240565045518618
10069,NYU,1,1,10069_S1_R1,37.8,0.0,37.8,37.8,37.8,25.5738651272714,1.3158435429111592,25.141878469366777,23.602157885149907,27.976421685595263,0.34643906405379127,0.04003319280432325,0.3301462668372381,0.28145210018939354,0.4216603778660929,0.5202258316934375,0.05429953952220444,0.5030061848557278,0.44200061494311776,0.6109039927747789,0.5767182003540079,0.01366597302246462,0.5828320802004899,0.5517553142114644,0.5943748259537708,0.7220472087943606,0.012095540090633647,0.7200370326649778,0.6991085313040842,0.7502416480257335,0.5621257078652306,0.031068727811779575,0.5699510255752251,0.5002243954602207,0.6130542288813143
10069,NYU,1,2,10069_S1_R2,37.8,0.0,37.8,37.8,37.8,24.72116326055812,0.572166128155663,24.84821774708597,23.42624011541668,25.949984337154188,0.3162644434212623,0.017766886924128873,0.31689339178203846,0.2804522462582515,0.3617492095448425,0.4855690618913451,0.02864227571553029,0.47590410074265416,0.43340862422997944,0.5514100259521071,0.5873038278966819,0.0045444768072895915,0.5883783532906309,0.5741529750301453,0.5947089947089904,0.7182545638551481,0.007214738025693306,0.717972178987191,0.7031120710422301,0.731179969637668,0.5779521294015214,0.015751026432420785,0.5744154086022681,0.5553635902472507,0.6122988960497959
10070,NYU,1,1,10070_S1_R1,37.8,0.0,37.8,37.8,37.8,25.274402274010185,1.3456888746916278,25.380365180341823,23.11755793314231,27.265264029251902,0.3365432648511793,0.042383123419753435,0.34047423280694894,0.26964427873967645,0.4006222333146951,0.5134833707596554,0.06275840213222744,0.5329421565431562,0.4187165887801358,0.603657634860908,0.5802350704346992,0.01227746934676404,0.5824979114452625,0.560247841826782,0.5958136080943074,0.7193653613291997,0.013923736860878522,0.7203431112608685,0.6968967125699534,0.7452999976757634,0.5714372360371157,0.030930035077922708,0.5735309046677844,0.5270953497425888,0.6280117817424327
10070,NYU,1,2,10070_S1_R2,37.8,0.0,37.8,37.8,37.8,24.87479454481234,0.6437909706615151,24.94457315143786,23.489962268816797,25.915531239384098,0.3296316101774592,0.021727968411905507,0.32970388703334885,0.2860963809042948,0.37321715427937585,0.49580478865642735,0.021020963705998784,0.4995683652701025,0.44634219769192174,0.531104213182305,0.5844731560702446,0.0049358305091485345,0.58449828274389,0.5740230205142294,0.5939942448714355,0.7201745173734246,0.011080752976994809,0.7206348283988506,0.6997916134053763,0.7503222423413921,0.5797733052857449,0.020481404543100466,0.5766523909847638,0.541801533736216,0.6211365432750545
10071,NYU,1,1,10071_S1_R1,37.8,0.0,37.8,37.8,37.8,24.95990626205117,0.8412676210076081,24.77550373202876,23.709907050195493,26.955945037540637,0.3288615202707906,0.026854062902533397,0.3213315697218089,0.289798791201617,0.39569827247934747,0.4932733375260651,0.03352382657694926,0.485575906671023,0.4367051661593629,0.5845418429637286,0.5843574133289748,0.008647159196058856,0.5874222593520815,0.5552111760883559,0.5939571150097439,0.7202363455124734,0.009356314686103902,0.7230575358981656,0.7029441007480429,0.7403473066141646,0.5755068130045192,0.021555148456680176,0.578456780579189,0.5331680963312275,0.6128266767086474
10071,NYU,1,2,10071_S1_R2,37.8,0.0,37.8,37.8,37.8,24.714868017268483,0.5689025045195457,24.667114723983563,23.556008064746855,26.180763949218548,0.3201351257979444,0.018437882352396667,0.32145478550224127,0.2855327569814321,0.3605002747504016,0.48307887040794273,0.020668353527808863,0.47966966458851246,0.4475404522002215,0.5267599577144291,0.5872129237525433,0.003989360104804547,0.5881741390513296,0.5769469971224297,0.5935950988582517,0.7191669065855074,0.009228678671613122,0.717718763469056,0.6996997216798547,0.7393798710715546,0.578938354992979,0.018514094073853873,0.5785889241795658,0.5328656326426466,0.6197501612519594
10072,NYU,1,1,10072_S1_R1,37.8,0.0,37.8,37.8,37.8,24.792956554078362,0.7349866122384129,24.827220415441612,23.48897270936715,26.20985095061754,0.32529220498307854,0.02336823074092401,0.33064877042305674,0.2843806688000205,0.36606664444173304,0.49650354206873315,0.03982204565468905,0.5075841884887574,0.42469652754375525,0.5442431692721622,0.5857654993166106,0.006680391419940065,0.5864104706209838,0.5742457996843912,0.5960920820569905,0.7195502531729858,0.009618130473815668,0.7213552747088332,0.7015230146708258,0.7355954135330832,0.5800999182246513,0.017128561914707935,0.5818692461855396,0.5390073263190378,0.6085506779657569
10073,NYU,1,1,10073_S1_R1,37.8,0.0,37.8,37.8,37.8,24.69471060918161,0.7745353679200313,24.745812494503824,23.051365259760306,26.67232715330626,0.31927007453066303,0.023803922344570953,0.3183853454876994,0.2655958135547938,0.3784604971851696,0.4867938906931466,0.027902017196108183,0.48274354188150215,0.42650941250267105,0.5492278453778299,0.5872502136567391,0.0056036919338005925,0.5876357560567975,0.5708066462452266,0.595600111389583,0.7173412649930232,0.00900208796830498,0.7188290389991524,0.6934623898752481,0.7343664258406098,0.5817262451060032,0.022796383372709932,0.577482894531899,0.5288070595121689,0.6324264851611692
10073,NYU,1,2,10073_S1_R2,37.8,0.0,37.8,37.8,37.8,25.09380337044245,0.7991741453200509,25.091751007029885,23.24616630516554,26.46779562172137,0.3284584939158566,0.022319867360465248,0.33258300429558924,0.27193278858897735,0.3706912761007096,0.4838006246879299,0.02681721398515564,0.4834709925327312,0.41897491973060125,0.5515966623244023,0.5863719003767323,0.00446998233630336,0.5864754478789546,0.5747470528172259,0.5956186763204258,0.723654605264002,0.0111391688685904,0.7270547385630758,0.697241226170931,0.7381587666455123,0.5619462998978356,0.02719403426675792,0.5589496333397919,0.5248540703548558,0.619413048178331
10074,NYU,1,1,10074_S1_R1,37.8,0.0,37.8,37.8,37.8,26.73099817377253,1.026031411893359,26.52094909705614,25.23490153425618,29.302734651691036,0.3803836432807676,0.029751499966876687,0.3757184401559658,0.3310434571431376,0.4413200258842193,0.5708195684490484,0.037106084150754594,0.5642694155553772,0.4923934856181576,0.6490608976205565,0.5660384678170414,0.013555682947593644,0.5706024320059357,0.5308864754478905,0.5859695535133939,0.7360332050067474,0.012791935901107693,0.7358142879169824,0.7152150226233089,0.7733504239958815,0.5349764296979187,0.024178629555770687,0.5367898499623742,0.4841459938358444,0.577790721244249
10075,NYU,1,1,10075_S1_R1,37.8,0.0,37.8,37.8,37.8,24.551874232789782,0.7488821611926803,24.707220232486726,23.448329973848242,25.64638141958337,0.3140236544193844,0.023949083245302694,0.3169841786575809,0.27751057588743366,0.3501181300081598,0.48047428767665595,0.0396083113489186,0.47501085323092335,0.4285803596857439,0.5529087305007325,0.5878953450036272,0.005967520272149823,0.5884618954794363,0.576673164392448,0.5950338809987893,0.7145931141568221,0.009430587110839099,0.717408166445375,0.6994669030627508,0.7324952628774651,0.5860303994228507,0.019152209038293434,0.5830166867070794,0.5513817194277647,0.6173932659479942
10075,NYU,1,2,10075_S1_R2,37.8,0.0,37.8,37.8,37.8,25.24069918044682,1.0294462695388358,25.05653770283649,23.538854043734702,27.524900938962634,0.3352129937328829,0.03286892752030234,0.33151741985028255,0.27862139640218203,0.4127137775006674,0.5029002269315298,0.04799714373237086,0.48854645491581183,0.4225716630312042,0.6022976103582875,0.5816600889196065,0.011251410811569627,0.5847860391719908,0.5538893530121461,0.5957671957671926,0.7222466203851652,0.010589486599953898,0.7218992800655434,0.7009317480726398,0.7446854340271516,0.5667046428540637,0.02261058387705524,0.5702551859960819,0.5160127467745296,0.6062090324113973
10076,NYU,1,1,10076_S1_R1,37.8,0.0,37.8,37.8,37.8,25.011790622005446,1.7277768781331317,24.300802557091963,22.885413893586712,28.1922161503842,0.3280959273159183,0.054352061972308116,0.31079502217937177,0.26049573487537436,0.4327360186468595,0.48839063307850017,0.06695829697826323,0.4631810193321617,0.4090465964000113,0.6187121453618106,0.5829311145040079,0.014687229337032467,0.5902858999350213,0.5493910702682732,0.5967789844982776,0.7203221016855784,0.020709290946459527,0.7151062556981833,0.6914847771069113,0.7620371515697391,0.569711124106178,0.04775332082946439,0.5909164560966523,0.4902850298488482,0.6308150580088032
10076,NYU,1,2,10076_S1_R2,37.8,0.0,37.8,37.8,37.8,25.692065457596755,0.876840270888781,25.808393514156343,24.301763577837693,27.332872114683454,0.35018575394598145,0.027188099695879587,0.3451087044129743,0.3066670698595082,0.40131215918737245,0.5298102815544798,0.02866031770107969,0.5346618270682096,0.4715653040877368,0.5811446892693908,0.5780809302950802,0.008235670559286815,0.57769887682168,0.558866610971876,0.5904112132182217,0.7268761264364282,0.00798070010926542,0.7274475185812729,0.7161397332282233,0.7438937831982139,0.5573997807994515,0.02476671846148544,0.5557451747978208,0.5172873873725239,0.6002202442647753
10077,NYU,1,1,10077_S1_R1,37.8,0.0,37.8,37.8,37.8,25.628557067125115,0.8343886103082445,25.91823357531899,23.497990957059358,26.662918580205815,0.3462392300178425,0.024488382910685648,0.34741009802612516,0.28946973216271715,0.3824071538177154,0.5073744177408306,0.03067187315570289,0.513881574463603,0.42347092181720286,0.5440238271474392,0.5811874833955816,0.006677461279081532,0.5806089297317345,0.5687784275503385,0.5941984591107353,0.730399887084369,0.010464423461069301,0.730854386043791,0.7050647303450949,0.7481251732772751,0.5476273656047672,0.027033976600825738,0.5400182511805824,0.5064717895637413,0.6147085067937713
10077,NYU,1,2,10077_S1_R2,37.8,0.0,37.8,37.8,37.8,26.911150650817987,1.425830871435674,27.27626937941501,24.52690532207489,28.898674962395116,0.38592377395815075,0.043029205651073,0.39254583929125614,0.3169890231043113,0.44787397435240517,0.5359581410431172,0.04544058145222163,0.5296647752815815,0.4647643840631292,0.6106457017656914,0.5708220743429384,0.014145245943691586,0.572096908939003,0.544631021999444,0.591042420866976,0.7446908014534886,0.015312136922720982,0.7457398610355417,0.7209084346179093,0.7721778925515895,0.5033038427887688,0.0440095266917198,0.5013025442327639,0.4389758302022806,0.5892953473756122
10078,NYU,1,1,10078_S1_R1,37.8,0.0,37.8,37.8,37.8,24.67037838128431,1.0048636269742721,24.518933523956097,22.601936578436902,26.69828905620073,0.31789960091923464,0.0342541629285678,0.3117268471282185,0.25364984355068787,0.3863500333471508,0.4879234154662649,0.044750465618055166,0.4718492094482352,0.41354149343089974,0.598440141631312,0.5853570708380065,0.009579250172940616,0.5897660818713301,0.5616123642439375,0.5975587115937973,0.7137168735585804,0.010534286444953474,0.7148783252927883,0.6891292464254468,0.7319809122291995,0.584796122023769,0.025632720382896625,0.5807347722420019,0.5477696646557847,0.6456799440133608
10078,NYU,1,2,10078_S1_R2,37.8,0.0,37.8,37.8,37.8,26.089300121575214,1.4648174762384132,25.624399387836455,23.764620918349216,28.911782210124166,0.3602086755959614,0.045703738348637,0.3453069858695757,0.28601374563219234,0.4535578428404627,0.528009797353353,0.05081469514796727,0.5120996395302265,0.44558937480458394,0.6204304465426547,0.5756527333659779,0.014607448464638696,0.5827671029425356,0.5418351434140889,0.5934929917386061,0.7322236684309058,0.014836417179086335,0.7283292675758802,0.7058723658399851,0.7581770128867885,0.5385721172735739,0.040444338273368144,0.5474672044063803,0.46397309945971477,0.6087072510003578
10079,NYU,1,1,10079_S1_R1,37.8,0.0,37.8,37.8,37.8,26.129043416254316,0.9496445709477257,26.31250401923531,24.534208386195335,28.534027629149588,0.36632278934922574,0.029163969664296883,0.36816446590336027,0.31523437672589977,0.4349739652214096,0.5575739873014967,0.03267244876541444,0.563076923076923,0.5025326629408796,0.6290028775838855,0.5714346530438431,0.009851082117941362,0.5720829852408708,0.5455759769794882,0.5864940128097936,0.7291975103901609,0.010693294204068036,0.7290667764819242,0.7008638325180518,0.7489501808230968,0.5546470132318141,0.02490522982675827,0.5526816582122044,0.49731431390806946,0.5963379764815819
10079,NYU,1,2,10079_S1_R2,37.8,0.0,37.8,37.8,37.8,25.285663843436165,0.6737588787938902,25.32119913163938,24.03904136482038,26.531322732724643,0.33596798453093657,0.019233419519915078,0.33795543977507836,0.2980185785282897,0.36839293946421126,0.5035728095076277,0.03450445031999761,0.5052675275012107,0.44198609478766937,0.5908458403737203,0.583999110163655,0.006334261738816986,0.5841362665923931,0.569841269841247,0.5939663974751662,0.7259865972635914,0.007828721580771242,0.7266093261389811,0.7084844863391742,0.739455211905329,0.5576120142743753,0.016362166933796187,0.554569797657287,0.5305748353692291,0.5890308868018607
10080,NYU,1,1,10080_S1_R1,37.8,0.0,37.8,37.8,37.8,25.725923438383752,0.5664538380054503,25.85728918564947,24.367014189142928,26.73075659714247,0.3507684836596188,0.01956081112732925,0.3548373101643257,0.2990768295710772,0.38777400526741984,0.5311296014393306,0.02988566378697996,0.5324495844925717,0.45328582739509105,0.5871297109225116,0.5780664944609213,0.006761342923529089,0.5787431541817413,0.564030446486587,0.5931216931216897,0.7265311225175697,0.007558890606885778,0.726911609777391,0.7136926917185983,0.7425029905181864,0.5567793537886575,0.014462331298413487,0.5579450887944565,0.5299637902018686,0.5826845381725335
10080,NYU,1,2,10080_S1_R2,37.8,0.0,37.8,37.8,37.8,25.59375412340822,0.8817517737274327,25.671184138247842,23.195238436523237,27.01066039800644,0.34572583565145115,0.030209448847678212,0.3465623221115948,0.2739562015352617,0.3943441121598482,0.5209454833185427,0.038513913497957464,0.5197979734604887,0.43072970405952976,0.5894306528348553,0.5786930288684563,0.009320175968634629,0.5795878585352112,0.5630140165227772,0.5950802933259063,0.7262650833674557,0.012300386299249063,0.7253850741359684,0.6969237834302867,0.7518527668395117,0.5599148917878026,0.022068137171317247,0.5569950558189163,0.5155309948340926,0.6215921457631779
10081,NYU,1,1,10081_S1_R1,37.8,0.0,37.8,37.8,37.8,24.428302166455452,0.5663827498716556,24.375241944036986,23.529431176499315,25.535724649931254,0.30886334055890796,0.019707189790449695,0.3074831925495302,0.2764220945865632,0.3525138693183839,0.4720072211782106,0.026663763050299213,0.46604209328038415,0.43282826236681116,0.5271652770090521,0.5885531837255882,0.00469182236949553,0.5904669080107603,0.5776431820291325,0.5952102478418215,0.7119316434313118,0.007907628945899203,0.7110683802139737,0.6975543136111934,0.7282974229742171,0.5883129911503479,0.014983192460624106,0.5882119480430233,0.5637911566749186,0.6098596583332931
10081,NYU,1,2,10081_S1_R2,37.8,0.0,37.8,37.8,37.8,25.605566634564994,1.2276721533327528,25.12564518137982,24.204522777858532,28.73060747385025,0.35224089093709027,0.03748693612466415,0.33875682037779764,0.30920524110548836,0.45828739951398617,0.5152576808096974,0.0458370635585956,0.49209173460763694,0.4516611914518915,0.6055025409823007,0.5776044837508723,0.013473854155448791,0.5847349856121691,0.5413914415668695,0.5917478882391105,0.7281429146566981,0.012138237896544418,0.7262173884462992,0.7124349153939158,0.7660013071107604,0.5581614216761682,0.031053830449058593,0.5647054094851299,0.47588509680068913,0.5961484215977264
10082,NYU,1,1,10082_S1_R1,37.8,0.0,37.8,37.8,37.8,24.70505249160604,0.7897104587864181,24.81974477830686,23.294582204442275,25.995095460038435,0.3198250237208386,0.02460076900911982,0.32378992444079185,0.27628149503470945,0.35948155744278,0.48925321063186195,0.03530730331286977,0.4972168317842917,0.42501191932173876,0.5624871753949978,0.5867455996312543,0.006348088155115259,0.5860159658405102,0.5711733036294327,0.595330919892319,0.7178835903134074,0.010173993804465292,0.7193610026743769,0.6980928997891429,0.7324422851213259,0.5821393221761837,0.02165212959154014,0.5746049041271343,0.5508849353121038,0.6258243536408051
10082,NYU,1,2,10082_S1_R2,37.8,0.0,37.8,37.8,37.8,23.881008371586375,0.6257402974441211,23.866234265189423,22.70581549562906,25.211937883025723,0.2926009339760785,0.018932912600447906,0.29176023233074927,0.2587535550976739,0.3285086736050176,0.44957739510145733,0.019595282182864552,0.44780797596285166,0.4142078728214923,0.4854849386556296,0.5925850705947459,0.002894168247162383,0.5931866703796534,0.5865729137658876,0.5964448157430582,0.7082697108304998,0.009864617915323604,0.7080544901297324,0.6901855054122598,0.724849825208975,0.6007489012443483,0.021983621951675403,0.6040618476347152,0.5504022830510598,0.6402649590080078
10083,NYU,1,1,10083_S1_R1,37.8,0.0,37.8,37.8,37.8,25.072390199508078,1.1303091024529588,24.782608263116135,22.972805654061467,27.446093539187782,0.3317191599631977,0.035875277993461706,0.32676687055974624,0.27344695486997944,0.4071754075807739,0.4946662228384635,0.04985974925212673,0.4829832384226926,0.417336268964199,0.6074979633613937,0.5827441208384864,0.012160312986998836,0.5882762461709767,0.5528190847488978,0.5969460688758899,0.7211609379387739,0.011172901764947868,0.723119856013072,0.6954672088682838,0.7418010769945207,0.5713553837512273,0.02531609385230429,0.5728711502261894,0.5264209456577901,0.634087806276145
10083,NYU,1,2,10083_S1_R2,37.8,0.0,37.8,37.8,37.8,26.493649789014878,1.1958443148157485,26.294150425885853,23.994690241311726,29.081998525167766,0.3772114813509,0.03521143925843965,0.3726730513267865,0.30689409979269516,0.4625366974238792,0.560857784410396,0.05512781799515435,0.5479820627802691,0.4776987089749572,0.6917997909139262,0.5670020197364384,0.016934837121720576,0.5742457996843856,0.5241158451684991,0.5886382623224703,0.7315008482900676,0.013863143769556541,0.7351550901377836,0.7055957475860245,0.7569486077449139,0.5442872987663134,0.0255774520694087,0.5403340641053331,0.5153032885026679,0.6146125349949343
10084,NYU,1,1,10084_S1_R1,37.8,0.0,37.8,37.8,37.8,24.531878145561027,0.9634953869794489,24.304795337350743,22.969572889177424,26.283345002249668,0.31525578363110396,0.02818105600248376,0.3116475098049322,0.2626679659423598,0.36409145440023993,0.47830876066535893,0.03614031681724699,0.46557999373825926,0.4203845282007954,0.5346844777490738,0.5875062816684056,0.006548214783422401,0.5901141743246978,0.5734614313561627,0.5960085398681866,0.7159180236893132,0.013075424696720525,0.7159990525074229,0.6911510819985796,0.7405673226436468,0.5856539772271362,0.027798326462215563,0.5896121914524184,0.5200128906883924,0.6300411687060605
10084,NYU,1,2,10084_S1_R2,37.8,0.0,37.8,37.8,37.8,23.87115409845882,0.37587124822946505,23.83350172921231,23.364208586592422,24.730178268959648,0.2908819279389579,0.011246901016207645,0.2882874239053923,0.27403050319533157,0.31573343465597886,0.4501570781592953,0.020853349872633715,0.4444938191807385,0.411030813440692,0.5174710156129232,0.5929866172455383,0.001819565481095687,0.5931031281908441,0.5878492527615299,0.5960920820569938,0.7059659424829696,0.005808550188179553,0.7057229194151841,0.6949896896600977,0.7212756032306317,0.6024361618012921,0.011437416433478304,0.6020167224903819,0.5819473064998105,0.6231558198601513
10085,NYU,1,1,10085_S1_R1,37.8,0.0,37.8,37.8,37.8,24.50333535962226,0.6082343905513625,24.502465040432778,23.294182777718493,25.732138533968673,0.3130565368879222,0.01822952924657012,0.31142373000833345,0.27958175822250525,0.3506976069562925,0.4930407448323101,0.03879323710340927,0.49078827956921006,0.42472158344854416,0.5797121410371187,0.5870480799700332,0.00483110086311557,0.5880905968625266,0.576236888517575,0.5945697577276474,0.7134854273428652,0.009258314545973383,0.7108835444592161,0.6979756077339831,0.7347455325984513,0.5924265040558399,0.015588456839018123,0.5940368756548139,0.5597067196002016,0.6229261242257822
10085,NYU,1,2,10085_S1_R2,37.8,0.0,37.8,37.8,37.8,27.147409229161735,2.5533689846802576,26.479545425741296,24.72747898039065,32.35702319709878,0.38992391874479726,0.07105634613199754,0.3757642916168244,0.31026018122071497,0.5386750291290731,0.5541169015417606,0.08533578951337621,0.5316222568103036,0.4625122768991093,0.7280118929814081,0.5640936632769689,0.031073795655073566,0.5748027476097616,0.49384831125438045,0.5896500510535566,0.7347585753310512,0.014029608158559552,0.7394448842700221,0.6945974772614014,0.7596913444253114,0.5078567758632535,0.06425013125602362,0.5270439422618576,0.37678245037453845,0.5721378330731585
10086,NYU,1,1,10086_S1_R1,37.8,0.0,37.8,37.8,37.8,25.740548525088066,1.9619208815963647,24.798270565585085,23.260928871443397,29.870717140247947,0.34721956690177047,0.06135182488359662,0.32197196659915217,0.2662475777758351,0.474058910009978,0.514838997709122,0.08043493530017014,0.47320109937415145,0.4180750681484588,0.6888476924578008,0.5775286236024283,0.021002749913453005,0.5892509050403728,0.5267557783347556,0.5958136080943042,0.7257200752879975,0.01766110165033001,0.720219071714774,0.6973625173676015,0.773337993693651,0.5500267969052562,0.045511222011678,0.567008297913455,0.4611694616947424,0.6145970835173837
10086,NYU,1,2,10086_S1_R2,37.8,0.0,37.8,37.8,37.8,26.39808193259144,0.57895300423815,26.394212882769736,25.385020687078175,27.642609327090415,0.37014694462797526,0.01818157496936581,0.37044530287421484,0.34043025200779714,0.40744517372086514,0.5316320826443564,0.02424452364291906,0.5366190156503101,0.49177551536859315,0.5700728239509883,0.5746504191513154,0.006630641298065218,0.5719483894922348,0.5627587487236522,0.5845771836999917,0.7368388654452369,0.008196026413275062,0.7332037660693554,0.7249886626737584,0.7579965160781593,0.5254708364433195,0.018500252884886045,0.5270726229413509,0.48638263676897525,0.5551838815129259
10087,NYU,1,1,10087_S1_R1,37.8,0.0,37.8,37.8,37.8,24.761118569499565,1.2548895258036121,24.378060712312397,22.959024012088776,27.537132876797727,0.321447630592355,0.04222928166155004,0.31092170386734574,0.2616881146971825,0.4077380218876037,0.49057647263552373,0.04740572783583642,0.4803337619060114,0.4140443461463087,0.5874930609525925,0.584769650819251,0.010387564592393022,0.5883040935672458,0.5583003805810675,0.5964540982084839,0.7172444325884789,0.01611423984606089,0.7151173087809353,0.6923091196088547,0.7476197304779775,0.5828665089223303,0.032924332256822765,0.5879165941943235,0.5177057441480643,0.6304643670236523
10087,NYU,1,2,10087_S1_R2,37.8,0.0,37.8,37.8,37.8,26.002575909626245,1.3489714277977651,25.89874394818356,23.67692573635202,27.95348096333052,0.3536866209777484,0.04025688431678138,0.3533911274917148,0.2842556136169593,0.4138715919142864,0.5502302687622682,0.05926573141899098,0.5397586115760726,0.4507375815353738,0.6260555852485302,0.573784301110367,0.013919955177708257,0.5766174695999078,0.5522027290448442,0.593019586002038,0.7222012763715161,0.01311537841428872,0.7210101574203082,0.7006659585090951,0.7552489521082326,0.5580647835511011,0.031249712227130515,0.5578151272419468,0.49463014414103973,0.6102226583664213
10088,NYU,1,1,10088_S1_R1,37.8,0.0,37.8,37.8,37.8,26.674282711084437,1.0993700604904486,26.34575672714334,24.512228480765692,29.039902240979043,0.38132880031781363,0.03296616509578184,0.37847683196382703,0.3153654262195935,0.45736063588154796,0.5521568989565006,0.03861872159600901,0.5509702719068078,0.4616511968734734,0.623583114265917,0.569669274444999,0.012414881569734434,0.5725471085119993,0.5394681147312834,0.5907917943005562,0.7379793000708028,0.010177313990848131,0.7382260817890602,0.7200527763909581,0.7575617341169234,0.5277240741092525,0.028463324857490504,0.5327682255204758,0.46614665781279785,0.5765294020171287
10088,NYU,1,2,10088_S1_R2,37.8,0.0,37.8,37.8,37.8,25.124099515483945,0.5846996021140373,25.36480620409313,23.94610359794215,25.87492001997797,0.3324860568263058,0.019167056786371005,0.33156060114121144,0.28704128730253364,0.36745720544224675,0.4983902014566358,0.02453491174342512,0.49759411822627764,0.4514302924929324,0.5523655294714693,0.5838067390698892,0.00512976311571434,0.5828831337603168,0.5731736749280486,0.5929453262786522,0.7221458859461019,0.007643445396261139,0.72234089507574,0.7077146597027321,0.7420230227013066,0.568071846756316,0.01717659368323456,0.5703941654342358,0.5390987499913477,0.6004226462517698
10089,NYU,1,1,10089_S1_R1,37.8,0.0,37.8,37.8,37.8,24.909423181063033,0.6343793314023382,24.927004913907304,23.856887534417606,25.84150210556231,0.32265089288935456,0.020121475825295512,0.3214701128989319,0.2852428365276261,0.35510926651869096,0.48617556135771783,0.027629454193827827,0.47953746740732345,0.43013803149060137,0.5273109243697479,0.5858532026106053,0.004834940221274888,0.5870184721061834,0.5751879699248057,0.5945419103313803,0.720306935652038,0.00914476020281656,0.7191733372427641,0.7056854163125004,0.740819256390281,0.5723887267980104,0.016353168608199277,0.5692470074197902,0.544034976163836,0.5956061347352201
10089,NYU,1,2,10089_S1_R2,37.8,0.0,37.8,37.8,37.8,25.172904856905962,1.0646419612897697,25.07518878547769,23.692373194820004,27.82084391807255,0.3347578603396442,0.03433512862100074,0.3317498795252351,0.2839207981049322,0.4132497214609513,0.4984487620435119,0.0434594563634581,0.48329844180623277,0.4362493648948684,0.5893506872697871,0.5832447658097891,0.010217627710491138,0.5863083635013401,0.5572403230297899,0.5941891766453136,0.7230522229907071,0.011108036892693135,0.7246736208123753,0.7048788073546252,0.744257887647228,0.5678972089158634,0.026326880357531817,0.5729488471264097,0.5045014139404871,0.6063459074155297
10090,NYU,1,1,10090_S1_R1,37.8,0.0,37.8,37.8,37.8,24.3249957670101,0.7169238659996608,24.19231459780743,22.97228596900639,25.869769770220707,0.30620699246950867,0.023463591124224664,0.3040770964400344,0.2646697397185859,0.35798530523546374,0.46624928727199194,0.039679292179512736,0.4514308492782813,0.40735050308712556,0.563748827600945,0.5904861131116383,0.0054143778066169145,0.592119186856027,0.5762554534484214,0.5975587115937968,0.712761925796807,0.010101692406488083,0.7109029024345825,0.6948205751358607,0.731028435725038,0.5884794805720217,0.01901340379455208,0.5882007725090743,0.5524420483302884,0.6276038772496829
10090,NYU,1,2,10090_S1_R2,37.8,0.0,37.8,37.8,37.8,25.56928036445498,1.3518137593675341,25.215766512720208,23.922213038331584,28.441846863219613,0.3470431837369077,0.04036163220941825,0.3379009564263677,0.2955265993334201,0.43122567622556207,0.5066132032235763,0.05139795287044747,0.48934118063893867,0.43223827928079317,0.617816001262427,0.57993022146681,0.012728465226852663,0.5839784646802044,0.5500436275874754,0.5934465794114852,0.7273715590275721,0.011333149218954732,0.7258235204603974,0.7082852775199538,0.7464967807100336,0.5532050841543579,0.03490426660220595,0.560054764472751,0.48010266310190697,0.6006808707953761
10091,NYU,1,1,10091_S1_R1,37.8,0.0,37.8,37.8,37.8,28.0807643339119,1.7046592766120354,28.62025886585838,24.84108829059099,30.506267754027718,0.4184525088247579,0.04867909522510411,0.44032133580260796,0.31757427347889816,0.47462853829286117,0.5896021894402539,0.05020278271379867,0.6037729826353422,0.47737473817202514,0.672516340460973,0.5528749898830275,0.019303401303284173,0.5466183978464674,0.514836429698602,0.5885268727373991,0.740580813709421,0.017420310196318907,0.7449499504899556,0.7046801604739992,0.773451656656764,0.4901240061626832,0.044630327871041875,0.4820994539302028,0.4235688427469917,0.5736833343596154
10091,NYU,1,2,10091_S1_R2,37.8,0.0,37.8,37.8,37.8,26.006787910997975,0.84700113899586,26.046290252710644,24.243531551486566,27.43651269925268,0.35920441450818524,0.027326097135808775,0.3605534139520982,0.3044816733440789,0.4032826660697869,0.5252519079533482,0.028364411701134618,0.5275698085599317,0.46937419432003935,0.5844571564065325,0.5774644465569951,0.00748713547166469,0.5779077322936869,0.5593910702682539,0.5901327392555455,0.7322211965768032,0.010062230161603028,0.7330459846997016,0.7096979539345717,0.7467108475735323,0.5407910000301598,0.026400418341604115,0.5406269682612269,0.5059830168567637,0.6007432307017875
10092,NYU,1,1,10092_S1_R1,37.8,0.0,37.8,37.8,37.8,25.560652254767948,0.727233214627012,25.556976493408804,23.813186100595875,27.72530875582444,0.3452152005560603,0.023969896562842832,0.3447345429158481,0.2881947017897333,0.415972066378088,0.5031440094358985,0.03310656957101102,0.4959040148382859,0.44785639809457606,0.6353632846523122,0.5823352122323615,0.007505675701669485,0.5838763575605588,0.551542745753272,0.5923790958878624,0.7302322542656422,0.009410471186058535,0.7309799918922905,0.7092310187041341,0.7507263567711316,0.5487331527934178,0.021502217843677066,0.5430772555634624,0.5171568761128166,0.6009490906544895
10092,NYU,1,2,10092_S1_R2,37.8,0.0,37.8,37.8,37.8,26.388155683653324,0.8456154622562535,26.189408048830533,24.831205420745047,27.990570907216323,0.36898034677126046,0.025643803676463767,0.36552692479421967,0.3235992281632753,0.4204702492465159,0.5271452814116182,0.035715428598394244,0.5174209758776775,0.47168310313138656,0.5953580981005963,0.5756605754488305,0.009234253980419087,0.5786317645966547,0.554178037686808,0.5889074538197339,0.7383313931790831,0.010647636202248742,0.7375891336416246,0.7174476195998503,0.7606338809139479,0.5235420926850601,0.024146757041603184,0.5231553006524065,0.4779143623806447,0.5748179998413762
10093,NYU,1,1,10093_S1_R1,37.8,0.0,37.8,37.8,37.8,26.117157977051395,0.9677851977449493,26.198611033590215,24.47116367816925,28.290107481103195,0.36193211761953475,0.028063385020701184,0.36365200980305834,0.30953658794689265,0.4272391329792102,0.559129917917546,0.047873434645059394,0.5616643729319786,0.4769379424582438,0.6696784480467712,0.5720079573134562,0.011385300770821883,0.57222222222221,0.5446050310962726,0.5899099600853965,0.7257282573011892,0.009142488580777045,0.7260169986870854,0.7029385288347063,0.7397462619993997,0.5555799571907054,0.019169986134716155,0.5539918826503429,0.5243729464226332,0.588094229699509
10093,NYU,1,2,10093_S1_R2,37.8,0.0,37.8,37.8,37.8,26.57499217017809,2.079101965025943,26.556564356778797,23.33377773385299,29.67636061153914,0.3723570452519713,0.057592005839655826,0.376667281426465,0.2861518474100735,0.4537348497263587,0.5558474256999735,0.07504389964190857,0.5427935638479973,0.45071607990636386,0.6636917116369171,0.5619003409210267,0.027413163639091933,0.5697484451870279,0.5165857766108739,0.5920913394597574,0.7179471346329394,0.013848884797113074,0.7202498815376724,0.6937731654029039,0.7437683515727089,0.5521510347951044,0.03714900532628242,0.5497921571762109,0.5032651272997887,0.6321010029654555
10094,NYU,1,1,10094_S1_R1,37.8,0.0,37.8,37.8,37.8,24.51168031860177,0.747256699519855,24.50275489844774,23.112957934015675,25.798803200847225,0.31567660254129826,0.02701610271474732,0.3171425867253369,0.27109757070244433,0.37511595128841285,0.480384323860974,0.0329850764869537,0.46739254246373413,0.43266835527830694,0.5425541098137161,0.5873486397987252,0.005611584970302454,0.588763575605681,0.5770630279402051,0.5951359881184423,0.7158723714295433,0.010679967212358182,0.7158019850334838,0.6977064875920627,0.7448489631199703,0.5880497808861719,0.02152541128889658,0.5843785404661046,0.5468394751536816,0.6331660808029032
10094,NYU,1,2,10094_S1_R2,37.8,0.0,37.8,37.8,37.8,26.008624508062855,1.473449147482025,26.312400437028785,23.44748692324287,28.266297464621694,0.3595819760760861,0.043502893981126695,0.36887297199821956,0.2911882455851108,0.4272721973191602,0.5486513808895019,0.05941255733434026,0.5577522764126231,0.4420406074048797,0.6276206787064743,0.5700455801060684,0.016965830022132648,0.5687245892508949,0.5382066276803025,0.5924440731458261,0.7240432589683488,0.010135026250795367,0.722241149794614,0.7065168155779551,0.7469815062757361,0.5608787324369513,0.03242590630728525,0.5625224125647538,0.5082372269667612,0.6208398979525485
10095,NYU,1,1,10095_S1_R1,37.8,0.0,37.8,37.8,37.8,25.58753549907688,1.0529081457542726,25.099406380402414,24.075233606915724,27.69636369880877,0.3493373207966934,0.030603782828129138,0.3372772580173832,0.3046921844501115,0.41383391879736464,0.5097060208072003,0.03656141290251932,0.49946959651449135,0.46478120608783424,0.5880366239536815,0.5804816319214288,0.010274152109957895,0.5846978557504887,0.5556223893065868,0.5900677619975774,0.7298282044923112,0.011146903507366954,0.7285982402785185,0.7104257496988016,0.7544657545693444,0.5541473036661114,0.029837893935156384,0.5616413572610702,0.4874403320325513,0.6012525115229564
10095,NYU,1,2,10095_S1_R2,37.8,0.0,37.8,37.8,37.8,26.77691425941817,1.2214087243520917,26.77745267842945,24.196328660061486,28.856761783675143,0.3822546898935423,0.03837236289907197,0.3810492080845762,0.3074852681296196,0.44968098697651754,0.5388713979922121,0.038475843215479505,0.5405446150946952,0.46232849126010256,0.6068343082716301,0.5719322572075033,0.01147221455087685,0.5719623131903654,0.54755128562148,0.5903091060985741,0.7424730775722973,0.016000794349696763,0.7416139698638541,0.7107044992883079,0.7758801073109525,0.5125989339324157,0.04272083538101021,0.5174704604545897,0.44944963589646764,0.5984359078970304
10096,NYU,1,1,10096_S1_R1,37.8,0.0,37.8,37.8,37.8,25.818818724090523,1.5315768651332933,25.816499809842362,22.867130620856035,28.64671359313162,0.35368981281669754,0.04439448393851373,0.349973692054618,0.26990746569185864,0.437376018337736,0.5171719096519385,0.04901342825859987,0.5339135708870356,0.41876084979747047,0.5990539629583082,0.5774334943360924,0.01143987352777444,0.5762879420774119,0.5539394783254479,0.5950988582567506,0.7287690826798962,0.017334874250945483,0.7267081294126181,0.6947057130749912,0.7684424855189345,0.5468181219140926,0.048501870193419484,0.5636857212436329,0.4545074239974897,0.6387218552142323
10096,NYU,1,2,10096_S1_R2,37.8,0.0,37.8,37.8,37.8,26.000802054119628,1.628408284749218,25.155726717647752,24.33359790162036,29.83096202235473,0.3539749982007891,0.046192402155420316,0.3379731482756808,0.3088390700533289,0.46204191906387054,0.519349455558321,0.056173052765045126,0.4957377694654986,0.45192001660554904,0.6513692219437819,0.5763849278368307,0.01765095609768638,0.5842476561774784,0.5332832080200712,0.5917014759120005,0.7291077179276282,0.009869296441910924,0.7293964850831252,0.7138896488476647,0.7500766270379609,0.5381288107809499,0.04273332175894383,0.5563458283078335,0.44117091796551533,0.583895523921257
10097,NYU,1,1,10097_S1_R1,37.8,0.0,37.8,37.8,37.8,25.615475078849308,0.6893742552297006,25.698401341940226,23.222256476000737,26.54047394739954,0.34909574968423424,0.0201698902958422,0.35361991260900544,0.27856210898782874,0.37616693939214363,0.5399877324379346,0.030094391916262345,0.5427081460169034,0.4392103406467699,0.5876398923754825,0.577171728811164,0.0065601634328687035,0.5775967697020328,0.5633435440452835,0.5954608744082431,0.724415958611649,0.008275931699721028,0.7227920007302381,0.7014913789465245,0.741266271105362,0.5660020706485642,0.01892852688138999,0.5631169993643043,0.5345167875489097,0.624418106465179
10097,NYU,1,2,10097_S1_R2,37.8,0.0,37.8,37.8,37.8,25.806967152895815,0.7237001117041252,26.049866314310776,24.472782639453285,27.006572013152272,0.3507843815529805,0.021193957583392365,0.3586007237087827,0.3068554065295865,0.38195217101364815,0.5277067566747333,0.03467335398824868,0.5257938085076461,0.4565156711061488,0.5949363653632195,0.5773556176520365,0.0067730914651626,0.577378631764579,0.5654924347906631,0.5910795507286694,0.7253056675176635,0.008118034743490892,0.7242643756850251,0.7088093052781563,0.7409093139609166,0.5533554693978299,0.020847227939917997,0.5463353639822821,0.5090706809355137,0.59139843292802
10099,NYU,1,1,10099_S1_R1,37.8,0.0,37.8,37.8,37.8,24.907443241685794,0.6065641126166536,24.83463615367287,23.56513889494695,26.41495815327293,0.3248032965320103,0.020414323652943833,0.32374413228191035,0.2852343630700535,0.37752575612670153,0.48778422307871927,0.025489267970709155,0.4854380618716066,0.4333927750456262,0.5430786116065304,0.5862459469234992,0.004939733860661663,0.5874129768866638,0.5752575884154755,0.5944490856771539,0.71992523030783,0.009355538321350974,0.7202061920620875,0.7040870088447421,0.7448183207850743,0.5731061173508267,0.02030256813742115,0.5731555458763057,0.5229127093929662,0.6090912751403236
10099,NYU,1,2,10099_S1_R2,37.8,0.0,37.8,37.8,37.8,25.814399347136547,1.0904517310841912,26.08046797890412,24.05957821042914,27.381911545050773,0.35622636720876744,0.03513423912466348,0.3611252278633584,0.2953865140209584,0.41193452115147877,0.5419837306809041,0.057320868463455535,0.5533337719744232,0.44699152165433803,0.644900062023569,0.5746947829343427,0.012324805798487552,0.5752807945790385,0.5532535041306987,0.5928339366935839,0.7289344292158842,0.01155607285476877,0.7297404297728461,0.7125157698402506,0.7508627904268731,0.5585272666037516,0.022601221989256036,0.5540594286953164,0.5229614135349936,0.5979740268870072
10100,NYU,1,1,10100_S1_R1,37.8,0.0,37.8,37.8,37.8,24.2590760461648,0.41653522709196045,24.167702917048807,23.32565386232577,25.015336160910756,0.3044540087281997,0.014068197508883211,0.3042409146684712,0.27420764479450405,0.3307779932411323,0.46826443234218845,0.0159402639979078,0.4677740776673572,0.43398044320534634,0.4992787490623738,0.5898417819772864,0.002541917822051958,0.5900167084377612,0.5842105263157704,0.5952009653764029,0.7123999005981593,0.006903439833706417,0.7118063606388223,0.6985148313848013,0.7262595944323822,0.5935256436091848,0.014575404217380562,0.5962173751156764,0.5630039373369676,0.6204291671406622
10100,NYU,1,2,10100_S1_R2,37.8,0.0,37.8,37.8,37.8,25.058456724676592,0.8569415503555913,25.005203213189777,23.20481967612317,27.12275906487515,0.3322979041800593,0.02691962062385962,0.33102106938881914,0.28124411846668784,0.4001817048816077,0.49960448487243364,0.03130212046194662,0.4953694505508591,0.447839449178252,0.5801777715490057,0.5831161876594371,0.007596771079019579,0.5845864661654068,0.55959899749374,0.5934651443423309,0.7216596079568928,0.010621323056759313,0.7214651832894315,0.6982078955218649,0.7429714251960887,0.5736825946852565,0.025132503528356123,0.5712229687534843,0.5256690398593097,0.631517485497025
10101,NYU,1,1,10101_S1_R1,37.8,0.0,37.8,37.8,37.8,24.913268163708292,0.6516077049198921,25.048838680041463,23.650830326895964,26.182700298334424,0.3223843835680432,0.02340728830418614,0.32746385571052355,0.2785607588239801,0.3612670037562596,0.4794949796192671,0.03264389808129497,0.47909640129545317,0.42310362415346686,0.565184906381138,0.5869362102574383,0.005298492254466733,0.5866796621182481,0.5708484173396353,0.5960456697298792,0.7195334241069308,0.009616824353674462,0.7216617260193149,0.7028351349530786,0.7358497862875613,0.5671630561024961,0.01812929989465678,0.5678990163533544,0.5326603831570317,0.6082960672911015
10101,NYU,1,2,10101_S1_R2,37.8,0.0,37.8,37.8,37.8,24.648158546714296,0.7260055001634853,24.73079275143774,23.133506034863622,25.856681052007172,0.317467138831098,0.02441113771626209,0.31567578214736414,0.2732894575728693,0.3613593178067572,0.475720686877463,0.03131782972562868,0.4773681299014025,0.42393847026299003,0.5321885262443355,0.5882690442581484,0.00524050074360261,0.5896686159844042,0.5773043720412006,0.5960920820569907,0.7193324003948779,0.010992585620367866,0.721376068201031,0.6982776862458456,0.739468298420749,0.5762691350822703,0.02045042108225888,0.5710468554988076,0.5492095569454173,0.6257117997833163
10102,NYU,1,1,10102_S1_R1,37.8,0.0,37.8,37.8,37.8,24.95633116381787,1.1139973293056473,24.970787480002954,23.022467442562707,26.721760689584833,0.3250029528781159,0.036451365919925365,0.32845745945503035,0.2661545380516766,0.386543745330703,0.49337258790543953,0.04674253032556489,0.503987848936782,0.41576029604198617,0.5894324400284359,0.584356485082433,0.008391372999583379,0.5829295460874312,0.5683792815371733,0.5953216374269003,0.7205921453546243,0.013852725292881252,0.7176139217236258,0.6981017421841922,0.7462046004211271,0.5737176056825759,0.03272602090357775,0.5809905606470079,0.5084140524927935,0.6301520643045696
10102,NYU,1,2,10102_S1_R2,37.8,0.0,37.8,37.8,37.8,24.168247227833188,0.767726469492573,24.09991754920859,22.76178649224733,25.61813789229644,0.3014170216567884,0.02271044125138642,0.29679745223278287,0.2656735448014962,0.3487599369924472,0.4711831218119492,0.04076084057658023,0.4783134755115167,0.40619091121544965,0.5449633146309883,0.5897083065262076,0.005987162903586572,0.5902719762368804,0.5762322472848678,0.5971874129768836,0.7082286048664292,0.009310049699495022,0.7089329442379665,0.6901051722250703,0.7274288394911239,0.5983032460864118,0.01868697708308366,0.5977226818182182,0.561755249736635,0.6398677497014996
10103,NYU,1,1,10103_S1_R1,37.8,0.0,37.8,37.8,37.8,25.250241818012647,0.8943075135635974,24.998618455937034,24.27871154295771,28.63770568872753,0.3386110498467203,0.03034975069371902,0.331932947657471,0.30180027852781777,0.4464391612215864,0.5032018017336609,0.03576008899534671,0.49554149983558676,0.4621103037203228,0.6195284386916591,0.5822483411594052,0.009401805875809004,0.5848974287570751,0.5480840991367477,0.5915436739998108,0.7276075749553591,0.01118783989106941,0.7266805027770503,0.7147320237165176,0.7616641671017523,0.5620942674216007,0.0255358498637982,0.5601834228629025,0.46467718347073,0.5991217081044186
10104,NYU,1,1,10104_S1_R1,37.8,0.0,37.8,37.8,37.8,24.789064438416606,0.8675809607081382,24.53651131956201,23.488404318533444,26.546706171412218,0.3235983443918279,0.028451919890706504,0.31936312768404007,0.2824109860413898,0.3757224586258267,0.4819787770692632,0.03464479414273976,0.4830172379942671,0.42594971293937306,0.5435793840140989,0.5865945515128745,0.005997458685467297,0.5874501067483422,0.5740378724589257,0.5957300659054999,0.7199683791536051,0.012176818285497519,0.7161266057204477,0.7016380847701889,0.74296686957901,0.5749999188192854,0.024930940680319248,0.5779848630798126,0.5270778050299176,0.6170113629184039
10104,NYU,1,2,10104_S1_R2,37.8,0.0,37.8,37.8,37.8,26.479685770167194,1.2949602128861823,26.385515951482873,24.59253466819462,29.33010238220817,0.37118122151445165,0.04025060892185358,0.36928407403273267,0.30867701193451913,0.4532913823191257,0.534979956023168,0.044461409406861115,0.534886957784663,0.4656704802992655,0.6249316243106992,0.5721423335752224,0.01618250580172489,0.5747749002134798,0.5305222049833764,0.5907360995080257,0.7357377096605285,0.00938297863433242,0.7371769189470764,0.7187365279128446,0.750606332121346,0.526920120766966,0.029587220711778904,0.5244556092180206,0.4526531693995812,0.5849089434438348
10106,NYU,1,1,10106_S1_R1,37.8,0.0,37.8,37.8,37.8,25.986805658894312,1.2362994171608437,25.824991074988716,23.610124928386586,28.596770218798987,0.3596934729170802,0.03656257235279646,0.35101476463864645,0.2906559049708447,0.43302689062932104,0.520899369160284,0.050723634237149026,0.5046858019561465,0.43779529750680185,0.6384156234047822,0.5769040508587581,0.014553243231992632,0.5831755314211393,0.5371989497553497,0.5943284136266561,0.7323424673230267,0.010260293395642649,0.7335385401020246,0.7062306377677678,0.7491457906184901,0.5426511392285662,0.0279495288948113,0.5384271860288664,0.49817403903813523,0.6097754100609941
10106,NYU,1,2,10106_S1_R2,37.8,0.0,37.8,37.8,37.8,25.520925417169252,0.8839085901881024,25.8365351934182,23.988651003021943,27.45273243690792,0.3453410182167051,0.029588739815569677,0.3450632499701927,0.2933379160232277,0.3948503100971132,0.5122178011119247,0.0418721157344763,0.5065294023393687,0.4363957225992143,0.6008635482978134,0.5819948978448605,0.008038083637147217,0.583467929081957,0.562424579968428,0.5944305207463095,0.7294228151877853,0.012816741275823286,0.7295679622576273,0.7079261785923376,0.7508114936399397,0.5547667158351818,0.022736484315473916,0.5586863577282883,0.5144864031844271,0.5914625098266432
10107,NYU,1,1,10107_S1_R1,37.8,0.0,37.8,37.8,37.8,26.321780727465658,1.7580749763438628,26.348575706230967,23.24227995778385,29.174508326304586,0.3633015844861655,0.04954711280162606,0.3667998073268226,0.2682799203322727,0.4374028485518486,0.5538388756559267,0.06437394496397585,0.5615522524089053,0.4156557918558397,0.6487447011974937,0.5679447158308027,0.019958416938180634,0.5700826139422472,0.5318407128933507,0.596769702032858,0.7196627324873996,0.014914397975641166,0.7184525912429398,0.6941349931693329,0.7506043707335046,0.5521508602725854,0.03952524532705971,0.5473285984043555,0.48910550568569205,0.6198570155758806
10107,NYU,1,2,10107_S1_R2,37.8,0.0,37.8,37.8,37.8,24.64158352618858,1.2688569828726628,24.72078252089651,22.641436291054674,26.920254824663463,0.31646438681765565,0.03945152707274382,0.32176317202538357,0.24965313679124784,0.39085855687438903,0.4861886241248572,0.05117346870247407,0.48763223746104073,0.3937150261280631,0.5637813595899649,0.5852356625919731,0.009990173643438587,0.5861319966582988,0.5645224171539631,0.5977722082985204,0.710861265035988,0.01263969231546933,0.7128660485776186,0.6864165863364978,0.7361718958322575,0.5874171891622294,0.0333469896408246,0.5863083841275518,0.5218140021501826,0.6386676728177688
10108,NYU,1,1,10108_S1_R1,37.8,0.0,37.8,37.8,37.8,26.592301563558905,1.8462140550570478,26.009817415162136,24.066886273810738,30.345734475788316,0.37491667440348114,0.05338039856048822,0.35724938133246525,0.2991177530838855,0.4692194674218924,0.5787817686822936,0.08711935172670802,0.5642462845010616,0.458955223880597,0.7434268452921177,0.5640942851564206,0.023733815679108893,0.5739766081871119,0.5086505947408408,0.5914601318109995,0.7245602311515711,0.010683211064556532,0.72473027690577,0.7067510497456754,0.75073239482329,0.5506692192427388,0.03284169472225173,0.5644478024429878,0.4819075760188059,0.6030543308807794
10108,NYU,1,2,10108_S1_R2,37.8,0.0,37.8,37.8,37.8,25.942805305864333,0.9383242479545723,25.990136044903807,24.55812146600924,27.619247088306828,0.35981074501725785,0.0317167542915622,0.3606345969111772,0.3105617680495614,0.4232989943043683,0.5347522890800956,0.0296951143278553,0.5297376966968987,0.47431717976360316,0.584245891373153,0.5759601750224765,0.008848115482373855,0.5755128562145865,0.5593428014480666,0.5883133760326692,0.7308444980848222,0.012108099515793705,0.7273668778313039,0.7126178765854374,0.7581998113463398,0.5506274467143538,0.029840725573227877,0.5580605755075376,0.49364982410846264,0.5999494048122309
10109,NYU,1,1,10109_S1_R1,37.8,0.0,37.8,37.8,37.8,25.497475409194042,1.1384213088553374,25.672212295783194,22.913264894485472,27.743205293856168,0.342537676251475,0.03521980349519193,0.3487816060617841,0.26718977825408563,0.4028933360878643,0.5075142096999773,0.04477861151756863,0.5038794360719494,0.4167583320238282,0.6310619699202872,0.5811036211217642,0.00946481657051027,0.5811194653299798,0.5537046319502518,0.5961199294532596,0.7276253562695915,0.012607785747901985,0.728684582105495,0.700173710026275,0.7477404285809728,0.5563223073739937,0.03142218686345065,0.5505972188915326,0.5165132981394367,0.6348052523903647
10109,NYU,1,2,10109_S1_R2,37.8,0.0,37.8,37.8,37.8,24.76794662927759,0.9625026154493997,24.596184416821128,23.293593712543185,26.511057159147764,0.32225623796967645,0.03154894060475779,0.31615011743570176,0.2762830167634839,0.3803238759883241,0.49092129689322767,0.04130610922518208,0.4827577431094597,0.4342757631632862,0.5697158387229944,0.585333544589439,0.007952108053648009,0.5886104149262004,0.5698041399795686,0.5945047804696922,0.7170560047734389,0.011904403469522616,0.7178085867674512,0.6977719573818353,0.7420404249661496,0.5820472993769457,0.024649250031721272,0.5845174246198186,0.5364074556085932,0.6226110342700181
10110,NYU,1,1,10110_S1_R1,37.8,0.0,37.8,37.8,37.8,26.08871693686868,1.1412828278684124,25.9880532427838,24.55717323955737,28.397733596751564,0.35994240675799277,0.03538974273711067,0.3622499752503128,0.29611533698737985,0.43582833915239677,0.5206873682905084,0.051179077753630134,0.5161384405988723,0.4442033412686709,0.6394908804618816,0.5787132262328768,0.011967154407967393,0.581416504223513,0.5513700918964034,0.5935672514619859,0.7354794313889531,0.012327067217218669,0.7373439395220703,0.7056949819546102,0.7593509333727668,0.5345461724458997,0.02491501340743762,0.5369592416555362,0.4869443730270919,0.5732202089918387
10110,NYU,1,2,10110_S1_R2,37.8,0.0,37.8,37.8,37.8,25.842078843404508,1.914876549229064,25.823427643274005,22.604393731606635,29.601931962214017,0.35440417820208187,0.05331892509523564,0.35628769095545165,0.25884886868048423,0.45107061418825267,0.5414648491099393,0.08939425303013705,0.521629965778902,0.4204550904768104,0.7243869817209095,0.5737925181499589,0.02067136228849365,0.5794114916921915,0.5218265239819412,0.5956650886475429,0.7253045909311825,0.01562105688146614,0.728487232327563,0.6929531983096053,0.7489648376941538,0.5604938604632538,0.04230880785984931,0.5631205882344927,0.49731097279468706,0.6479739938596271
10111,NYU,1,1,10111_S1_R1,37.8,0.0,37.8,37.8,37.8,26.887240134220157,1.507885134395912,27.05032862801301,24.588207352788825,30.288336310261176,0.3794601498134202,0.042073267672872096,0.3782490340077233,0.31039257623139105,0.47428128857802443,0.5368203651990752,0.050133850814230274,0.5334020117978229,0.4552390921110621,0.6761141516810008,0.572986539510601,0.014567175858596265,0.5759027197623631,0.5238657490286764,0.5905226028033002,0.7420093760880063,0.012215391286880232,0.7411462618057347,0.7149004942261569,0.7723921771559552,0.5024734671395253,0.050192534022547995,0.49606449904464406,0.3995779038504683,0.5751201674553784
10112,NYU,1,1,10112_S1_R1,37.8,0.0,37.8,37.8,37.8,25.011941532528336,1.2791090703348373,24.885611845945057,23.066255140931982,27.53405505795228,0.3300864876929655,0.041240275102792864,0.3235853891112485,0.263006194082264,0.41224065279889044,0.5042990672779828,0.0516146286812158,0.4920779468891295,0.427374767315867,0.5996873320631199,0.5824937823485841,0.011308518062243963,0.5868653114267078,0.5566898728302119,0.5961849067112218,0.7192615500046216,0.014026800664222447,0.7180823755366609,0.6936359397865959,0.7521743721745028,0.5778857423730694,0.03319295927704672,0.5798200573837548,0.5092464982284806,0.6317651073021731
10112,NYU,1,2,10112_S1_R2,37.8,0.0,37.8,37.8,37.8,25.846196658468507,1.2904113209774164,25.95662576085643,23.451642359557905,28.336882403022365,0.3525428934347474,0.03889844502991433,0.3533981469995993,0.281296033847598,0.4309680120834888,0.5312812847509157,0.05242489120721206,0.5301981537721382,0.43711703172077593,0.6086089472063331,0.5752720562581319,0.013605649158517339,0.5772718834122238,0.546528357931855,0.5942448714378515,0.7247094308516889,0.01127101932508982,0.7248790612513885,0.6985024121450116,0.7446464363932079,0.5540548733694016,0.03084658944505069,0.5544002837538553,0.4968208763566863,0.6152524982196512
10113,NYU,1,1,10113_S1_R1,37.8,0.0,37.8,37.8,37.8,25.19071045837039,0.9432587944122973,25.22235152721405,23.500697368383406,26.779060498664254,0.33197314928485044,0.029444874456374948,0.3300218211363264,0.2722764512106176,0.38239458503481505,0.5054072769627878,0.04031192395297763,0.5071656656276134,0.442736022314586,0.590517146926701,0.5827432566089482,0.009238682008560452,0.5847813979392844,0.560447414833369,0.5947832544323723,0.7203969250616292,0.009956620241220774,0.7193735223577153,0.6983585485556606,0.7373397418312905,0.5675668744991831,0.024714549868794736,0.5648354660000717,0.528532621691865,0.6144399778204221
10113,NYU,1,2,10113_S1_R2,37.8,0.0,37.8,37.8,37.8,25.075495934324127,0.8106617424068626,24.989615391430103,23.81624003617387,27.08734536986602,0.32899753385474956,0.02567755713074427,0.3250380748313423,0.28924543267807534,0.38794330902843915,0.4912769600482484,0.03177158007036482,0.49284026495538885,0.44141909073993674,0.5754453304500609,0.5851794876719227,0.007344028634618407,0.5870973730622778,0.5642300194931823,0.593771465701286,0.7248844255839043,0.010942683473934916,0.725051318599604,0.7044666482636124,0.7420599135067436,0.5653971094216604,0.021615363145358002,0.5669946082154212,0.5225170813639892,0.6066630559175401
10114,NYU,1,1,10114_S1_R1,37.8,0.0,37.8,37.8,37.8,24.243372987294585,0.5362953032937606,24.330802147639425,23.30092526831125,25.20598475242916,0.305981761524496,0.017744761565595322,0.3064614364429906,0.27677547689150606,0.3359861446735914,0.47070547245030586,0.03071139100802406,0.47612916205613115,0.4197853547608813,0.5366178814664542,0.5894917690138445,0.004029975087131156,0.5892184164113856,0.5795878585352191,0.5953309198923208,0.7119630220766533,0.00814880177444893,0.7106912842364521,0.6962863139185336,0.7263039016312008,0.5955176629968653,0.013700737900862799,0.5940347643490789,0.5657229253223964,0.6225898327235889
10114,NYU,1,2,10114_S1_R2,37.8,0.0,37.8,37.8,37.8,24.209288370717456,1.2206998414712182,24.04564500419717,22.49338211950503,26.582718721188996,0.3044596449706775,0.03842183452727134,0.3004537142198876,0.25252069006854394,0.3764503070035853,0.4810253203085246,0.05266709724118255,0.49215085254771535,0.40655638971370944,0.5508250394429353,0.5867737671125398,0.00917529708080813,0.5876914508493386,0.567307156780837,0.5971317181843477,0.707939517596531,0.01363673604126069,0.7063663440248485,0.6861355347152229,0.7343413418147113,0.6048150947692786,0.031892910404141564,0.6190265655135816,0.5394438497537493,0.65188777685265
10115,NYU,1,1,10115_S1_R1,37.8,0.0,37.8,37.8,37.8,25.178549308644882,0.6604797312806866,25.16485613396293,23.717034977047067,26.65333490371704,0.3327904085960197,0.02139974907363644,0.3333519142205355,0.28488846957658914,0.3803239138317642,0.5003108413906027,0.027759986845893595,0.5038357178095708,0.43695544961367744,0.5653720860383985,0.5830559796681898,0.005787401668768175,0.5828831337603136,0.5683653578390209,0.5936507936507878,0.719861572878107,0.0098518112770413,0.718907563277684,0.7046332920761896,0.7433726123681812,0.5669297323196227,0.0177897271094517,0.565248163982674,0.5305905064013435,0.6025111016756444
10115,NYU,1,2,10115_S1_R2,37.8,0.0,37.8,37.8,37.8,24.22386584234324,0.6592665759248236,24.253504726133848,22.753485242630305,25.327700253536825,0.30236933077075473,0.02018435340469712,0.2995644400537171,0.2617752657532787,0.33247134798219863,0.48006510208834297,0.03007249739602203,0.48026547144839227,0.41769440342740677,0.535263642435511,0.5894274319259122,0.0041635986359184005,0.5907175345771734,0.5822612085769837,0.5959064327485352,0.7098173856360954,0.007983938510768937,0.7098308073287681,0.6935179071167222,0.7219495065413795,0.6003234284315069,0.019854754319616936,0.5980635229872648,0.5639263586126905,0.6446481087137417
10116,NYU,1,1,10116_S1_R1,37.8,0.0,37.8,37.8,37.8,24.786094798626355,1.316204750650191,24.76806697343525,22.16323674478029,27.153145669008556,0.3261069800410986,0.04286426561199878,0.3270630564389176,0.24821279885423547,0.3993247163268075,0.4848473388080895,0.05100235760978446,0.48779778070924185,0.39069420253794473,0.5684731586583597,0.5847106591510642,0.010357470945786455,0.5864615241808085,0.5632367956929288,0.5979114452798667,0.7178836254773209,0.0170970349426071,0.7190224546441351,0.6808342147129771,0.7437239041298472,0.5795113615758269,0.036220450300556664,0.5725208473451222,0.5153016179625751,0.6574995344294641
10116,NYU,1,2,10116_S1_R2,37.8,0.0,37.8,37.8,37.8,24.30255890939716,0.7513535012394917,24.178308779942363,22.97649886764978,25.95692923069,0.3054236216620521,0.026125284478406324,0.3028677684796727,0.2600340988256924,0.3647505164888065,0.4706390055408167,0.035834123560847864,0.4595727583204982,0.41583889249043265,0.5601801116328721,0.5888475979220007,0.006240860146562228,0.5899378074816636,0.5716559918314091,0.5962684489000263,0.7119872425622187,0.011085332225573105,0.7097313950073008,0.6915187260027998,0.7337275570751494,0.5931227575412323,0.021103275778634217,0.5946075161796066,0.5546090158636741,0.6324036742677532
10117,NYU,1,1,10117_S1_R1,37.8,0.0,37.8,37.8,37.8,24.4187390441795,0.545309239888508,24.55429839084023,23.118546643382626,25.230912436309612,0.31046981441836763,0.016754935341262878,0.3127067146414432,0.26955433967497766,0.34072723644098474,0.46451211771194234,0.018798305795273952,0.46105167997589275,0.41934262822534857,0.4933307595791912,0.5900595998297107,0.0028363147362144743,0.5902534113060457,0.5858256752993545,0.595795043163462,0.7157641112549232,0.008050341590307774,0.7148303953272056,0.6984765937627537,0.7330939168358007,0.5833895106537412,0.019462710266426434,0.5810234572621183,0.5503665663013548,0.6248793371023822
10117,NYU,1,2,10117_S1_R2,37.8,0.0,37.8,37.8,37.8,25.13767232809439,1.2171570563788108,25.053765547275543,23.25986088012394,27.770930250067458,0.33059801979127884,0.03833915084261578,0.3185716031003684,0.2807561678221916,0.41770417489748524,0.4867949842161371,0.04634181677846777,0.4766758108338693,0.4207137145566351,0.5801610660111906,0.5850498212325118,0.010200132445368963,0.5886382623224629,0.5576877378631686,0.5959992574027647,0.7231963743915408,0.015550294895582063,0.7205603183584289,0.6998263706426106,0.759830496519244,0.5624242300296478,0.035787641206359896,0.5588402680386676,0.4792278051841096,0.6191993030191165
10118,NYU,1,1,10118_S1_R1,37.8,0.0,37.8,37.8,37.8,24.07201493351083,0.5951282910303776,23.944081545503515,23.26259885398965,25.109504845267846,0.3001903678270319,0.019412904373350005,0.2979348147488544,0.274797156884619,0.33519332851813904,0.46534793263477203,0.027522340829062533,0.4565875870260996,0.42635245585356785,0.5095346831691586,0.5900968897339053,0.004258052492892827,0.5918128654970753,0.5829759584145436,0.5956279587858467,0.7087178748740237,0.00814229604250733,0.7080175287505561,0.6949374334100038,0.7239450131222246,0.600790691669752,0.01707084260987434,0.5987125311579024,0.5663727516352516,0.6284716737565805
10118,NYU,1,2,10118_S1_R2,37.8,0.0,37.8,37.8,37.8,24.401030715039767,0.6425411769457916,24.37425398387407,23.274988001585008,25.823864600532932,0.3120456510805209,0.02043922908097619,0.3127673881356929,0.27533703962199857,0.35954161286411984,0.4824333957772859,0.027683497444573966,0.48189076602638276,0.42688410494353657,0.5469460717509425,0.5878005998393107,0.005103264682004452,0.5882762461709734,0.5740508679105015,0.5957207834400803,0.7141343168771447,0.008351149234599767,0.7154367823222859,0.69518514862083,0.7305661227383361,0.5934827961163914,0.016246404065098027,0.5951463977827796,0.5613134305678315,0.6186232067074028
10119,NYU,1,1,10119_S1_R1,37.8,0.0,37.8,37.8,37.8,25.50337963940444,0.9161616334023701,25.502969595005638,23.90354383901546,27.900719739261426,0.3405305085036563,0.025012261428077935,0.33982072996258816,0.2982232183676662,0.40765640155412103,0.5003792750921874,0.022966467105221558,0.49855679583131113,0.46689109644307464,0.5673030061692441,0.5838009455311279,0.0055974613752379975,0.5853151397011034,0.5636442959249865,0.5915343915343853,0.7284595138476567,0.011390860500177154,0.7284716257728318,0.7067201547938182,0.7569516068608891,0.5488298491578303,0.03771661260164115,0.552218441480516,0.45877560551071594,0.6146251183537447
10120,NYU,1,1,10120_S1_R1,37.8,0.0,37.8,37.8,37.8,25.20566509702461,0.8206527652936527,25.080613564190113,23.665005866477365,26.91880437449405,0.3346640014938086,0.029319738780723963,0.33024282527480675,0.2855591509227872,0.38748835488189115,0.500401579215491,0.04023449144015385,0.5118062339864703,0.43196106690059943,0.5795261232613216,0.5827583006046354,0.00795633523286098,0.5832869210062173,0.5691590086326811,0.5949317738791388,0.724566511229522,0.012201449767481175,0.7208213489647323,0.7049786070057853,0.7532172100729465,0.5654936592646701,0.022907343690416193,0.5697343797147257,0.5017526070476076,0.6007395450682469
10120,NYU,1,2,10120_S1_R2,37.8,0.0,37.8,37.8,37.8,24.303575053762394,0.5582924949395175,24.34917162656784,23.2782112011784,25.44649121761322,0.30497570916770217,0.02001652236555647,0.30420898948936476,0.27235622252339114,0.34715392670097583,0.46909493904695254,0.02393741018368426,0.4678528530510421,0.4267111235870436,0.5093519790235984,0.5896161220420088,0.003445970534855518,0.5905318852687232,0.5832405086790902,0.5949689037408296,0.7114972810169803,0.00806203035156148,0.7112793275942696,0.6940495683251451,0.728831599911091,0.5919282716309894,0.01623114514673804,0.5935870678104155,0.5535057956247534,0.6233994673882577
10121,NYU,1,1,10121_S1_R1,37.8,0.0,37.8,37.8,37.8,25.188088033355083,0.5650250961418117,25.225517373963406,23.756639322481657,26.197551430526534,0.33670816859069735,0.015715008572730428,0.3346277273814774,0.30334278904506623,0.36677538819585553,0.5062057004620178,0.023658444698977592,0.5025647974293955,0.4452721946179623,0.5561631720941688,0.5829199435369928,0.005385364124329856,0.5846560846560799,0.5686856028961113,0.5932145177759174,0.726004214213875,0.007151244697963265,0.7277250890914063,0.710561419144575,0.7399200335585783,0.5681985984359549,0.015541189339760593,0.5639805222812452,0.5489579894389326,0.6045828215078669
10121,NYU,1,2,10121_S1_R2,37.8,0.0,37.8,37.8,37.8,24.93084112146156,0.5139054375143017,25.02559463726847,23.881686769033735,25.782416154836355,0.3276458041041889,0.019955296679407875,0.324665586759332,0.29009900705603847,0.36559414378921307,0.4933051063132133,0.027834392377311282,0.48742166403423853,0.43723596235886303,0.5459750358578016,0.5848610991079104,0.00536318403845673,0.5856864383180036,0.5733546830037847,0.5934651443423352,0.7199724440070705,0.007632755986689551,0.7206657844290629,0.7011379227286163,0.7353257204950384,0.5744134967256077,0.01347814096907991,0.5724524331471277,0.5501775438856594,0.6016989374353308
10122,NYU,1,1,10122_S1_R1,37.8,0.0,37.8,37.8,37.8,24.636004009729287,0.6288566805818565,24.805447821868093,23.65709945183051,25.87411543068133,0.3166317702211327,0.020479959873615918,0.3194978793542469,0.28824159548650613,0.35932514603415516,0.48667501712511213,0.02665987942444206,0.48886901342246825,0.43597054095274734,0.5373053700150245,0.587181715463621,0.005481939468429652,0.5873665645595441,0.5713357467743325,0.5941334818527758,0.7153644136164312,0.008915737930479874,0.7137653162012534,0.6984995131507159,0.7333447433308835,0.5838734462076696,0.017729632180003056,0.5791438366469817,0.5558856230464628,0.6192130348005855
10122,NYU,1,2,10122_S1_R2,37.8,0.0,37.8,37.8,37.8,24.656135008490885,0.8348458413202744,24.88181470632553,23.206392660266474,25.910215894799485,0.32027564960080157,0.027557379041407558,0.32734960019108517,0.27062987391349363,0.3620446606181989,0.4836854412413616,0.03346632995571249,0.4954151005272319,0.42117865519937453,0.5509621652093745,0.5864754478789473,0.0064298661373582006,0.5851202079272204,0.5703518054395059,0.5958971502831102,0.7165051589068644,0.010967282094533093,0.7176796108488422,0.697678322205642,0.7353571661498859,0.5827921608431325,0.023863355377132345,0.5842486921043258,0.5438319372353996,0.62274344735609
10123,NYU,1,1,10123_S1_R1,37.8,0.0,37.8,37.8,37.8,25.340829679169804,1.4581146897513582,24.744406871419205,23.50873894346388,28.392967222866258,0.3366019596872263,0.04227366128612748,0.3189256901762892,0.2822343915941755,0.4217663204822394,0.5133123693705877,0.06455714904872058,0.4781572147785088,0.43712851170510975,0.6308229854829644,0.5797202777057497,0.01519549532806979,0.5878121228998315,0.5442040285899876,0.5947554070361039,0.7202519155246448,0.009463980849912956,0.7194574404277823,0.7049716277113427,0.7420385317895242,0.5671067189782344,0.032897757437795834,0.5733990890771956,0.49013013170476544,0.6150824073578647
10123,NYU,1,2,10123_S1_R2,37.8,0.0,37.8,37.8,37.8,25.060525016278408,0.8801317413170003,24.852510990594563,23.727016998905885,27.101736272008797,0.3309250304107212,0.028136494860190202,0.32219306469762743,0.28814652075128755,0.38783101064803543,0.4952249822916457,0.03364147713291528,0.49180743902756446,0.4420081459669208,0.5673440988964759,0.5838141650422294,0.009226188953692609,0.5869117237538256,0.5594653299916371,0.5927968068318915,0.7213468756400152,0.009171533448755393,0.7198042685408504,0.7010098516593256,0.7417476534284045,0.5692796070915992,0.02261743639439247,0.5717332429422438,0.52076102199743,0.6071257628892598
10124,NYU,1,1,10124_S1_R1,37.8,0.0,37.8,37.8,37.8,24.885634256328732,1.2490122660942322,24.449992021761442,23.60727034148417,28.00646342290075,0.3241045280004005,0.039524542878286856,0.3092802388001644,0.2824619506814283,0.4168912441439403,0.4829611263568462,0.04850770951464716,0.4662522904939557,0.43131554428464347,0.5973654341118732,0.584969543910855,0.011606286139346526,0.5899099600853944,0.5518778427550199,0.5952659426343616,0.719066014216033,0.014565835907918599,0.7137353818042823,0.7001784985265266,0.7511844543612368,0.5736249012177217,0.03339595419519646,0.5849294385582051,0.49075430204728226,0.6154462450279627
10124,NYU,1,2,10124_S1_R2,37.8,0.0,37.8,37.8,37.8,25.494141572573223,0.7930419224145365,25.50719701992838,23.99712005790911,27.034299280768945,0.3410100264079152,0.02430256672571468,0.3414350582755412,0.28965228601021936,0.3872396235572398,0.5058256174715383,0.033498741161663785,0.5022030675949952,0.44587553382055456,0.5745228942519847,0.5832068997525667,0.006222214200472681,0.5830362944397938,0.5651629072681597,0.5930288684674586,0.7282191830332583,0.009455291054043316,0.7291638947564381,0.7070943204540779,0.7413156801032861,0.5520452798996583,0.024035926204366672,0.5496455155086862,0.5179964592715088,0.5946303158475642
10125,NYU,1,1,10125_S1_R1,37.8,0.0,37.8,37.8,37.8,25.150472383468855,1.0508702410087798,25.13021097559678,23.479751373278468,27.522842759835093,0.33333081602378684,0.03397614135414026,0.3337767376865337,0.2768688469023361,0.40386699890280026,0.5009587716144326,0.04313674440779633,0.49952774424379653,0.431565250145533,0.6079695498096863,0.5817978855183875,0.010719741429853796,0.5848231690336869,0.5531235496147758,0.5949224914137148,0.7217669538113299,0.011814842811115051,0.7241128507954836,0.6952086799582723,0.7430526568744922,0.5695389003863967,0.025193162449138034,0.5662230172219698,0.5228902139394139,0.6102969529833909
10125,NYU,1,2,10125_S1_R2,37.8,0.0,37.8,37.8,37.8,25.3801398268196,1.1669783795312463,25.362084841100792,23.507542365789412,27.73635242738222,0.342123196501736,0.0374080936934205,0.3456422614886459,0.27933216305555325,0.4222206343131944,0.5096518582129851,0.05056255994303271,0.5131333906031516,0.4261885425126507,0.6104949082182007,0.5805231469478229,0.010836527127128256,0.5801076765989077,0.5565627030539178,0.5950802933259041,0.7255257515152356,0.014251064675655418,0.7270559567893696,0.701582460487368,0.7583528058547448,0.5620136275293526,0.030532014737215115,0.5641340318445839,0.4974080201942786,0.613610804402971
10126,NYU,1,1,10126_S1_R1,37.8,0.0,37.8,37.8,37.8,26.725554752176773,1.7132659932327603,25.782672686325878,24.104693724607166,29.74059789745431,0.37652880754010287,0.04985037167582009,0.35216913060634325,0.2888098388960078,0.4532469601281278,0.5513425619652169,0.062469469544020044,0.5270297581499604,0.4428075786734611,0.6411806491120637,0.5653676610793508,0.021257246927145788,0.5777870602431955,0.5252111760883874,0.5932609301030315,0.7281843879908144,0.010479761944308396,0.7279000424271839,0.7053321092301524,0.7570288072100287,0.5317744580235444,0.03413423193808951,0.547337321237879,0.4740248266152106,0.5866367472443067
10128,NYU,1,1,10128_S1_R1,37.8,0.0,37.8,37.8,37.8,26.703354883085794,1.2249287578472423,26.43374171696211,25.02103609913274,29.106314656608983,0.3794685481522855,0.03536579742810271,0.37248155634722735,0.3335948722609921,0.4500960921975388,0.5626302473023743,0.05101250274914839,0.5580997392438071,0.4811350519936372,0.6507109368995465,0.5685572167967692,0.013254090216052273,0.5697948575141447,0.5413441009932243,0.5865311426714844,0.7360257014912999,0.01082219374164753,0.7349791227271716,0.7209852202122352,0.7600356980946434,0.5301796563829723,0.03069283455587994,0.5415149049883731,0.4602576185321781,0.5649339792058515
10129,NYU,1,1,10129_S1_R1,37.8,0.0,37.8,37.8,37.8,24.5472991581729,1.0605771297176991,24.661493138890517,22.62457163271151,26.910812421221483,0.3116168367650934,0.03313464230155702,0.31568615936906,0.25155871314619016,0.3820025983489192,0.4864212592424694,0.051783124294119506,0.47344461305007585,0.3999450595892148,0.6065383184523809,0.5863425805893996,0.009665470755431338,0.5895293790030525,0.5564967975494423,0.5974844518704145,0.712081418453383,0.012621764222701923,0.7124131866943438,0.685275060707489,0.7402291657149143,0.5885207887330673,0.026116908562505523,0.594680485702829,0.5327257090875014,0.6359594577336769
10129,NYU,1,2,10129_S1_R2,37.8,0.0,37.8,37.8,37.8,25.717870788652103,0.8628993809576792,25.513752508163453,24.259828036082418,27.187625069994674,0.34734543297256043,0.0285048699416333,0.33878123590742276,0.3013065249882364,0.39963791891313416,0.517792497272744,0.03891665053956785,0.51271788084576,0.45756482818563204,0.5982290658087891,0.578893882215111,0.009911360859674964,0.5835746774343179,0.5526566416040165,0.5921006219251777,0.7272036835816386,0.009236165240524011,0.7275571078025044,0.7127055685202643,0.7461540545124328,0.5523296755718676,0.02057148000905731,0.5519732883035622,0.5112663847827141,0.588548102401419
15001,WashU,4,1,15001_S4_R1,37.8,0.0,37.8,37.8,37.8,23.733927217108466,0.626405184693313,23.651217472553252,23.079184144421628,24.792341606240523,0.30896830019732985,0.01929645266718292,0.30868759601399814,0.2825955071850363,0.3391295561409546,0.4736427997341508,0.015770345682409044,0.4666411506385722,0.4605496279381078,0.5046316888742772,0.5885583299813271,0.0027841185778466307,0.5895943562610116,0.5839691822147905,0.5917478882391167,0.7195658260437195,0.00951240133956914,0.7198092838366675,0.7044295293969528,0.7327902679942835,0.6255924867616918,0.022558974840431446,0.6329388953689346,0.5935028758994453,0.649364359856515
15001,WashU,4,2,15001_S4_R2,37.8,0.0,37.8,37.8,37.8,24.231617254576488,1.1424551377874288,23.952059470352374,23.388169438274282,27.14670973953448,0.32022535816552566,0.03588968417707747,0.31187860974275916,0.2903821691566366,0.4128071801329736,0.48461479512658123,0.049995631802440176,0.4744484986442607,0.43537098498840454,0.6107454124223146,0.5854240539620614,0.012309315280230096,0.5891487979207262,0.5533333333333187,0.5939107026826317,0.7234722323399235,0.011893033086168273,0.7212585296910246,0.7117156447308971,0.7535135899338091,0.6069284792943271,0.024382904607146972,0.614428196355713,0.5480162395006167,0.6269621541293608
15001,WashU,4,3,15001_S4_R3,37.8,0.0,37.8,37.8,37.8,24.083163471493805,0.9573503388890386,24.109186777315642,22.684738150395845,25.563051349865763,0.31827727236172065,0.030739471594396175,0.32203205099341503,0.2706103312606971,0.3641111191597036,0.4983864321898392,0.04627515501700263,0.5004903116892789,0.4244701952187076,0.5723351751515476,0.5836301659498454,0.00899699405388211,0.5854822240787076,0.5669878399702866,0.5953123549614735,0.7146684932849037,0.010612643482561133,0.7188787000679469,0.698637359200627,0.729906956405902,0.6217565606241566,0.020592101656744143,0.6143413704439512,0.5987392263238525,0.6495868051560003
15001,WashU,4,4,15001_S4_R4,37.8,0.0,37.8,37.8,37.8,23.970226442395596,0.45777807894803907,23.917370116710664,23.337012296287636,24.67472547826014,0.30834240038711197,0.010169205333281207,0.3031830149391599,0.2945537886275103,0.32704077770902623,0.4724722252401325,0.018784138448178264,0.4649156026834019,0.45547636601949704,0.5064833976833977,0.5881803273616062,0.003720349725166382,0.5895572263993203,0.5807110368513702,0.5913394597605093,0.7162173444649733,0.004643261417280731,0.7187669948447478,0.7097484599900081,0.7208517636759967,0.6111738835648775,0.015704864824180577,0.6037564056343236,0.593948902616724,0.643612172244419
15001,WashU,4,5,15001_S4_R5,37.8,0.0,37.8,37.8,37.8,24.843454941845778,0.7311794315205835,24.856259274482728,23.704959580459093,25.81295541022953,0.33844894174507123,0.021238182976841994,0.3380912443744792,0.3066941573924482,0.36649472762382057,0.5352148067940397,0.027518214031608385,0.5332890095480821,0.4933510977382258,0.5782124274701027,0.5794120073847128,0.006700057662844517,0.5816485658590917,0.5685045948203893,0.5890188434048053,0.7305300343896287,0.008816170835913208,0.7312540174899677,0.7161126993110376,0.7413394180372502,0.601085971747078,0.020271420599941876,0.5964375018044389,0.5716449977361668,0.6284629773061211
15001,WashU,4,6,15001_S4_R6,37.8,0.0,37.8,37.8,37.8,23.946944245434644,1.1669276506072352,23.46712794962682,22.980473440258127,26.22278101569728,0.3066792467761834,0.030824968680562087,0.2978585244223089,0.2795537168850941,0.3676931685441165,0.48941825566672276,0.0323180515401606,0.49183303085299457,0.44562414784616006,0.541978037607486,0.5875584021782829,0.006582375830372232,0.5906711222500699,0.5732108047897497,0.5936507936507928,0.7163335669108315,0.015053826697599316,0.7147897850547131,0.7007636271452851,0.7442937522227949,0.6184254658283428,0.04433141689126595,0.6398721880133986,0.5391288913713793,0.6670763046918756
15002,WashU,1,1,15002_S1_R1,37.8,0.0,37.8,37.8,37.8,23.49885691181261,0.8510784759628665,23.147576730815988,22.58282637407905,24.94301815032959,0.2967746386245658,0.031958443725077335,0.2861675733957213,0.2612423054526898,0.3453553303484081,0.46721702359960143,0.03662928157479675,0.4542971365682576,0.4237224916076091,0.526038632986627,0.5878440958362907,0.006873374365425983,0.5916829109811506,0.5756056808688259,0.5946904297781442,0.7139594603288957,0.014144505485231192,0.7067694386824019,0.698638326118946,0.7338364640901641,0.636082779563533,0.020523938857305673,0.6469597746123513,0.6000134513093316,0.6548431881570909
15002,WashU,1,2,15002_S1_R2,37.8,0.0,37.8,37.8,37.8,23.99579841836154,0.9438638644874793,23.640473145873923,23.15726620837262,25.88056607434624,0.31218746414344994,0.02149286674907062,0.3063201714096506,0.2924589274284435,0.3574308738154352,0.48137090691231116,0.029755224477183137,0.468124890438441,0.45825593121384217,0.5411069349426731,0.5864610084882939,0.005587408795092248,0.5883969182214723,0.5738280887403645,0.5905690151304118,0.7157759945967662,0.006775808076608067,0.7159787000836427,0.7045007140470946,0.7268029695191235,0.6197166737096986,0.029590213421644303,0.6242839369840922,0.5657885564698113,0.6524245708641386
15002,WashU,1,3,15002_S1_R3,37.8,0.0,37.8,37.8,37.8,22.719913890034135,0.6705383387542888,22.31389725521991,22.119172730571346,23.82418065102477,0.2753643836448418,0.017955865562697144,0.26927174842728857,0.25918606875431754,0.30751524203400565,0.43986668372427357,0.041368486277686085,0.41997265910879744,0.41056655847584717,0.5200099252064797,0.5931557288282386,0.00436745176959138,0.5953587672885875,0.5850645131346832,0.5960456697298768,0.7004784456223949,0.008185190858787099,0.6978854316407211,0.6915658124067109,0.7151731517669112,0.6559811457102206,0.016868446246465184,0.6637492328292977,0.6330275481439706,0.6756772360722688
15002,WashU,1,4,15002_S1_R4,37.8,0.0,37.8,37.8,37.8,24.116707127414948,1.3238712224615075,24.595552673465328,22.36582810314078,26.268989658355714,0.3196734040926367,0.03570150899454077,0.3285519569653698,0.26911753069199124,0.38024072549144405,0.49917160130044697,0.04844582850119049,0.496428142064401,0.41848668451458365,0.5645936629911007,0.5832631991501273,0.009202376710937321,0.583741761811924,0.5698087812122675,0.5953216374268973,0.7211094876106697,0.015337465962948183,0.7209174964923043,0.6973769074843538,0.7482388954941673,0.621993563990475,0.042123996579439396,0.6305685759453812,0.55210097007053,0.6738987412468632
15002,WashU,1,5,15002_S1_R5,37.8,0.0,37.8,37.8,37.8,25.95184630138135,1.9140605533618742,26.970602557533667,23.054909181594848,27.579194162393872,0.36387000474419073,0.0510890942124863,0.3880849624599397,0.28011619635331825,0.40536721085442323,0.5770040782368383,0.08594513896405853,0.6191729500347962,0.4377007153391314,0.6527368953111528,0.5641333787142755,0.019594119220338737,0.5553940406571942,0.5432516476376239,0.5927875243664684,0.7238209656813296,0.008520522447707261,0.7242571722572924,0.7077126310086113,0.7339530378098252,0.5848622666024134,0.040373926973425386,0.5610607517658586,0.5528401156249932,0.6488926751687978
15002,WashU,1,6,15002_S1_R6,37.8,0.0,37.8,37.8,37.8,25.977517561187522,1.0819083337140911,26.079039104361282,24.584639985310403,27.246519847920066,0.3818220108494272,0.033200540858464606,0.388671451169219,0.3374058539675455,0.4235946146827074,0.5472618176386601,0.05016469937279838,0.5326779935795575,0.4912740701319436,0.6283710955920329,0.5716448528729186,0.009636919263118552,0.573925554627302,0.5570036201615052,0.5827810266406752,0.7505697142648011,0.012392182037947865,0.7535922632851747,0.7292286385593044,0.7656153963023977,0.5575786682254346,0.030669774704338057,0.546152468509111,0.51964229482092,0.5994912720297545
15003,WashU,1,1,15003_S1_R1,37.8,0.0,37.8,37.8,37.8,23.530747662929066,0.5909706214560638,23.824375547860797,22.32450890415593,24.13120299577713,0.2973068518232974,0.018371453043977817,0.306176442056409,0.25987323748594,0.31757191280548236,0.4813100588650495,0.034521425239855116,0.4874412657823238,0.41240658222518506,0.5160494997866388,0.5872015429520274,0.004654166693980379,0.58616448528729,0.5815232525758748,0.5961570593149536,0.7094902897369433,0.007665277618699665,0.7103056467746013,0.6944120081355661,0.7199059382402067,0.6382966362674615,0.013078145242717514,0.6382865611008368,0.6180969335447942,0.6606063294828983
15003,WashU,1,2,15003_S1_R2,37.8,0.0,37.8,37.8,37.8,23.379741000083456,0.30489350505734497,23.294597435624976,22.848507593493714,23.73866882261477,0.29338931777080735,0.011310581390611642,0.2889158577363724,0.280710883546463,0.31593569408782857,0.4558912883068538,0.014571085201027057,0.45635875417071,0.440439912620096,0.48340192576487034,0.5910883175015713,0.0026275694986918853,0.5917943005662258,0.5862248213125439,0.5935486865311435,0.712178404832396,0.005910844949995657,0.7107943701982361,0.7065897238792009,0.7265592089750255,0.6340883759616599,0.010919568659837765,0.6317671852535406,0.6193730921491014,0.6533082661075003
15003,WashU,1,3,15003_S1_R3,37.8,0.0,37.8,37.8,37.8,22.916028090840893,0.8867774059924599,22.626400572688954,22.061907695469102,25.130990354010933,0.28516020361178346,0.02534242510756189,0.28078461062625715,0.25376816753463544,0.34363308670682685,0.44924949487924337,0.035046259315106285,0.4376089477932349,0.414649418564646,0.5353924145700338,0.5915498623100911,0.0046964596884218925,0.5932145177759158,0.5795600111389431,0.5951267056530203,0.7065236298863183,0.011904223982775772,0.7047270146655755,0.6908200786025724,0.7318949746076633,0.6517585046169114,0.025836964242099955,0.6591160866866301,0.5902462579818265,0.679391578763549
15003,WashU,1,4,15003_S1_R4,37.8,0.0,37.8,37.8,37.8,23.74141379103326,1.165456190414186,23.158718171245173,22.319469898625425,25.79178400478865,0.3116440968990727,0.03420883111822084,0.29755154707034304,0.27112785366899184,0.36899015758796816,0.4858604529571627,0.03706773170673888,0.46731450511607653,0.44326328294621276,0.5410596519989568,0.585908392380118,0.008519373849719665,0.5901977165134974,0.5711148240972667,0.5943005662303902,0.7174362406110387,0.012231761628247238,0.7157172199827072,0.6981394886498676,0.7396176943690063,0.6339661847368805,0.03294955204852566,0.6449455671226105,0.573763647467205,0.6769502673531534
15003,WashU,1,5,15003_S1_R5,37.8,0.0,37.8,37.8,37.8,22.845599376039896,1.1138230381682346,23.275794324435687,21.330947432392524,24.160974666005686,0.27587358596945527,0.028122441403503538,0.2927936132790489,0.23589255390124678,0.30726515571718493,0.45010450647279754,0.04455132173639123,0.47291029510056104,0.38908809825435337,0.506384006918127,0.5927400806543065,0.003611676693965403,0.5915622389306532,0.5865589900677517,0.5968068318945504,0.7053819600156692,0.012393921994695585,0.7128353193139769,0.6860800834325563,0.7182066409246582,0.6512621856083606,0.03674083367727539,0.6434110648932148,0.5943433544340986,0.6962214725573924
15003,WashU,1,6,15003_S1_R6,37.8,0.0,37.8,37.8,37.8,23.69317401183976,0.49562977628924065,23.834675877345237,22.984847683969296,24.19696037643834,0.30001484518870924,0.00882071507359017,0.30260211239951385,0.2860163622760616,0.31140194231295987,0.4898434033777386,0.024562079070495506,0.48720781024698057,0.454710850329632,0.5344820198928845,0.5888203017832545,0.002324013314556541,0.5896639747516849,0.583867075095133,0.5913394597605051,0.7166200698393831,0.0038370952359997623,0.7176546117462674,0.7093885276884052,0.7207817704685973,0.6318239858655883,0.01668193850296018,0.6343105874795895,0.6059151821267933,0.6532562461214058
15004,WashU,2,1,15004_S2_R1,37.8,0.0,37.8,37.8,37.8,25.78578057100898,0.836209974225782,26.13124475730093,24.56590794324875,27.052778323073134,0.3639048139309284,0.024087529882188884,0.3717022539288998,0.3291835996373702,0.3892543465666017,0.5387523194462684,0.03026855781630397,0.5441987947433384,0.4934268529221606,0.5831578486766178,0.5746523716699093,0.00834252154053509,0.5723196881091579,0.5617283950617162,0.5855286364058245,0.741004114836126,0.009484060623192264,0.7381674020049832,0.7286023250944054,0.7603825488236092,0.5602379607820117,0.026621735550290203,0.5610525535594385,0.5138628073105139,0.605465484299523
15004,WashU,2,2,15004_S2_R2,37.8,0.0,37.8,37.8,37.8,24.58180747544556,1.2829700431967348,24.183181358011144,23.14483837297088,26.82057164091813,0.32992119476481063,0.03641150411338148,0.31762369322436146,0.29535901870190484,0.3954314591742764,0.5139828324180531,0.0589053124017812,0.48754665244877754,0.4603294854838917,0.622113419358775,0.5796642841671987,0.013825952103440998,0.5865218602060601,0.5544156688016275,0.5899935022741947,0.7204904380279195,0.007346188168292662,0.7186699039787913,0.7125979871077083,0.7341896619355152,0.6077614112762189,0.025314296348410106,0.6157518829253018,0.5597553375138442,0.6432718518533205
15004,WashU,2,3,15004_S2_R3,37.8,0.0,37.8,37.8,37.8,27.707702962348336,1.5945409341799108,28.34437683695241,25.22248581836098,29.29768100537752,0.4176832271185528,0.04440351376555727,0.43480759531845425,0.3455222931600618,0.46194073479772174,0.5952494487193337,0.05362325109790085,0.6162388904067758,0.48614005631520835,0.6588837264012233,0.5524793023122156,0.018765328993599683,0.5464206813329593,0.5234601052896968,0.583268356075361,0.750157917388569,0.013368084863616105,0.7473920317363892,0.7348250289415204,0.773385375523228,0.5140193973803616,0.045930800171476334,0.5026123159411756,0.4550965260144762,0.5945793160221033
15004,WashU,2,4,15004_S2_R4,37.8,0.0,37.8,37.8,37.8,24.41645813270619,0.6233548674601644,24.157027430283396,23.786808201200085,25.530291512137964,0.32183152169982715,0.01973199544582238,0.31153854964899064,0.3017173786595499,0.3478635346162757,0.49297833465892993,0.015726181726446152,0.4934847066167291,0.47396841019556557,0.5211421139017064,0.5854193095908445,0.003450190842754368,0.5870138308734757,0.5779912744824975,0.5888053467000781,0.724624552554239,0.011358844260966755,0.7216875723783225,0.709205638302428,0.7438505201676161,0.601441106052954,0.023604879162968048,0.6096455626088044,0.5633857194642375,0.6308448638268016
15004,WashU,2,5,15004_S2_R5,37.8,0.0,37.8,37.8,37.8,25.353856873024277,0.9748012416431943,24.699922139393657,24.43006216036646,27.116261271426552,0.3564680786256598,0.02966096630594246,0.3413657809691239,0.3283232512040203,0.407494951514659,0.5139321136427973,0.01602701473622614,0.5139410643157835,0.48956578342778373,0.5429697487481058,0.5779515661581837,0.005374974868605178,0.5796574770258861,0.5670565302144117,0.5831430427921556,0.7415237734185713,0.01790347496119031,0.734827193100227,0.7202293735609471,0.7629227568544812,0.5746591737849527,0.038661867045653775,0.5982767532244262,0.5103777421181397,0.6156654039819537
15004,WashU,2,6,15004_S2_R6,37.8,0.0,37.8,37.8,37.8,23.39906184066806,0.2368711529734192,23.390950247174814,23.051140504761747,23.812896545623477,0.29230455580491554,0.00872367375280328,0.29677139866806734,0.27555970856761686,0.30239637419238174,0.4604216089185985,0.01450200510932798,0.46110670026580136,0.4360300839358431,0.47789015524848355,0.5923089617046692,0.0011867234628473557,0.5923790958878623,0.5900306321358896,0.5936600761162119,0.7129601820390156,0.004541236563657984,0.7145500718674054,0.70341291891041,0.7182963736594551,0.6319797469393784,0.009854091468151317,0.6355362111115914,0.613211663756587,0.6425398579632396
15005,WashU,1,1,15005_S1_R1,37.8,0.0,37.8,37.8,37.8,24.366637129124843,1.1423506440549138,24.170333795484744,22.76552292045794,26.407096244159497,0.3279772494588155,0.033561132608685866,0.3230656798337839,0.2712109599033438,0.38019415259976125,0.5109205790471877,0.04552784277177004,0.5080628268442264,0.4343307687589868,0.5927285608475832,0.5799565580618136,0.010750169796139379,0.5839993502274141,0.5585519353940396,0.59388285528636,0.722371764596819,0.008953260414171294,0.7209506931892007,0.7072633592175707,0.736976649257792,0.6201311381975777,0.03004185178108055,0.6185578282564604,0.5674598419560061,0.6690193429112069
15005,WashU,1,2,15005_S1_R2,37.8,0.0,37.8,37.8,37.8,23.455565288819763,0.9475896051932818,23.355637537491948,21.85507925246891,25.159664972832328,0.30215404952217106,0.027531769212559617,0.2977186882889348,0.254909875593031,0.356234864806095,0.4865282542343484,0.0426883030612526,0.479325326050573,0.4133203428915882,0.5919286086337207,0.5867645966768742,0.007351882264032471,0.5888053467000824,0.5677759212846947,0.5954237445465502,0.7120894284457158,0.010196323892866975,0.7127171196255916,0.6910752424817217,0.730894468484979,0.6469925773139619,0.02510205242314128,0.6461595864863291,0.6021666761760558,0.6876197800915808
15006,WashU,1,1,15006_S1_R1,37.8,0.0,37.8,37.8,37.8,24.620047759162752,1.3758922433553826,24.69212718307972,22.56044891476631,27.50634760982112,0.3336393215583541,0.04264009890063427,0.33695025114691834,0.26234095597938917,0.41780912212685883,0.5230055848112636,0.045976190550454536,0.5371728712600798,0.4350859453993933,0.6024154289789464,0.5739288499025278,0.015052460292934765,0.5737821405365189,0.5419196138494474,0.5944862155388407,0.7189782003001762,0.012542049250638272,0.7186925019035719,0.6942500995515618,0.7439385175163651,0.6199253166589156,0.03197057351821049,0.6246000314988787,0.5555352280744766,0.6679084381330846
15006,WashU,1,2,15006_S1_R2,37.8,0.0,37.8,37.8,37.8,25.52846888161019,2.092894526963983,26.031069502705023,21.96342276522988,28.42661014858045,0.3585000346602944,0.057727725195351895,0.37937733404669355,0.2583989853289799,0.42374076974618086,0.5512497370560258,0.07803848315316601,0.5686186513898319,0.428912599926414,0.6816371501593982,0.5639225521917653,0.02415210441687073,0.5654320987654236,0.5177023245945843,0.5938735728209374,0.7169469342691697,0.019445757405164354,0.7193031672520834,0.6895142275551026,0.7499010125266298,0.6053860848703049,0.04437910367168224,0.5947180268044792,0.5343759625145932,0.6857370880280189
15007,WashU,1,1,15007_S1_R1,37.8,0.0,37.8,37.8,37.8,22.59289748287515,0.57016960433464,22.70011512009721,20.89609600148703,23.449112024119025,0.27322042592362283,0.017432794132909657,0.2779550961621675,0.2213332626217663,0.29371834198499114,0.44949231969774306,0.02705215846772651,0.45430220053235604,0.37935764328521987,0.4892022421300235,0.5923117980135475,0.002447683435981555,0.5925461802654736,0.5885268727373959,0.5978743154181744,0.7001477585913783,0.009483780800180603,0.7030255164700789,0.6729227297722334,0.710595284401593,0.6680776009535399,0.014996158361434113,0.6660968665184002,0.6440407046366123,0.715704540253947
15007,WashU,1,2,15007_S1_R2,37.8,0.0,37.8,37.8,37.8,22.950306147493812,0.7114130208379645,22.70504546981109,22.13731885615148,24.275838578374763,0.288103799848948,0.02058223677597454,0.2824635805523614,0.26022919559320046,0.3215691114075131,0.4707532027214419,0.03854637279915472,0.4586189465863998,0.42246598906462246,0.5335999905468639,0.5889134874222532,0.005443684395521612,0.5913092917478837,0.5791515826603486,0.5950988582567498,0.7028697757767739,0.006095803423546262,0.7026093875220105,0.6927788610601944,0.7137127138252009,0.6644670646661538,0.015576887732713842,0.6689604350116982,0.6357344461695725,0.685048449542389
15008,WashU,1,1,15008_S1_R1,37.8,0.0,37.8,37.8,37.8,23.39982130933749,0.8149214755336097,23.273816744747915,22.295480970959915,24.66774341620897,0.2967756267834174,0.023688080071843864,0.29417233132192255,0.26302079836687015,0.33087657089691075,0.46802147138828404,0.02693109532324139,0.4719238931052619,0.4245821218426601,0.5185503355704698,0.5887556855100667,0.004323514575545131,0.5897196695442224,0.5810823354682856,0.595562981527891,0.7121611518024733,0.011327673914175235,0.712169604316393,0.696077674382902,0.7310973980507872,0.6372014290209733,0.027631008295663177,0.643479731656555,0.5958332053202834,0.6791961787106167
15008,WashU,1,2,15008_S1_R2,37.8,0.0,37.8,37.8,37.8,23.933155751573413,1.0234816630151928,23.66092373979719,22.449769459586395,25.707122382364776,0.3165521583087387,0.02715192628821648,0.31372504944362967,0.2745518395069086,0.3646958079622982,0.5080385652108511,0.05155804784012019,0.4979576557432276,0.43580251161190436,0.6134178982253464,0.5835071010860414,0.008056113939136791,0.5853917200408374,0.5664986540425037,0.5938178780284021,0.7211562919538104,0.010649301224584731,0.7239027247369348,0.7020441645500081,0.7360627530511495,0.6340148610428528,0.020918792321438315,0.6404361784209185,0.602898645460755,0.6698894850011324
15012,WashU,1,1,15012_S1_R1,37.8,0.0,37.8,37.8,37.8,24.380344517717237,1.1724605369774905,24.00059980938309,23.255989253520966,27.226408688645613,0.3251549853790446,0.03325036528011481,0.31738192808457333,0.28489302972280817,0.3987160582454059,0.5044612825407871,0.04356618981898748,0.49447781302391375,0.4505181139047313,0.5926038846689621,0.581165924069427,0.012350107131423153,0.5857166063306407,0.5526055880441805,0.5912187877100122,0.7188952152064243,0.006299501977303622,0.7196001428983543,0.707401726995642,0.7306003949768144,0.6165753291028185,0.02872756643763157,0.6247982813849884,0.5396490411451685,0.6536367865931321
15013,WashU,1,1,15013_S1_R1,37.8,0.0,37.8,37.8,37.8,23.582114639486136,0.8155496212740104,23.45835823604935,22.564601070316215,25.116856631479767,0.2974488148085458,0.02756744190068919,0.2859057129623194,0.2675285242336049,0.3490080323023387,0.4723757341685051,0.04465602353285504,0.44734184969740765,0.42728692112526834,0.5575790562238067,0.5877350784368263,0.007954151351283332,0.5918662396732521,0.572519261115739,0.5953587672885848,0.7126179177765808,0.00868085936722284,0.7099918536862774,0.7012923624606886,0.7347384499242675,0.6321963991148828,0.02001411292366066,0.6401067102214348,0.596922295387659,0.6565462245014311
15014,WashU,1,1,15014_S1_R1,37.8,0.0,37.8,37.8,37.8,23.25649445797268,0.6631610374445874,23.26737933033391,21.854830770116102,24.577466769594896,0.2953004384865608,0.022342839224759322,0.2950506673667076,0.24154603487687445,0.33902523996367456,0.47860212126594687,0.02771807284740465,0.48004030197947756,0.39157545275911726,0.5266286286047813,0.5880105355982497,0.00456563445930612,0.5884572542467235,0.5781119465329796,0.59663974751694,0.7129314051609943,0.011729615134489994,0.7133392756371351,0.6864035104706447,0.7337708330240166,0.6499798951991187,0.018587573248907186,0.6487680598923304,0.6167892531909108,0.6827221631024482
15015,WashU,1,1,15015_S1_R1,37.8,0.0,37.8,37.8,37.8,24.114140226997826,1.090282796054003,24.53703784440693,21.956120569768704,25.76768426079499,0.3188206611098602,0.031623648194830566,0.3279551418881719,0.26153247546702946,0.3629444882891115,0.5109742192609138,0.04767431473981928,0.5042942831100088,0.43170475255853075,0.5875918421139337,0.5815497076023337,0.009511232208830897,0.5841896407685803,0.5670797363779824,0.5946532999164565,0.7178550220912253,0.008921105899139395,0.71779413244025,0.7019927788192275,0.7339337428862502,0.6277962174790047,0.0302211530169077,0.6271811363682778,0.5862180473578072,0.689402823139784
15016,WashU,2,1,15016_S2_R1,37.8,0.0,37.8,37.8,37.8,24.49558127070728,0.7321429355990147,24.339241101553565,23.18615965498121,25.574535166589836,0.3289617058350728,0.020504883320946875,0.3282668451218632,0.2938301470703259,0.362533735935861,0.5066101078083234,0.033066048587803744,0.4977317476291597,0.45748374853635887,0.5746859935614085,0.5817147498375503,0.005740521868055174,0.5826255453448386,0.5680683189455054,0.5888935301215891,0.7256701085331706,0.00937764700289269,0.7243859687067331,0.7125271050293799,0.7467359428483594,0.6094260009756429,0.02367198725258714,0.6085049919001873,0.564924937401997,0.6632418712511331
15017,WashU,1,1,15017_S1_R1,37.8,0.0,37.8,37.8,37.8,22.533052559965533,0.7259269296080268,22.70523302868793,21.349515723554713,23.548414357398684,0.2721847721692398,0.021692830227616238,0.28008118279449823,0.2340068025118047,0.3001329407000766,0.45236594463600854,0.03337321009431556,0.46335241746878986,0.3909035293124908,0.5001727392747418,0.5921883412234275,0.003574977301366853,0.5920170797363744,0.5869674185463682,0.5969831987375841,0.6999257516201041,0.009783229509128522,0.7049099034417969,0.6820084041790354,0.7125061047975955,0.6720802616345222,0.020365789131779423,0.66794875242009,0.6436944063809946,0.707940208418925
15019,WashU,1,1,15019_S1_R1,37.8,0.0,37.8,37.8,37.8,23.584923094997283,1.4969655782770173,23.385217598708053,21.756694685785394,25.891648509000476,0.30540163424157646,0.0449458819416739,0.28661507030815125,0.24863917704554955,0.372385836239237,0.48443187726076903,0.05759716739087055,0.45784796413282186,0.41070138387150557,0.5932640634539964,0.5852014294996687,0.009952575993711535,0.5915343915343884,0.5649633342615688,0.5959528450756493,0.714926494393603,0.01671401212521905,0.7115186635207462,0.6925584930898064,0.7406509214423679,0.6389566598830532,0.04188852385581495,0.6293120052473554,0.5682817794724913,0.698833195627383
15020,WashU,1,1,15020_S1_R1,37.8,0.0,37.8,37.8,37.8,27.827097281594025,1.9029406233900594,28.492222570745568,24.220942771434785,30.783394238823337,0.41755657566204907,0.049908436099009905,0.43304964985866273,0.32630249284438095,0.48869815584401044,0.6118607076851401,0.06195507683724944,0.630100341539812,0.4977513777685349,0.6981794744855544,0.547517981461592,0.021970303407256427,0.5471781305114589,0.5189709724045823,0.5830780655341952,0.7361256200844304,0.016294769757595015,0.733200424313849,0.6930712551399811,0.7604014496137746,0.5275226525068948,0.04681406095563147,0.5215936294822964,0.45152915219548884,0.6149208107588185
15021,WashU,1,1,15021_S1_R1,37.8,0.0,37.8,37.8,37.8,24.873341826639678,1.2423332803790088,24.89672727773064,22.8369790748546,26.873642664206656,0.34246220743837136,0.040336332359886026,0.3423030534374133,0.274777501220952,0.4118525744353509,0.5363078368735408,0.051508705285861475,0.5292088111181942,0.4378068025383608,0.6358006064713361,0.5759062935115529,0.011757537363709079,0.5797827903090935,0.5490123456790104,0.5940220922677069,0.7266654024877606,0.01402618035118631,0.7259437100098096,0.7013187691149312,0.7516070575652132,0.6079684044566369,0.030902102705528955,0.6022405981419976,0.561227028136199,0.6605405169521259
15022,WashU,1,1,15022_S1_R1,37.8,0.0,37.8,37.8,37.8,25.83866754484804,1.7812631403195018,26.02875603845245,23.365256963905534,28.717270057452353,0.3678874271702751,0.0523263934021734,0.3774450671574503,0.2896473909567476,0.45035450136017424,0.5504815089753817,0.07113863364457744,0.5363393755810478,0.46015725384978995,0.6604923226907141,0.5692945790401888,0.017924036412450366,0.5722709551656768,0.5388768216838472,0.5907778706024254,0.7373882039229619,0.017244158329077018,0.7453370978164127,0.7086023188203817,0.7625481188475374,0.5733117320784219,0.04175516889623672,0.5723192106844224,0.5093729770140407,0.638014812253372
15023,WashU,1,1,15023_S1_R1,37.8,0.0,37.8,37.8,37.8,26.02533056139946,1.5646637490113993,26.043694732063692,23.52365842681182,28.541825030979357,0.37037699519111444,0.0467297427434288,0.3673147533964536,0.3018006356525042,0.44822720467040067,0.5334734916327755,0.052987299594252246,0.5255003435025323,0.4668805588271129,0.6185516653731554,0.5722387914229905,0.016566904164277522,0.5778450756520761,0.5425406107862195,0.5900863269284263,0.7415544975748596,0.01483008775595696,0.7427988617291978,0.716795784380949,0.7662241236343607,0.5498421142686214,0.04547102857991357,0.5473711224974646,0.47506562696131316,0.6351686749840739
15024,WashU,1,1,15024_S1_R1,37.8,0.0,37.8,37.8,37.8,23.747989436074306,0.8096380176276459,23.881976749708777,22.07001727223396,25.001274773321654,0.30816419122866473,0.021104003085402175,0.3060332826217701,0.26469175883524215,0.34160784536757527,0.474136378491319,0.01996287026004142,0.4723816192069424,0.4374919540074125,0.5120310922288479,0.5880532349391953,0.003413764520116875,0.5891905690151281,0.5835514712707613,0.5941613292490456,0.7195459275560722,0.010302205578786573,0.7202217371866205,0.69722990747741,0.7388711388649758,0.6251891787497488,0.029147730592493013,0.6181971564610932,0.5753194632287213,0.6869972024014387
15025,WashU,1,1,15025_S1_R1,37.8,0.0,37.8,37.8,37.8,24.282588716086586,0.7127574495810342,24.021749217572967,23.363850142767554,25.48366222632559,0.32195907739536994,0.020974995229372538,0.31398504973861985,0.29545562499964906,0.3600942930509034,0.4923816246999352,0.024441834371814495,0.47994045089110493,0.46308710945582454,0.5391189089260177,0.585153624802741,0.00510523353248331,0.5871600297038755,0.5763482781026581,0.5908567715585221,0.726418292678956,0.011178117348692989,0.7223887142925608,0.7132985255168293,0.7494109460307461,0.6065973731489509,0.02615100636357583,0.609626657123421,0.5577610128638274,0.6439427191186702
15026,WashU,3,1,15026_S3_R1,37.8,0.0,37.8,37.8,37.8,22.907727902061062,0.6642202985239971,23.153975329273624,21.480676223416076,23.787534234084582,0.28300705940774906,0.02138267222436188,0.2919437574487793,0.23891836931175986,0.31434711451454983,0.4593363359440758,0.033140630065538815,0.46114374609096487,0.40598219137995906,0.5151745156883123,0.5903636405829314,0.004167373184095084,0.5900120672050382,0.5819456047526053,0.5967418546365892,0.7037362652583151,0.008667898222933752,0.707192189122335,0.6867028748556301,0.7159974443119971,0.6579499446828695,0.01763641300157722,0.6557516985817959,0.6378245460841026,0.6984962542486602
15026,WashU,3,2,15026_S3_R2,37.8,0.0,37.8,37.8,37.8,22.3976398564483,0.8058234139038731,22.42146919354012,20.63967656461816,23.601289532686536,0.2696037872712087,0.021058950179246635,0.2687119784896085,0.23110258064528716,0.30415595426389547,0.4455332121528361,0.02654606503093328,0.45325420003012507,0.37785736858738017,0.47759116395852574,0.5922011046133825,0.0032504127262207943,0.5926854172468161,0.5871577090875355,0.5979578576069793,0.6997878655547987,0.012600455341449079,0.7005359626101337,0.6745075957689772,0.7178182118649991,0.6773443561343389,0.026364322713080406,0.6779196140859758,0.6371839819612426,0.7311471681928807
15026,WashU,3,3,15026_S3_R3,37.8,0.0,37.8,37.8,37.8,22.8306152423432,1.0144466052002978,23.097383754033793,20.92608955031947,24.03006535768509,0.2816658935048372,0.030642021143452387,0.2867627973928726,0.2188079110913993,0.3139036477764346,0.4521357288161929,0.03629617761788421,0.4605082917179488,0.38144862691237585,0.5012595088228124,0.5909651443423349,0.0043095147718673074,0.591687552213866,0.5849252761533368,0.5977629258331011,0.7067836246352914,0.014951557843842637,0.7105004969599048,0.6751236229587815,0.721480427240962,0.6579928049047622,0.03215331591551362,0.645858523242157,0.617195319694518,0.7170290509096198
15027,WashU,2,1,15027_S2_R1,37.8,0.0,37.8,37.8,37.8,23.08671041123177,0.49924650655732034,23.066788009750216,22.28018645863784,24.51552348576094,0.2877312860096966,0.015233645317722049,0.28695322269740464,0.2548979769535481,0.32526830554231156,0.4579600055237439,0.026438186527973067,0.4490749568615339,0.4252921939036002,0.5430237327864049,0.590168012624147,0.003727074407301729,0.5912837649679701,0.5780423280423098,0.5952380952380937,0.7067945835090385,0.006302074593733599,0.7074060263926927,0.6970916570742807,0.7158347017492386,0.6497062162834599,0.014058726889662448,0.6480119622606847,0.6240553810781704,0.6723707986555203
15027,WashU,2,2,15027_S2_R2,37.8,0.0,37.8,37.8,37.8,23.744281499401517,1.4950621840850116,23.224300262018254,21.874138105543036,26.151595165855007,0.30887675573976664,0.04794586902853224,0.28866305059038166,0.25601906711238803,0.39530012636203377,0.5050879813375019,0.08105391572244705,0.4775312134680842,0.4123750908118926,0.6425390673318765,0.5815212104334828,0.015033791950523174,0.5892276988768124,0.5521850923605255,0.5961570593149526,0.7087016648706318,0.014275111256886956,0.705676789131752,0.6903857065260176,0.7424553644475432,0.6460312275816325,0.026925597379912215,0.6495355675617853,0.6029790817413181,0.6888354211456429
15027,WashU,2,3,15027_S2_R3,37.8,0.0,37.8,37.8,37.8,23.734689080260303,0.8839456472823466,23.54326777207224,22.39396327388914,25.305014886981564,0.31020159638556427,0.02832239099521447,0.3025117960330919,0.2708278363971725,0.36514676318021405,0.49153395862378346,0.0365373646390663,0.480226835023017,0.445165185309408,0.5496393647270962,0.5858024691357986,0.006982317429953838,0.5888424765617701,0.5711779448621491,0.5935486865311387,0.716777014747805,0.011837916121077157,0.7142581673538153,0.7006638149085243,0.7408197270909554,0.6357211848896747,0.022342150952429425,0.6391829594492546,0.5921512501746358,0.6754429228124563
15028,WashU,1,1,15028_S1_R1,37.8,0.0,37.8,37.8,37.8,23.29902570602141,1.079325316205156,22.823686203987975,21.40333257160689,25.08350400171782,0.30012573396661135,0.03611923967697063,0.2892720783353053,0.23230255712739906,0.35843537599260467,0.48331470644415686,0.0540007331430618,0.4637087589667638,0.4013290654790898,0.5819841989379614,0.5860168940870638,0.008227101109414015,0.588575605680864,0.5710897614406177,0.596862526687088,0.7104324847629068,0.016015205756310092,0.7050746265755117,0.682991676687665,0.7407982544025361,0.6539111778512701,0.02525550126548966,0.6617887671761976,0.6104097717354736,0.7033188914645186
15028,WashU,1,2,15028_S1_R2,37.8,0.0,37.8,37.8,37.8,22.804862981909203,0.6073440615390475,22.50928801454996,21.991342968689768,23.864429768135672,0.2786373186532337,0.01807984024902307,0.2740112182950516,0.24935462115752527,0.31115922172614374,0.4566089554243276,0.03076328994112486,0.4446986043317721,0.4219800219221144,0.5082447050268157,0.5911533463287821,0.003736490731245924,0.5930706395618659,0.5832405086790998,0.5949689037408314,0.7049257092909562,0.008496096521479818,0.703701768332371,0.6887688113669559,0.7215353546049385,0.6609236295881028,0.01575387890018821,0.6663615668668152,0.6274718231658224,0.6877457934861991
15028,WashU,1,3,15028_S1_R3,37.8,0.0,37.8,37.8,37.8,23.57915874434145,1.0319361357957877,23.549438138384566,21.882447556131766,25.233056965627167,0.30891680513723085,0.031236391555365235,0.30600787104417015,0.25503891201461865,0.3567128915578395,0.49487885035408175,0.04329116730996138,0.484823044741413,0.4328644759710602,0.5718935351165596,0.5848326835607468,0.008489401854813025,0.5873247934651409,0.5677944862155274,0.5956279587858515,0.7144021852396437,0.012602741823289952,0.7130526008566899,0.6863772327718047,0.7347271971802829,0.6451861267827141,0.026683108186392343,0.6408251293362498,0.6071489048714559,0.6950340236620928
15029,WashU,1,1,15029_S1_R1,37.8,0.0,37.8,37.8,37.8,22.666903095810035,0.6365067090665422,22.782311042045293,21.14487888530681,23.73067691859446,0.27671758758235204,0.019708626272940167,0.2768487830121059,0.23589164306864674,0.3202023019385474,0.4417798937773639,0.03148879163547252,0.438748719310526,0.3911930435763803,0.5034719426153855,0.5922196695442264,0.0032051673452590745,0.5921888053466937,0.5839877471456342,0.5970110461338539,0.7024121320469522,0.010779374210558886,0.7016897565447808,0.6826268575594735,0.7251587436881253,0.6625071750097838,0.01686198027118723,0.6630700058457049,0.6301913611821164,0.7086279144694765
15029,WashU,1,2,15029_S1_R2,37.8,0.0,37.8,37.8,37.8,23.237733921063572,0.997918063814556,22.991657713996737,21.665206084753336,24.93745052500775,0.2927115146482441,0.02948239331711183,0.285389495941892,0.2530025770267326,0.35496694540721674,0.4612479053165014,0.03583517761733805,0.46379515998501875,0.4094157590661087,0.544993730969013,0.5898772393947763,0.004983516203191722,0.5909426343636845,0.5756938642903349,0.5959899749373433,0.7095810038064321,0.011537858247026293,0.708053256537118,0.6930999148769159,0.7288233681115649,0.6439843608803717,0.03434155930772364,0.6525185234174526,0.5787376152908061,0.6941259419841708
15029,WashU,1,3,15029_S1_R3,37.8,0.0,37.8,37.8,37.8,23.51545280484777,1.1712855405808078,23.18980128874904,21.690915390692258,25.343409244010324,0.3012157052885249,0.03281711621599035,0.2943753669998889,0.2451808599952944,0.35537111385766473,0.4696266562977959,0.038541306994106954,0.46612146171637675,0.39910625069390476,0.5277568918536876,0.5877170240415801,0.006888095129817574,0.5904065719855172,0.5733370463194893,0.5962498839691819,0.7129299576165707,0.012594305345810956,0.7166366064366152,0.6879748157361062,0.7313585830347832,0.6362648845317304,0.034303638306678465,0.6462599992179432,0.5867092476552391,0.6875038255708392
15030,WashU,1,1,15030_S1_R1,37.8,0.0,37.8,37.8,37.8,23.04088995492772,1.1418382233244355,22.687189938676983,21.619009835782805,25.517647913882605,0.289081676420304,0.03278222478734482,0.2784504347952135,0.24733983021657768,0.3617419455888562,0.46893840901910366,0.05675431057666324,0.4560071728178374,0.39387620486414027,0.5868403667785324,0.587742040285896,0.009358422669935763,0.5916040100250609,0.5624199387357276,0.5966768773786323,0.7037246454593146,0.010669462417571045,0.7025278659273545,0.68613799168855,0.7254402075506791,0.6597904408368118,0.023582615776774632,0.6688737455109174,0.6117370640657235,0.6968590054114328
15030,WashU,1,2,15030_S1_R2,37.8,0.0,37.8,37.8,37.8,22.27011701797184,0.46936088261929976,22.34395788296273,21.51691908083464,23.19748461779795,0.26516430691504256,0.013199811398497656,0.26736644621451156,0.24856407666890765,0.2994097746867914,0.43327833469180177,0.016361453355116577,0.4294543716091582,0.4107999971724055,0.4815928396905977,0.5940211640211609,0.0020200197914729493,0.5944026733500377,0.5886661097187381,0.5965283579318645,0.698243078879947,0.007197546275332944,0.698590255177941,0.6875216459286536,0.7127730715684815,0.6757540334843719,0.016859956211138484,0.6735716314310485,0.6472434781614169,0.7069079393979999
15030,WashU,1,3,15030_S1_R3,37.8,0.0,37.8,37.8,37.8,23.27487731152459,1.4418740168517419,22.932055754724303,21.44927545974129,25.703329767051496,0.29860177339266364,0.04662504863707059,0.2940468661343886,0.23249491913932838,0.3735371750258404,0.4680779069740916,0.055102088520517345,0.460854661625675,0.39451337604018133,0.5639111142790955,0.5869177573563498,0.009598807844761005,0.5899053188526868,0.5698598347721112,0.5971874129768836,0.710776140846635,0.01761887076170849,0.7100637910042722,0.6849956320979248,0.7448143238784695,0.648668738752147,0.037519126537982235,0.6622939099237402,0.5831643442893818,0.6958888357660293
15031,WashU,1,1,15031_S1_R1,37.8,0.0,37.8,37.8,37.8,23.010673733667325,0.6524037984128772,22.937641016433112,21.913791648965134,24.40138247765993,0.28930217618119514,0.01706191784061358,0.2922290190729564,0.25368114162942035,0.31539755864889185,0.46281570918785436,0.02427892190266598,0.4693043447008135,0.41642709626956304,0.5163793720048637,0.5902745289148766,0.002601653281266078,0.5898148148148111,0.5848974287570807,0.5957950431634595,0.7083690942427743,0.009644676731657174,0.7079555743126722,0.6888964813882035,0.72291329225906,0.6541384182833456,0.02490928933955949,0.6600443223323771,0.5917754868151782,0.6852611164716716
15031,WashU,1,2,15031_S1_R2,37.8,0.0,37.8,37.8,37.8,24.24638745281257,1.7065550769002267,24.528401089969435,21.599096025291242,26.668981129244756,0.3198989840894956,0.047383040656978716,0.3364800816702011,0.2402275623951288,0.3809029790282826,0.48483509504833133,0.04342700644388329,0.5027415408508654,0.4152024862669193,0.5389163246852612,0.5835769516383454,0.008547685812611101,0.5789065255731733,0.5723215446022429,0.5959342801448075,0.7194815661358469,0.021334355639345187,0.7230341255877055,0.6848811009150134,0.7472155934031036,0.6128635330839729,0.05855874756216716,0.6112855500155456,0.5184277953028645,0.6978595953288432
15031,WashU,1,3,15031_S1_R3,37.8,0.0,37.8,37.8,37.8,23.40109296779884,0.9819876513342903,23.756138225919322,21.923277322869552,24.810354175065694,0.30092403357619907,0.033194420348850645,0.3116186913836538,0.2513391130295889,0.3464858848646758,0.48174681060307495,0.04417469433545838,0.49383094047672693,0.4121682576313857,0.5441387717260048,0.5854673721340327,0.00741798735396782,0.5850459482038355,0.5758284600389731,0.595470156873664,0.7126474402445866,0.013211161060529556,0.7166005156742553,0.6915157608586519,0.7321017226105548,0.6492158033545055,0.02304801979919544,0.6389952783198185,0.6095771371139785,0.6866638881753195
15032,WashU,2,1,15032_S2_R1,37.8,0.0,37.8,37.8,37.8,22.9628382898475,0.7781914868896818,23.00294035939794,21.76934366759501,24.43872363441869,0.28035634533235887,0.023886900403983252,0.27830283214394924,0.24260160491119837,0.32529689543076856,0.4584104813278739,0.03802484720472607,0.4591747273291428,0.40620293175502237,0.5409382531654163,0.5896180265478438,0.0058521836413107115,0.5900538382994438,0.5751833286920954,0.5971781305114617,0.7040928770633919,0.008573959615411958,0.7014112951067861,0.6891680525989847,0.7191071693987164,0.6564582253762256,0.01832805102444967,0.6561828342670187,0.6251408110253163,0.6883943724004846
15032,WashU,2,2,15032_S2_R2,37.8,0.0,37.8,37.8,37.8,23.043037224741358,0.7206343436243904,22.780752825423292,22.050975604433763,24.505479148187135,0.28823333799874146,0.02344397016611803,0.27848942559326806,0.253089347293757,0.33453695432418623,0.455506805448432,0.03423457551493217,0.441233515639376,0.4123531791471534,0.519398317074987,0.5909101457346991,0.004093531385475204,0.5923698134224382,0.5820662768031037,0.5960827995915663,0.7080740934940695,0.0113713714961005,0.7060095855454959,0.6917701811506121,0.7267958912903126,0.6518099718959808,0.0191069990605109,0.6563862992192802,0.6146842820768534,0.6786157662358598
15032,WashU,2,3,15032_S2_R3,37.8,0.0,37.8,37.8,37.8,25.51471282163733,0.9391107829456601,25.498683388295927,23.79934742952648,27.05967507989783,0.35557000646996634,0.03070874299789395,0.3522100250361704,0.30239695360492996,0.40583795199895306,0.5323432432860798,0.03032281792460034,0.5336809439916551,0.49494176709366583,0.6249078025728805,0.5750077972709451,0.008227831924609215,0.5765385686438229,0.5505096073517132,0.5858395989974841,0.7361600512533177,0.014100943653032204,0.732776294606287,0.7094166842999221,0.7613666516848977,0.5758044404941692,0.03643042986756198,0.5858532588915453,0.5091300638032072,0.6383909383812046
15033,WashU,1,1,15033_S1_R1,37.8,0.0,37.8,37.8,37.8,22.67184503630588,0.3955300093224429,22.6376651437659,22.104527034571298,23.39292862791764,0.27543219579017547,0.012887649891362808,0.2782607840353687,0.2517629242358931,0.29268036288511445,0.44687938354554796,0.025823129696505034,0.4383620949966401,0.413274257132832,0.49877087968141204,0.5917079736377931,0.002914836270245794,0.5926111575234342,0.5844750765803283,0.5952009653764009,0.701707548722802,0.005666388066371732,0.7023777961521078,0.6921287699113277,0.710459829455936,0.6638008762635882,0.00896065187339114,0.6624082398095924,0.6505963415397107,0.6779159884819975
15033,WashU,1,2,15033_S1_R2,37.8,0.0,37.8,37.8,37.8,22.746513072911064,0.6040659395544711,22.48988154593267,21.72364773060146,24.228544846333957,0.2747942619491731,0.01828388396833475,0.269717239725347,0.24940255544907836,0.3115266805013013,0.44625027104601267,0.03236266703191476,0.43595493058566526,0.40498930264427446,0.532601259494448,0.5919866796621136,0.004106389485555638,0.5934697855750453,0.5791005291005202,0.5959714100064963,0.7026339750719013,0.007814701772766575,0.7023558921241125,0.6921991295218112,0.7226517186742965,0.6598878731505349,0.012684435308627662,0.661506642765137,0.6362095388287922,0.6881884844115238
15033,WashU,1,3,15033_S1_R3,37.8,0.0,37.8,37.8,37.8,24.080681421097957,1.0430217885258612,24.00687032875262,22.292345517873763,26.087211650923678,0.3173173703227015,0.035581275636717036,0.3127068173098576,0.25715546961017444,0.3819882772220898,0.4907306689493244,0.031709790495179246,0.4896725840236334,0.4239656207624689,0.5444130029677686,0.5834809709458766,0.008902069511414697,0.5853522695627889,0.5640480831708772,0.594978186206251,0.7212575599090562,0.013610751026082439,0.7199948663605791,0.6972266201150781,0.7493693497410796,0.6199782858252425,0.029212035003956048,0.6209772242149647,0.5680583262204526,0.6671370390031837
15034,WashU,1,1,15034_S1_R1,37.8,0.0,37.8,37.8,37.8,23.561124477700183,0.9786334391920178,23.263613136504826,22.241339979673686,25.4098101659825,0.302316262083079,0.02720325394894383,0.2908093696428723,0.2706758610843451,0.3549462468938998,0.4951047444014961,0.041609391508186946,0.48201099960955657,0.4418022695642865,0.5671767828214939,0.5847499303815045,0.0076940013026303355,0.5884804604102799,0.568186206256377,0.5927503945047786,0.712003106053141,0.009811368113792443,0.7096237451094551,0.6989833593985588,0.7261633625357419,0.6452956492140312,0.023538813922993,0.6520810235637172,0.6020598185092285,0.6828314276001839
15034,WashU,1,2,15034_S1_R2,37.8,0.0,37.8,37.8,37.8,25.300920045234655,0.9689841487319656,25.12937346634112,23.598050002989016,27.330899418655196,0.3537182619107419,0.02459972355349117,0.34934356762064056,0.3133787815097704,0.4038262692088815,0.5229297226223228,0.027063107298168968,0.5203666491656507,0.48317131948769326,0.5872067250069779,0.5788920913394499,0.005739930864727725,0.5797804696927349,0.5656131068411765,0.5863826232247248,0.7368590835936817,0.012639454121128999,0.7381884456012757,0.7123109518969921,0.7559061522202545,0.5771632061293284,0.04253631127303634,0.58168491703725,0.495318213202302,0.6481126444896128
15034,WashU,1,3,15034_S1_R3,37.8,0.0,37.8,37.8,37.8,26.92984876033507,1.2498428800899313,26.73798903320965,25.120457075771533,29.28295471291793,0.40912641770805847,0.047131122340542154,0.4042449360981052,0.3423072471108679,0.4957528195690098,0.5820576109475966,0.05858036658916237,0.5965367138568491,0.4855441113560828,0.6639380229690266,0.5591362931137329,0.019336851318492145,0.5625498932516353,0.5225272175147004,0.5847257031467501,0.7539182130343699,0.012191977005486762,0.7542305859390493,0.7310406754477524,0.7714316930394994,0.5421164150951434,0.02390547382940253,0.5415858453975286,0.5015891252238582,0.5866938404570845
15035,WashU,1,1,15035_S1_R1,37.8,0.0,37.8,37.8,37.8,23.15175060556123,0.8473223515000701,23.414197439582722,21.660435564580716,24.233286995009372,0.28827278806052353,0.026069408472711757,0.2947905264974278,0.23888058784438093,0.3251195662861989,0.46953562266611903,0.039267439457533415,0.4743536010575522,0.3966078213228657,0.5359617229413646,0.5890777870602375,0.0046864663461528965,0.5885547201336612,0.5810405643738853,0.5966954423094769,0.7067878123883422,0.010047240060974707,0.7107931530799103,0.6856230766087762,0.7196320178387411,0.6522095046181826,0.02262196728991815,0.6474612297611095,0.6160658568832675,0.6888951516672616
15035,WashU,1,2,15035_S1_R2,37.8,0.0,37.8,37.8,37.8,24.971488960510804,1.14887964872729,24.808874949342325,23.409237605333328,27.187711707541816,0.3459218042991574,0.0345860370241226,0.34399643737446894,0.29165635405440576,0.41455270307680814,0.5528104504850877,0.047194054481041026,0.5492746983463285,0.47153646494018464,0.6308026215450905,0.5742746681518571,0.012070039975814595,0.5777313654506557,0.5478074816671442,0.5895386614684817,0.7330146949347419,0.01197637454025029,0.732104231452795,0.712841561360601,0.755928672065219,0.6093180110845616,0.02510297075150644,0.6113306095327251,0.5660355258041091,0.6505234076780252
15035,WashU,1,3,15035_S1_R3,37.8,0.0,37.8,37.8,37.8,22.879523600339887,0.7407872520937859,22.731802899743382,21.649515938131433,24.042521439727985,0.28339122836508673,0.024468497372725884,0.27883040104414236,0.242497338767099,0.32156780663032664,0.4612363464101281,0.04197160355905157,0.4473943187496448,0.40261480566008917,0.5465064530485091,0.5909055045019913,0.005185912367356233,0.592843219159005,0.5788452613013941,0.5963798384850989,0.7056985566710929,0.009817473660298814,0.7060909429728399,0.6860439158806393,0.7207985420520916,0.6591764663471481,0.018770868773747788,0.6582779036121627,0.6166769193660181,0.6924175707137342
15036,WashU,2,1,15036_S2_R1,37.8,0.0,37.8,37.8,37.8,23.488477069641412,1.1210863273278429,23.685001511636536,21.67878764961895,25.16913061141968,0.2993841724493399,0.036592930326060966,0.30193683414288996,0.24601062093896633,0.3571351535439073,0.4820955611845674,0.05851718163591481,0.475254450680528,0.4077577785118391,0.5926963762626931,0.5860032952752187,0.008869011861149453,0.5881021999442999,0.566805903647994,0.5963798384850983,0.7124207642498377,0.013466792396549278,0.7169154089033087,0.6884697665150731,0.7331653340938713,0.6453594630014694,0.024028696459598074,0.6330453421761817,0.6157521545505231,0.6932714031669497
15036,WashU,2,2,15036_S2_R2,37.8,0.0,37.8,37.8,37.8,23.370746960749752,0.8638744918544677,23.154029567147557,22.380697037044325,24.788255865950333,0.29690459044231493,0.02460376745130886,0.2927123564570083,0.26598659352352877,0.33811397984200237,0.4593194993364631,0.021626158125685784,0.46211143470044946,0.42783193136988873,0.5008264462809917,0.58945860020421,0.004340864256897536,0.5912141464772999,0.5800937529007656,0.5941613292490473,0.7147712153497969,0.010876153970907996,0.7154878724614591,0.6991341459904138,0.7345852117037761,0.639452981183835,0.029223296211367558,0.6487304517342101,0.5846991510286333,0.6733077639392809
15036,WashU,2,3,15036_S2_R3,37.8,0.0,37.8,37.8,37.8,25.83996437446067,0.87632109291158,26.022575183604893,23.56008670016339,26.92328269230692,0.3658499194401895,0.029701453826333934,0.3734402067687519,0.2936294400530146,0.4044949865751526,0.544652203354534,0.03970271237986603,0.5466779524189235,0.46179656467334573,0.6436168000831687,0.5714755871159338,0.010384614692875176,0.5692425508214976,0.5533361180729515,0.5911723753829012,0.736949402417282,0.009336421111529849,0.7396438335987441,0.7184629073272363,0.7518726622892914,0.5676367830304806,0.022236423261972952,0.5686970643929472,0.5344156933474826,0.625294812199997
15037,WashU,1,1,15037_S1_R1,37.8,0.0,37.8,37.8,37.8,25.309539033143146,1.0678579539914792,25.366033982289466,23.61344502536874,26.695154008112457,0.3548889900480401,0.03500750731451864,0.3534018359328778,0.3101399736916002,0.4010198151684811,0.535765450814329,0.03630979622646206,0.5435382972583754,0.47914238636820317,0.5796913352303582,0.5734338160215252,0.011359570496030228,0.575327206906141,0.5551369163649839,0.5863547758284496,0.7339067766683653,0.013159662703240507,0.7344821558064072,0.7106790198201864,0.7605085821718116,0.5901944130508888,0.029861028114092365,0.5851644667982225,0.5426821967048985,0.6589238974949139
15037,WashU,1,2,15037_S1_R2,37.8,0.0,37.8,37.8,37.8,25.404397723188527,2.0788675986988374,25.6562580378432,21.02253666708344,30.10909719090713,0.3564349710265417,0.05892707505894038,0.369034222471434,0.23013241086764133,0.4728531411608293,0.5375881380692373,0.06899226204033881,0.5418020645411238,0.39807176016555734,0.634091358326823,0.5713213037001619,0.018696716448906085,0.5738884247656022,0.5140636865532675,0.5971410006497712,0.7305262680721059,0.019212917105663193,0.7370003276194705,0.6821803871287296,0.7517337826081044,0.5905851473137051,0.05471686793302001,0.5771347083759255,0.488304855301665,0.7172255534841568
15037,WashU,1,3,15037_S1_R3,37.8,0.0,37.8,37.8,37.8,25.934045831357178,0.7798946361017199,25.983573851146197,24.455275379356586,26.938118241335218,0.370785788367889,0.021413888160267982,0.37102492872002696,0.333072188434932,0.4094871745277803,0.5397909298033291,0.023934857448070904,0.5452919847919839,0.49122395527930884,0.587342333407232,0.5734130232989756,0.004921281632180837,0.5726097651536064,0.565387542931397,0.5828460038986293,0.7405060263843893,0.009354021209998235,0.7402336695642442,0.7277955295587487,0.7598802392375568,0.5598620023808915,0.027252870146545816,0.5625851705906884,0.5152722926798454,0.6053173693333187
15039,WashU,1,1,15039_S1_R1,37.8,0.0,37.8,37.8,37.8,22.229082247944255,0.6242500965593565,21.95275724389051,21.405056243507484,23.74864309085043,0.26568711566053865,0.022867496057807555,0.2586116490501445,0.23614578576213793,0.32450988727738866,0.43844985536726744,0.03198049485499625,0.4347533886797412,0.39152934576817894,0.5188036718981345,0.5929056437389727,0.004212528885780243,0.5940220922677042,0.580075187969922,0.5971224357189241,0.6959708139636203,0.009293370921456504,0.6921099449183077,0.6839444315227184,0.7186465964665546,0.6817324156580746,0.0136177295438332,0.6881371701221817,0.6523046391384079,0.7010789734877042
15039,WashU,1,2,15039_S1_R2,37.8,0.0,37.8,37.8,37.8,22.85357313956085,0.46527166417340327,22.903490521719583,21.51747351853471,23.531021472027426,0.28257441629948116,0.014590551501735384,0.28363932441954187,0.24489252725569932,0.30818549063491607,0.4576997364095149,0.020552763489318848,0.4563479445178777,0.4126000233130601,0.5026685806831567,0.5915747702589759,0.0026428820723842796,0.5921006219251792,0.5858210340666401,0.595665088647539,0.7081775138141777,0.008129674992146223,0.709915198553698,0.69112006302902,0.72282527006112,0.6582455191851093,0.018437606025654352,0.653892398053177,0.6378435429358874,0.701304142196608
15039,WashU,1,3,15039_S1_R3,37.8,0.0,37.8,37.8,37.8,22.94911872648879,0.7578041194680306,22.934189787036495,21.568691681874427,24.39529842451999,0.2848711431162191,0.022224304055791184,0.2842430390626609,0.24145334163647655,0.33258385438365917,0.4618975481606621,0.02543966962960656,0.4614155914157339,0.4173338670936749,0.5096741312930976,0.5900385222315012,0.004014998552652561,0.5906548779355771,0.582010582010579,0.5972431077694234,0.7053432635741019,0.01012513147765302,0.704155346383708,0.6851894473776143,0.7273097445101517,0.6589788062006143,0.02312875149368701,0.6629986640762001,0.6155802508145446,0.7000746427522466
15040,WashU,1,1,15040_S1_R1,37.8,0.0,37.8,37.8,37.8,23.853424720638678,1.2733494980591369,24.068481058823433,21.66241491280104,25.605566064307563,0.312653430281174,0.03789816990609877,0.3171067834842208,0.2494382481114351,0.3615604163407359,0.4921630849524635,0.051274254932741015,0.4979520013639596,0.4118411000763942,0.572894474411858,0.584243943191308,0.008726703010192035,0.5846514434233694,0.5716652742968495,0.596008539868186,0.7210682911348304,0.015756628802439353,0.723239539240139,0.6947863130095593,0.743363181099945,0.6294014554741952,0.035402848102104714,0.6173178346865491,0.5834022740639209,0.6963465263653651
15040,WashU,1,2,15040_S1_R2,37.8,0.0,37.8,37.8,37.8,23.22816673534481,0.5857383640759826,23.08760427801233,22.350704907116135,24.568806982040407,0.29304262431770384,0.022250830049778448,0.28691450529363655,0.26361051948301756,0.33640016341688816,0.4630161704709832,0.01871161076980943,0.46335064603700016,0.43574454513308697,0.49897422786483503,0.5889909495962085,0.003965884937904705,0.5903230297967086,0.5800705467372099,0.593260930103031,0.7116026858811655,0.010541204129665124,0.7078401132678028,0.7010045185025386,0.7350398670146734,0.6450712458714241,0.019654900645984727,0.6477970374606505,0.5926493684052425,0.6721288948545745
15040,WashU,1,3,15040_S1_R3,37.8,0.0,37.8,37.8,37.8,23.16356888080898,0.8411422931340987,23.048821819612854,21.33936733477994,24.56852323444266,0.29062484660552257,0.024407822297273417,0.29159095048091827,0.23762711555505195,0.3282964436622671,0.46608383778261275,0.03929267922489479,0.47080253373605707,0.38532347424925084,0.5424050555399067,0.5903042328042252,0.004107376669901971,0.5901930752807867,0.582108047897506,0.5978650329527514,0.7097207018728527,0.012001054810341496,0.711842882938777,0.6830918936016618,0.7275099304471169,0.649075358273574,0.023894525044684044,0.6513354399233467,0.6081749065810013,0.6980041066174785
15041,WashU,1,1,15041_S1_R1,37.8,0.0,37.8,37.8,37.8,22.753857929549717,0.7025839124079639,22.739660544301334,21.742959675977104,24.195804914047844,0.2771061727589886,0.021419814301388226,0.2701253842756042,0.24215847541960187,0.3170348688758832,0.44729015173784525,0.030328626346175582,0.4426130721207582,0.40308448472069985,0.5142922532525073,0.5916750208855428,0.004767454412766144,0.5928664253225606,0.5786967418546293,0.5968439617562412,0.7024889505977006,0.008154869778557455,0.7034883054941232,0.6873728759594908,0.7154805373315096,0.6604896674669741,0.01796148545593049,0.6619730378410604,0.6283158395921775,0.6863855670319066
15041,WashU,1,2,15041_S1_R2,37.8,0.0,37.8,37.8,37.8,23.81828717082739,0.8258568924620003,23.597566709549803,22.294784180427854,25.496670945067155,0.31221342486468895,0.02376529434134463,0.30492748294347466,0.27101611791459723,0.3522003513286192,0.49879563604394317,0.02529712942859295,0.4955927146659374,0.44238345919985017,0.5377755920674515,0.584335607537356,0.005965177912887575,0.5861505615891516,0.5746217395340191,0.593808595562978,0.7151970916105209,0.009119883887433749,0.7141394762237702,0.6981868370905222,0.7319906981514686,0.6377932697016693,0.025579181703401777,0.6393278254809668,0.5808020670876732,0.6802992339703208
15041,WashU,1,3,15041_S1_R3,37.8,0.0,37.8,37.8,37.8,23.898489743141752,1.5305343040699266,23.40567746868259,22.268238191228164,26.854589782263105,0.31186060156059986,0.04332562807387763,0.30313145471854797,0.2590808374118212,0.3894703143077347,0.48340670666777796,0.0501599318317875,0.4820239783600425,0.41461498708010336,0.5684626056099028,0.5844079643553293,0.009771055662444603,0.5860855843311943,0.5675921284693185,0.5957857606980391,0.7158863801238438,0.017843785865009162,0.7084890314359268,0.6965856313975869,0.7499298751356233,0.625602151433577,0.045420010752730965,0.6497866507079135,0.5273361593725554,0.6708341577596831
15042,WashU,1,1,15042_S1_R1,37.8,0.0,37.8,37.8,37.8,23.054828299001645,0.7470743870265197,23.21007035296214,21.62013972621215,24.277208424869336,0.291711622167072,0.025254236269520586,0.29155261636529356,0.24754975547775102,0.3355262800747918,0.4716601336012626,0.028681428891681484,0.4705166448389688,0.4200451683547769,0.5128222582521629,0.5897029611064654,0.003970706792369886,0.5898983570036178,0.5826882019864402,0.5957950431634644,0.7116600536901612,0.012318580589742221,0.7116057107312873,0.6889854597015045,0.7341882473892503,0.6555201639805588,0.023135068294915885,0.6537987885120619,0.6167332274938353,0.7000751662158063
15042,WashU,1,2,15042_S1_R2,37.8,0.0,37.8,37.8,37.8,22.868250858407272,0.5855045694659434,23.077402581196083,21.644767144792958,23.7417440787742,0.28389361552049686,0.016784370224236664,0.28905951474884584,0.24751357475935676,0.3115580004041542,0.46148700252884545,0.025924684022942346,0.45306395916413256,0.4168882162869647,0.5070522589693927,0.5900039450477992,0.0035186566130971223,0.590128098022827,0.5834354404529778,0.5961199294532622,0.7051046450997054,0.0081145520926777,0.7066244021024473,0.6857479310276196,0.7149787632350512,0.6625377538518068,0.019607682909642585,0.6589260404653052,0.6303092925072513,0.6971626951464768
15042,WashU,1,3,15042_S1_R3,37.8,0.0,37.8,37.8,37.8,22.460795147450348,0.884598950950893,22.450734520742767,21.111496602861504,23.867616505999315,0.2724013698751858,0.026915370435444303,0.27552903045182453,0.2315348465748318,0.3165704184825981,0.4434850169099702,0.03941922505960625,0.44493778276443313,0.3924842258082528,0.5145358481292621,0.5920672050496545,0.004792320054122033,0.5935115566694478,0.580697113153231,0.5971966954423078,0.6989136588960205,0.0118625701406371,0.7018397915946137,0.6770579451323367,0.7154804462351901,0.6737222792213589,0.023573154322892562,0.6710373925219935,0.634853316359253,0.7151516003799253
15043,WashU,1,1,15043_S1_R1,37.8,0.0,37.8,37.8,37.8,23.028049819359655,0.8471823137109151,22.7283967074595,22.021078748138326,24.809706859212174,0.28214908624093815,0.02546323432581725,0.2754069183337721,0.24947704810251076,0.33674649199077517,0.47118075137331294,0.03398285776438482,0.4685132586842255,0.42524044068215183,0.5439640683859751,0.5895001392369758,0.005429907813527877,0.5918453541260538,0.5755824747052688,0.5948575141557582,0.7055511999038913,0.01164741679659274,0.7017795123886035,0.6909901097884064,0.7281560488732319,0.6589493542106262,0.024044267891092604,0.6689351516666601,0.6160445788218032,0.6886606379642157
15043,WashU,1,2,15043_S1_R2,37.8,0.0,37.8,37.8,37.8,23.01267321081538,1.211477356084873,22.922841577467167,21.05315022437196,25.068949190566414,0.28573755031522813,0.03943670183841055,0.2790568226121092,0.2277408629512923,0.35592520762075985,0.4682306655686541,0.05611637403053221,0.45994311442880875,0.38695989025439087,0.5631820873635826,0.5882823725981576,0.007754134481677392,0.590889260187503,0.5717720226492127,0.5969275039450465,0.7076293116832141,0.014282114413585036,0.7084940085197533,0.6818261573767103,0.7289431638387106,0.6594004082439903,0.03000488470128778,0.6582386918509116,0.6133188536558202,0.7127473970453443
15043,WashU,1,3,15043_S1_R3,37.8,0.0,37.8,37.8,37.8,23.753633894653696,1.1939659153469493,23.476838323160223,21.909715443849564,25.566508956959375,0.30686401748147063,0.032389736960380916,0.29753090941452476,0.2562260693643559,0.35921283548652166,0.4722665686554993,0.03267460392921659,0.4648460423366804,0.423705832355203,0.537622161804688,0.5881063770537412,0.005400537811983528,0.5905550914322767,0.5793186670379565,0.5949874686716775,0.7209493855746432,0.017503090927142795,0.7194491939351839,0.6964411723699663,0.7483262619884548,0.6252617371890645,0.04333205989349747,0.6280177960129243,0.5557859667560511,0.6909420022025675
15044,WashU,1,1,15044_S1_R1,37.8,0.0,37.8,37.8,37.8,22.36863026157806,0.633272954316883,22.226486610895712,21.61981264195944,24.294484602150163,0.26829070436751457,0.018545967780752768,0.2660989159080323,0.24206353763437166,0.3241110565032947,0.4456322633988776,0.03720195164072811,0.4349711446941102,0.395704409978046,0.5357717135466431,0.5923763111482376,0.00428851049886951,0.5937111296760383,0.5788591849995257,0.5976608187134499,0.6976802426540847,0.006432344505499241,0.6972907725068351,0.6861225213624773,0.7134596670076288,0.6783385267977394,0.012489399282713419,0.6805682635214361,0.6376465534340602,0.7001794457485403
15044,WashU,1,2,15044_S1_R2,37.8,0.0,37.8,37.8,37.8,24.762074979433887,0.9221558266999103,24.844439141060178,22.355325328990034,26.732904367697866,0.3354125993262101,0.029228475055190686,0.33643800512567856,0.2644866278434368,0.394076953596843,0.528078576559942,0.03843725649630003,0.5206957511488508,0.4323916061076182,0.612399971744856,0.5751926575698421,0.010025550519187527,0.5771558525944374,0.5484303350969996,0.5935486865311411,0.7256197851537517,0.013249237832734094,0.7255271659426628,0.7033091434047866,0.7482485311989243,0.6121355387819108,0.026031771851797062,0.614175000239866,0.5726576755319721,0.6721555633088135
15044,WashU,1,3,15044_S1_R3,37.8,0.0,37.8,37.8,37.8,25.28362900605327,1.6201193467229398,25.20484290562178,22.976373397676568,27.49704210569984,0.34882502906950025,0.04697568345895921,0.3405380899103232,0.2846687156600195,0.42275695003662794,0.5271546353510027,0.06332576312552599,0.5028935076691556,0.43724713127770337,0.627066150972292,0.5727113086950142,0.018628962362982605,0.5800357374918701,0.5355814138520987,0.5935394040657165,0.7271207389476975,0.01231555932683363,0.7254621527413763,0.7097128452665973,0.7524331934080128,0.592611958353226,0.03749052032329241,0.5867612081794346,0.5294121189855726,0.6502758754043318
15045,WashU,1,1,15045_S1_R1,37.8,0.0,37.8,37.8,37.8,23.042510697873016,0.5203039992901116,23.1316104579913,21.925049831678994,23.823415755911878,0.28489528808866543,0.015920320278396682,0.29062888708344903,0.25369616028562764,0.30518154060815683,0.4622491398407448,0.024774220842732345,0.4698740535146212,0.40949209799455893,0.4957580297780691,0.5910287292304778,0.0025093784574063507,0.5904251369163557,0.5870973730622833,0.5957115009746539,0.7054783311024768,0.008071500533329761,0.7081308588327255,0.6900698727902651,0.7148417705377906,0.652514721940683,0.0158296533209309,0.6491177065264246,0.6211835981743211,0.6804688576302864
15045,WashU,1,2,15045_S1_R2,37.8,0.0,37.8,37.8,37.8,23.397375403328944,0.7678861679182392,23.180846898022452,22.27745686644002,25.14031090297197,0.2961293403443663,0.022879267490748856,0.28957954528778973,0.2611865978779096,0.34803606108559865,0.47447360397786653,0.03624396736365663,0.46993603819133756,0.4265771276961357,0.5467339019723548,0.5882857606980323,0.005515467704883899,0.5897011046133753,0.5762925833101096,0.5950988582567499,0.712941408618159,0.010209604260124542,0.7088406516481541,0.698590675403862,0.7362874840999117,0.6422651428040672,0.020553920817940434,0.6457717750820069,0.5964306580127364,0.6764226678519221
15045,WashU,1,3,15045_S1_R3,37.8,0.0,37.8,37.8,37.8,22.568570884372058,0.7669148746022132,22.45873486305538,21.590818017721176,24.497888366172187,0.2711508287800741,0.025157413110330706,0.2680349102383488,0.2364772775140448,0.34202765388504736,0.4299513285212885,0.02984964669843803,0.42393025817708035,0.390850144092219,0.5096940406566749,0.5937858535226922,0.00399821740385256,0.5951406293511514,0.5798013552399529,0.597447322008724,0.7041140672079742,0.012645925212265086,0.7029399831721748,0.6872046981065923,0.738032721180886,0.6599036925572168,0.02213101256529883,0.6609212714984735,0.6130774234669748,0.6930946723925506
15046,WashU,1,1,15046_S1_R1,37.8,0.0,37.8,37.8,37.8,25.223441289082952,0.8092085093422624,25.10407314363279,23.963539401794733,26.584095340026053,0.34734414465827834,0.026963638785616507,0.3379845470050306,0.31605449025060967,0.39814146581898224,0.5142572487645921,0.02954040710059931,0.5057886136460806,0.48232419332225046,0.578424364892971,0.5793463287849187,0.009730131298722423,0.5837162350320146,0.559272254710837,0.5890374083356402,0.73367384096879,0.009691602426985597,0.7317655236615535,0.7172506679287859,0.7520904125582951,0.5782454249908485,0.028061739844103414,0.5785749376185323,0.5195452062674002,0.6313549944150086
15046,WashU,1,2,15046_S1_R2,37.8,0.0,37.8,37.8,37.8,26.517891555428502,1.0624048002897624,26.566674128331638,24.1175811472692,28.10806727346621,0.3888045135004784,0.03256361938681976,0.38862984731296824,0.31628509375364344,0.4407955382462473,0.5543908468992133,0.03579669265787499,0.5447074761744461,0.47523539102366635,0.6219837101316891,0.5657364708066417,0.011921850512145527,0.5689176645316969,0.5422426436461656,0.5865682725331676,0.745106918292842,0.012516443907754722,0.7427879846735821,0.726186244907101,0.7715014761180077,0.5452278161125241,0.03539547276628888,0.5498650222161925,0.48106011511123603,0.6152151587480159
15047,WashU,1,1,15047_S1_R1,37.8,0.0,37.8,37.8,37.8,27.045610109191195,2.732256527069615,26.27248272676217,24.057331258999675,31.266646776701275,0.4012896346558641,0.08235015350845168,0.37289869293567157,0.30828479355212357,0.5254247737929307,0.577054051419778,0.07869733811736407,0.5793031260550078,0.4633218792019232,0.696097726501527,0.5586301865775538,0.029028556029800784,0.565812679847761,0.511773879142321,0.5893715770908672,0.7427309697086006,0.020866135499583518,0.7426528932412034,0.7164057790960506,0.7861673682372721,0.5354051500464243,0.07827818461793525,0.5696193720679601,0.41202941860737025,0.6167043143080921
15047,WashU,1,2,15047_S1_R2,37.8,0.0,37.8,37.8,37.8,26.599060733396755,1.5000897078092896,26.670061318497908,24.346195749860062,28.909343009246022,0.38718230616669125,0.04896272430097181,0.3879287838924206,0.3133804042780934,0.4575158419354233,0.5773963900927156,0.06651174123227124,0.5816026016789797,0.47067879061557094,0.6784113459430205,0.5612310339340418,0.020114231158827673,0.5626608187134505,0.5200324886290083,0.5891766453169878,0.7375287663093225,0.011359346881923464,0.7341096969641281,0.7227754744011381,0.761030051205556,0.5572530379526233,0.028750165578260482,0.5533434155773432,0.5094264539262107,0.5997133591254088
15047,WashU,1,3,15047_S1_R3,37.8,0.0,37.8,37.8,37.8,24.530715712481424,1.4800205914207685,24.49267370732207,22.16323463634441,29.23899990194722,0.32923642023875915,0.043189680284497885,0.33160135570257715,0.26642908997139797,0.4644542766972507,0.5105414824859804,0.06058241077826158,0.5012551606717361,0.42067863944463785,0.6818573934380662,0.5803280423280356,0.014294499275295728,0.5830734243014843,0.5296556205328378,0.594458368142575,0.7221990666777106,0.012370050013308733,0.7221713718123397,0.6989291335365277,0.7479216773837418,0.6104736543237018,0.035052296769283835,0.6062385286537262,0.5043950301430346,0.6736047365196699
15048,WashU,1,1,15048_S1_R1,37.8,0.0,37.8,37.8,37.8,23.298102575477802,0.7633441126824612,23.024596283624046,22.03070459742295,24.474050846225335,0.29800581160183603,0.02340023761504377,0.290792878006526,0.2642101857325424,0.33882540457135163,0.47886306902080894,0.03020137664782891,0.47409079150478683,0.4429016164958122,0.5512817613334389,0.5874255082149769,0.0050338305669102015,0.5887867817692332,0.5754432377239214,0.5931309755871124,0.7112090995555952,0.011195613130622806,0.7107827990880158,0.6928367536011086,0.7306092393822782,0.6498730913283466,0.021570010728147022,0.6556580519442172,0.6096734390787281,0.6897642162642217
15048,WashU,1,2,15048_S1_R2,37.8,0.0,37.8,37.8,37.8,23.776378166314803,0.8817879892173548,23.499130217809427,22.66476381954394,25.512318981948653,0.3100857537992291,0.02423488841111586,0.3028704268401826,0.28158798602377333,0.3623713004990212,0.4979852396085517,0.04063052244421488,0.4895835689735677,0.4498351957552858,0.5627739179890935,0.5831565487793473,0.008664451048661969,0.5874199387357222,0.5665329991645779,0.5924069432841275,0.7156530774070838,0.007128233231277564,0.7153643585569025,0.7060173919287673,0.7317273319345213,0.6388661763099401,0.019170432316661372,0.64132321019984,0.599102484379861,0.6695927908429857
15048,WashU,1,3,15048_S1_R3,37.8,0.0,37.8,37.8,37.8,23.907032859890087,1.5040886984559185,23.475567266501876,22.25551030071158,26.30232604993017,0.30939871724220563,0.04322363179134701,0.2972247507465469,0.2581820434081015,0.3783439376506743,0.48778177923531085,0.0578821334632626,0.46811481100747154,0.42197446796896854,0.5856178372858277,0.5835675763482759,0.012332160989596958,0.5887821405365226,0.5577211547386909,0.5948667966211812,0.7157317851653119,0.01358169101800239,0.7147834502986983,0.695051768154864,0.7420738125847123,0.6305061748164904,0.035805336784796415,0.641426398853046,0.5658627496028604,0.6714583238447254
15049,WashU,1,1,15049_S1_R1,37.8,0.0,37.8,37.8,37.8,24.564242263985307,0.6007243632944853,24.71553389273192,23.330164596595264,25.558567533994974,0.333819440730445,0.0144271223519389,0.3391117393065918,0.2991141260395105,0.35226703189613295,0.5069946563336778,0.017903238091187136,0.5081431314069143,0.4712785589040736,0.5377803510482692,0.5832073238652122,0.0028802588251399214,0.5840086326928356,0.578873108697672,0.5899935022742003,0.7306399209935965,0.006043690211134379,0.7315291657204853,0.7180500747173233,0.7395292147529445,0.6040265146914514,0.022810333835296313,0.6005219158771742,0.5681642610194855,0.6404630428932729
15049,WashU,1,2,15049_S1_R2,37.8,0.0,37.8,37.8,37.8,25.219398485908382,1.6236519989607245,24.579486938526756,23.591660744265507,29.153209105290866,0.3539103238922007,0.045263446623058215,0.3426271363074641,0.301708988662454,0.4555115411336476,0.5161263272065273,0.03432741473368841,0.5127754169859634,0.4688980418991473,0.5995363549941906,0.5763665181472151,0.013287266360377312,0.5800728673535667,0.5418564930845665,0.5910981156595205,0.7376456089470047,0.016529755544510763,0.7324911659082867,0.7183103170782082,0.7668668280626925,0.5817017510150742,0.05617075388098496,0.6046268857610952,0.45063778444174374,0.6485162838907569
15049,WashU,1,3,15049_S1_R3,37.8,0.0,37.8,37.8,37.8,25.934368542260245,0.9283599130003233,25.748031903254358,23.62906743382153,27.507858590075845,0.3687557118772931,0.024924467176500154,0.3628490263595282,0.3082758312880293,0.4151269862155985,0.5433687389074844,0.02564629997996518,0.5363353062553773,0.4989735878661088,0.5882356343445444,0.5734831987375796,0.00924399734260792,0.5776385407964351,0.5524217952288027,0.5867817692379026,0.7448281013776241,0.009872080085892623,0.7428624824905754,0.7203334541622685,0.7624219519859756,0.5587190859920631,0.0288740586031738,0.5545402901977989,0.5129697606145954,0.645900952351256
15050,WashU,1,1,15050_S1_R1,37.8,0.0,37.8,37.8,37.8,24.38247535655373,0.9865538351585086,24.055379650467323,23.24247299746463,26.241394512904318,0.32951275324472123,0.027823770050598207,0.31957496993020207,0.28885547037171033,0.37925209890763906,0.5093152459440687,0.0351892133008503,0.4942622925066732,0.46267651233215384,0.5742800425789004,0.5804898821126814,0.008098703971016717,0.584217488164849,0.5641371948389401,0.5894783254432309,0.7256305532634764,0.010797218167187697,0.726064957711237,0.7079965294943478,0.7443377451329295,0.6184664578821725,0.027189313377785743,0.6244358125834437,0.5672951768912567,0.6571465909613835
15050,WashU,1,2,15050_S1_R2,37.8,0.0,37.8,37.8,37.8,23.414517069333478,0.48708864421630776,23.51857743922033,22.496554888549603,24.167579413087743,0.3018186109615152,0.013340097937837565,0.30493947112857034,0.27751166679327,0.3187632348777524,0.49211741306629964,0.029140943700064904,0.49097635844283477,0.4429705057576421,0.5458378672470077,0.5858143042792123,0.003950598858506503,0.5850343451220614,0.5787060243200567,0.5925276153346303,0.7109294969581765,0.0058704618709785345,0.710675310603369,0.6985944379818528,0.720849553243224,0.6514245715638582,0.011189639976805067,0.6502847480951528,0.6283559207961408,0.6729104970132896
15050,WashU,1,3,15050_S1_R3,37.8,0.0,37.8,37.8,37.8,24.892572211058514,1.3191293601068288,24.533780216229587,22.79477278841169,28.010455059377772,0.3411402399947762,0.04072802391335637,0.33020666042143815,0.26771874712539545,0.4312569365486177,0.5217512202053451,0.054287174248448214,0.5035527896570178,0.4346887222946545,0.6276528128730215,0.5782562888703145,0.011445131075294742,0.5827810266406689,0.5482400445558302,0.5935394040657145,0.728533087394648,0.016542526846470444,0.7251672634247797,0.7010299867348626,0.7641817168089636,0.5982086406924936,0.03575810316323074,0.6034749583227327,0.5149206696198001,0.6519634094171224
15051,WashU,1,1,15051_S1_R1,37.8,0.0,37.8,37.8,37.8,25.058036181816927,0.6699630144726997,25.077489896510777,23.900374169098704,26.069681252303877,0.3452395458890331,0.018555155580800346,0.34173669858941264,0.31504225670154634,0.3738823525864376,0.5394129296906853,0.03329327343748537,0.5394695655994078,0.4908017651441343,0.6083001647345319,0.5751080943098408,0.00762072956762038,0.5759964726631307,0.5553504130697128,0.5839320523530956,0.7270222786874582,0.009595053974867722,0.7284727755164659,0.7081952326189209,0.7458091972465025,0.5990275737880598,0.023204622589626172,0.5948051380981678,0.5721103525168383,0.6536465496480448
15051,WashU,1,2,15051_S1_R2,37.8,0.0,37.8,37.8,37.8,24.823121241785977,1.491787356537716,24.402834188938144,22.814731498454748,27.63817091301868,0.3401969758092219,0.04634994371414901,0.33170420741501805,0.2785591609260734,0.42687747777885937,0.5167587304909101,0.05775122847248118,0.5024263980122767,0.43839518062414196,0.6005289478241248,0.5787628330084363,0.012003530268528554,0.5826301865775448,0.5525276153346173,0.5920449271326415,0.7283819762832822,0.016001865048625788,0.7276414944527722,0.7003461487034245,0.7562356127211401,0.5963855167060668,0.04046564741809303,0.6086778167810523,0.5023569635248091,0.648098031151962
15052,WashU,2,1,15052_S2_R1,37.8,0.0,37.8,37.8,37.8,23.835030286892465,1.1011890152585921,24.288429324250473,22.077157983654423,25.473045099409003,0.31087213207693665,0.03594723064510637,0.3255406854570014,0.25607770096754096,0.3699102587606791,0.4968146910805392,0.055001735266464895,0.5167811757711136,0.41545970645250624,0.566259045167189,0.5846897335932393,0.00812501293313003,0.5808270676691716,0.5702357746217309,0.5955722639933163,0.7179984191596215,0.014398153701381672,0.7231576920881346,0.6960642532696203,0.7392332598619339,0.6344157917615398,0.025131304784026663,0.6336561964244372,0.5989604840833674,0.6860695273505715
15052,WashU,2,2,15052_S2_R2,37.8,0.0,37.8,37.8,37.8,24.227835810874637,1.0031487546050564,24.196182779418795,22.070957862703423,25.5101307379572,0.32166528981182774,0.030526804553543438,0.3210271101090969,0.26167806695021817,0.3751095205162469,0.5090929330128481,0.04631271030554672,0.5129213667056534,0.431847159403562,0.586255660519598,0.5801824004455474,0.008807390164344656,0.5815046876450312,0.5643460503109313,0.5938642903555157,0.7183276657646996,0.013783948309001398,0.7185432061341415,0.6886532212745152,0.748707235068251,0.6257509105150263,0.02666965578972895,0.6211845304550351,0.5839300333706657,0.6895748898266617
15052,WashU,2,3,15052_S2_R3,37.8,0.0,37.8,37.8,37.8,24.69373226535948,0.7028602132660096,24.768905847323566,23.333728172904568,26.126637065410613,0.33423745956254497,0.023396230815051943,0.3372174558158589,0.2903072048411179,0.38321636391746394,0.5160329706010004,0.0284947967728534,0.5200779750547087,0.45481626573626327,0.5689595415790568,0.5802039821776586,0.0058666765907292315,0.5790332312262059,0.5674046226677776,0.5908010767659831,0.7288457190158008,0.010061458925920468,0.7284180627068672,0.7123369812785897,0.7486304206475783,0.6030850408824,0.020047421067092744,0.6023777327558119,0.5697055124300365,0.6482140160576276
15053,WashU,1,1,15053_S1_R1,37.8,0.0,37.8,37.8,37.8,23.80076406759651,1.6579987175364121,23.060382296066535,21.733540544698112,27.183421295567562,0.30953546447083247,0.05022856659544807,0.2886097281588423,0.23980146615030534,0.4084568864953,0.5119110434895211,0.07773869992710167,0.4863734715293161,0.4027298290550699,0.6496367077074037,0.5791736749280555,0.01746483549703566,0.5884897428757017,0.5399962870138307,0.5960085398681895,0.7083376149014176,0.012219879263917674,0.7079690466830459,0.6811617043289021,0.7311383320905481,0.6477579227284083,0.03069561832617891,0.6605516074643896,0.5903801322315304,0.6911953461864008
15053,WashU,1,2,15053_S1_R2,37.8,0.0,37.8,37.8,37.8,23.742125096791668,0.7765197453342374,23.821130194005214,21.985149709488216,24.743570520375904,0.3079938552228939,0.023594228452121963,0.3091777249800781,0.25248046418699205,0.3468074893882097,0.48831812458984675,0.03362096120262228,0.48312627365822425,0.4188445527464717,0.5500838759205027,0.5856743711129613,0.005710733911082946,0.5874547479810611,0.5743247006404726,0.5938271604938224,0.7147260700433353,0.010361595823161316,0.7176436832053712,0.6883817491417439,0.7296159739341747,0.6338389679586214,0.022476866816190877,0.6281591088642021,0.6019209879814367,0.6845242336994093
15053,WashU,1,3,15053_S1_R3,37.8,0.0,37.8,37.8,37.8,23.421178344754797,0.46423094168091444,23.53661817500466,22.65038432227938,24.232285305700803,0.30073323675610114,0.01576429688857979,0.30085881085187477,0.2759858051067601,0.3351377298355357,0.47357696804474286,0.019670459568059722,0.46822223531127133,0.45075772563605426,0.5233412616706309,0.5876505151768243,0.003329338719148615,0.5882832080200406,0.5808781212289863,0.593019586002035,0.7128337766728958,0.007713934809213989,0.7123394721946656,0.6986250320533485,0.7284165252158866,0.6415053679066028,0.014308359421773876,0.6384835222858933,0.6232065207942951,0.6651225546597439
15054,WashU,1,1,15054_S1_R1,37.8,0.0,37.8,37.8,37.8,23.092974325575327,0.5890601084711993,22.98447738901565,22.12655874898559,24.175131179157056,0.290566597529239,0.01837092023172136,0.28873104602040417,0.26015687884475225,0.325209720042627,0.4668902367426262,0.03441844842549547,0.45614787404794205,0.41571583243108184,0.5381512346955047,0.5891047062099664,0.004700748787191487,0.5898913951545504,0.5785667873387127,0.5949781862062555,0.7092555876531377,0.0076485380226802065,0.7103504934282062,0.6950207368248109,0.7222811447831364,0.6525783527231057,0.01635956159494328,0.6555010373879195,0.6212763348435068,0.6757722443938089
15054,WashU,1,2,15054_S1_R2,37.8,0.0,37.8,37.8,37.8,22.967233756859052,0.6447817894506459,22.901860141440444,22.141228657333475,24.471709358064754,0.28777689087467917,0.019543357328961584,0.2848727765351837,0.26214885167529045,0.3316848553346243,0.4783428578297516,0.022688477069455492,0.47767097399433356,0.42488175043386534,0.516648561559399,0.589276663881923,0.003575913534213878,0.5897428757077826,0.5795692936043791,0.5945047804696927,0.7052394036880384,0.008417307266566434,0.7041893813389883,0.6923256722022488,0.7245610510634314,0.6636521702746733,0.02197654914838666,0.6699244770937993,0.614543983605007,0.6964597393164427
15054,WashU,1,3,15054_S1_R3,37.8,0.0,37.8,37.8,37.8,23.69120840902391,0.6251912030233143,23.617443747583188,22.778084626950715,25.110499952968798,0.3096859158959762,0.01926353656468433,0.31101882010634274,0.2824956515394026,0.35792609628466376,0.4985930498134345,0.03168301516615722,0.49272368694122376,0.45430746466519817,0.578615516297269,0.585349716884798,0.007123272543840153,0.585742133110547,0.5647266313932958,0.5926668523159699,0.714792972242132,0.00900656849026754,0.7125953262621069,0.6995283405302946,0.7316236251370903,0.6407437024767835,0.016066443196571342,0.6460016047952899,0.6135871455882526,0.6592519247093694
15055,WashU,1,1,15055_S1_R1,37.8,0.0,37.8,37.8,37.8,22.631425621227216,0.3467752361507653,22.59941414578965,21.989466077716727,23.37839087122365,0.2752079768104255,0.012848025603303054,0.2730754657122726,0.25403940604644154,0.30980429589765884,0.44958163699094483,0.01795656357706309,0.4472637294629485,0.4134921186028748,0.4795093675997232,0.592533648937156,0.001985464034325791,0.5926018750580111,0.5886382623224762,0.5952009653764018,0.7025581391667457,0.006693459733063644,0.7007272046256006,0.6948895727622563,0.7202761886330412,0.6658698864508159,0.011542818662553534,0.6667674975569817,0.6396490351100116,0.6842278622113639
15055,WashU,1,2,15055_S1_R2,37.8,0.0,37.8,37.8,37.8,24.275337395071983,1.3478761782497806,24.20313379011656,21.620870392887216,26.27248037488837,0.32730747635230495,0.03998251602009933,0.3231272280149723,0.2521516284568466,0.3900531971143065,0.4894551079458645,0.04568266973225667,0.47778079780821037,0.40643203460183475,0.5629861405741762,0.5833332405086733,0.009571454426002723,0.5851828645688211,0.5654562331755265,0.5960456697298769,0.7265876633370246,0.01621207322536718,0.7271732625610543,0.6935427456089684,0.7533300159688928,0.6088574804814205,0.038644493312844336,0.6145988805434791,0.5552879095973825,0.6932498577062016
15056,WashU,1,1,15056_S1_R1,37.8,0.0,37.8,37.8,37.8,25.051365746824366,1.5773143856628666,24.873757991822142,22.84451054742462,27.271753172498002,0.3419268119506567,0.04500133324040252,0.3367104347928501,0.2777699832383972,0.3973929353123714,0.5243380293761928,0.060321415195533024,0.5078265644759817,0.43335099173724295,0.6369219281776027,0.5759641696834596,0.012874633139512223,0.5797688666109522,0.5580116959064235,0.5923141186299087,0.7273641104232467,0.016365960267083587,0.7269795738875385,0.7038461233030634,0.7619211240683165,0.5952628207029124,0.04411756759634481,0.5976664027590766,0.524207258878462,0.6565117657201199
15056,WashU,1,2,15056_S1_R2,37.8,0.0,37.8,37.8,37.8,25.6049031368996,1.4545589038042845,25.55006089085027,22.688515755377317,27.921350937140616,0.3592085846658207,0.0425695483267306,0.36155519401530567,0.2832426407615249,0.43448146422679956,0.5174801882107392,0.033020756412073284,0.5213634677113774,0.4600695274455835,0.5819135452745443,0.5772754107490881,0.0100695489890364,0.5781049846839235,0.5543479068040358,0.5918499953587594,0.7442587713711969,0.017703037548519727,0.7452452657624098,0.713118672333894,0.7729876937889922,0.5570321343248683,0.051167386399829644,0.5578529068003522,0.4940840352282023,0.6671351221420413
15057,WashU,2,1,15057_S2_R1,37.8,0.0,37.8,37.8,37.8,23.477494353652,0.9326136128326783,23.583956855849216,22.074649657387482,24.896600881375765,0.29930565711995083,0.027071638161175776,0.29729980785669763,0.2581900197900897,0.3442105183182231,0.47033571226591403,0.02975029090666395,0.47284163069073304,0.4175227472850015,0.5172131682070679,0.5878625730994073,0.005395247529173033,0.5884108419196077,0.5792165599183008,0.5953123549614735,0.7119322627897476,0.012381916432457363,0.7147202884051254,0.6915045710657577,0.7335486274961586,0.638853607032748,0.02961023706178621,0.6334774037077712,0.592202661018191,0.6891330455213296
15057,WashU,2,2,15057_S2_R2,37.8,0.0,37.8,37.8,37.8,25.670416781400377,1.4355457587522316,24.89354312953196,24.240293753147125,28.18082341269443,0.3648634734181071,0.038389721442694515,0.3473101148376032,0.3203733030862312,0.4309860764301161,0.5643416220127324,0.058783558196887284,0.5521153740573834,0.4758695977074981,0.648591580933555,0.5696043382265122,0.015022061404634097,0.576949317738785,0.5372218244022778,0.5850505894365547,0.7331787788462145,0.010277153532566771,0.7328627471413582,0.7179942538610856,0.7528085618136429,0.5863806937012093,0.034426376802509775,0.5978158033880075,0.5277400167431217,0.6264650634489695
15057,WashU,2,3,15057_S2_R3,37.8,0.0,37.8,37.8,37.8,24.56026175001734,0.8262045235038273,24.569724942822205,22.824739918897027,25.776441645622253,0.33626438906842493,0.026337537329954804,0.33791766680637014,0.2840583556739722,0.3836224848184516,0.5281959616496275,0.043158653249275473,0.5394462586147697,0.45950264246794215,0.5990654310335167,0.5786849067112161,0.007902410336327739,0.5776965562053225,0.565357839042053,0.591766453169954,0.7256826571280158,0.009377974227452734,0.7243363844558657,0.7081728343521965,0.7427808283219771,0.6184428804228977,0.019826095647969617,0.6178008719577459,0.5870396656134905,0.6581455086025146
15058,WashU,1,1,15058_S1_R1,37.8,0.0,37.8,37.8,37.8,23.544131259322164,0.4592230680304051,23.732085997179936,22.706938653556925,24.039774178831202,0.30723992164143077,0.015738696328220187,0.31304057867257096,0.2793807151332395,0.32434342219011425,0.4995162817676849,0.02401468124720879,0.5005606172670716,0.46009893776124555,0.548306806637318,0.5843021442495006,0.003722301299086566,0.5834424023020439,0.5781203007518668,0.5905504501995653,0.7109349936654656,0.005867090406440429,0.711300945299904,0.7002129214259483,0.719539689366099,0.6508576499321971,0.013715672744574078,0.6507810818762276,0.6289277979969746,0.6722546140269893
15058,WashU,1,2,15058_S1_R2,37.8,0.0,37.8,37.8,37.8,22.697521100797154,0.5579223975080261,22.70987205223033,21.758921666521776,23.77295566138468,0.27731029619753245,0.01918764916597878,0.277104643165591,0.24479014410185254,0.31365902574981047,0.44676958446985254,0.021748980783553806,0.4484522785117994,0.40392014721463226,0.48633235385091245,0.5918144899285201,0.003045336452719283,0.5926482873851228,0.5852315975122953,0.5959992574027635,0.7039358523574754,0.008502608344232129,0.7015337371581534,0.6909616449592904,0.7212752066925632,0.6632830708032198,0.016351158081742905,0.6687665457779968,0.6352142776296983,0.6914075148085703
15058,WashU,1,3,15058_S1_R3,37.8,0.0,37.8,37.8,37.8,22.29470746536004,0.516804481177137,22.32669048654406,21.356744791332044,23.270336392992423,0.26681120350305465,0.01946006138623144,0.26808541442159733,0.23187462723890734,0.30840132634435136,0.43734031987714006,0.02430711891323633,0.4422910400052607,0.3914298664621178,0.4754941695334989,0.5935960271047961,0.0024727223013613097,0.5938085955629808,0.5871948389492145,0.5973452148890745,0.6954977488460246,0.007782429988296903,0.6973030018811064,0.6802911274825748,0.7071225888880492,0.6773947125878284,0.013277947710758527,0.67699406849362,0.6564864384218432,0.7042429843459479
15059,WashU,1,1,15059_S1_R1,37.8,0.0,37.8,37.8,37.8,26.69703695541934,2.5022439455877517,27.175616211953916,22.61092811634666,30.175882238463352,0.3893387261826024,0.06700640755706384,0.40868005315852085,0.2760116647453904,0.47471164452600595,0.5782875670729979,0.07444423485822947,0.6071762285179977,0.45244832220203807,0.6787339500020295,0.5571928564798302,0.02446057575398747,0.5529838485101701,0.5190513320338136,0.5928989139515431,0.7365397383734184,0.0175223599179449,0.7308158908905049,0.7088785461058011,0.7668246364784176,0.5565068766141927,0.07306423269283234,0.5732249022094495,0.4330944277256918,0.6676588139322202
15059,WashU,1,2,15059_S1_R2,37.8,0.0,37.8,37.8,37.8,22.59426102162976,0.663524173970528,22.64525067053343,21.218232268408727,23.65775530181433,0.2727995446000497,0.017609106840634957,0.2747720910548558,0.23550932322751658,0.3019206925317336,0.4529322299453383,0.028839645329616675,0.4536927739325791,0.3948680197707435,0.5034455103488695,0.5920537454747963,0.002947658358743712,0.5918128654970765,0.5876357560568116,0.5968068318945481,0.7033086661502775,0.009211971963753523,0.7021431403566313,0.6849480338199714,0.722274661600543,0.6689881827342613,0.01964292896692076,0.6712433255762816,0.6346888607124603,0.7089134804520624
15059,WashU,1,3,15059_S1_R3,37.8,0.0,37.8,37.8,37.8,26.718874161368923,1.5061767338331684,26.89065511697217,23.38888561411908,28.82203355839378,0.3905968893712418,0.04450187610466312,0.39646447929985085,0.29596807846522905,0.4651751535285015,0.5647338800590311,0.04685579211320159,0.5709883721960463,0.48029449406921665,0.642836907709741,0.5654100794313772,0.013735722928103941,0.5666787338717054,0.5415854450942404,0.5873804882576763,0.7490228021134424,0.013655939713537693,0.749077540538592,0.714615755382091,0.7735476144364329,0.5329908962368102,0.04986276853067528,0.5381428431199806,0.4650348889399491,0.6500408759707363
15060,WashU,1,1,15060_S1_R1,37.8,0.0,37.8,37.8,37.8,23.75533981213444,0.9943175500722659,24.16793202883319,21.99097793635569,25.00773330926895,0.3108774094176543,0.03024580348597841,0.31974199868960274,0.265940459507288,0.3496082012578876,0.4939654206355436,0.046913309845700836,0.5056662370985842,0.4101501153100638,0.559879495082081,0.5842171168662335,0.007860459970897338,0.5832358674463953,0.5723661004362556,0.5964448157430582,0.7161194689830259,0.012389575979307352,0.7156622007206329,0.6983840555359697,0.7366406751152932,0.6374005203042412,0.02728565850118921,0.6365363977814211,0.5949854158916967,0.6807192009360437
15060,WashU,1,2,15060_S1_R2,37.8,0.0,37.8,37.8,37.8,24.586002323611787,0.8909151435354279,24.40679609116755,23.17647933018835,26.806229893784774,0.32785072438540375,0.029033408317616353,0.3266820371574066,0.28547983147032807,0.38854526266452477,0.5012632446987196,0.03336804469450918,0.5031267937534791,0.4529732551271309,0.5834827386714476,0.5824978650329433,0.008075502247506782,0.5835213032581353,0.5624217952288117,0.5922862712336335,0.7261637284670905,0.011888550450555166,0.7238885419075556,0.709099367045473,0.7549647852645195,0.5959420594355583,0.02804539101481056,0.6025168405622202,0.5083274788924228,0.6378242143264091
15060,WashU,1,3,15060_S1_R3,37.8,0.0,37.8,37.8,37.8,25.148772224783897,1.0102592559427768,24.895887327194217,23.477801462223656,27.236913288267036,0.34973604797954194,0.02806960172627793,0.3409625480649372,0.3133424312053409,0.4076678496708125,0.533449034695664,0.02821189518297823,0.5363379542354239,0.4941901657928298,0.585821340650045,0.5756869488536054,0.008362402834144167,0.5778729230483456,0.5566638819270386,0.5845725424672797,0.7349627605639746,0.009536061643623183,0.7318833725257112,0.7209670421447507,0.7496170986414968,0.5897980658423266,0.035615991161782795,0.5923368724648649,0.5248159693894828,0.6546353244608871
15061,WashU,1,1,15061_S1_R1,37.8,0.0,37.8,37.8,37.8,23.728269157974346,0.9885946047639903,23.4513649335033,22.051919241955407,25.681201653731495,0.3080762186768782,0.02746114761690723,0.29993552617574765,0.2676173524588954,0.3580610793880379,0.4904822843920093,0.02590162250563691,0.4911811813439355,0.45194137243569343,0.5492032180928843,0.585520282186942,0.005732555719293016,0.5862201800798243,0.5721711686623875,0.5919799498746826,0.7156473956429324,0.012351620301450773,0.7125281870887958,0.6970970792263496,0.7388996489551953,0.63568765367963,0.03418047057439357,0.6451582596415566,0.5740685621432626,0.691674587846765
15061,WashU,1,2,15061_S1_R2,37.8,0.0,37.8,37.8,37.8,25.411727980641942,1.4006467210925664,25.97483099040232,22.253001312833085,26.754684651525398,0.35864626626287543,0.043616936085385354,0.3716421919408726,0.25536768036477037,0.4079502396787344,0.5578320920225475,0.06259948921154636,0.5799104919048339,0.41467662384707554,0.6248071534271591,0.5683879142300154,0.012766370376274379,0.5657723011231829,0.5542300194931621,0.5952288127726729,0.7297675167246928,0.014546984855850037,0.7296008422364726,0.696936525652179,0.7489374326658488,0.597965200289781,0.0358546771966896,0.5910295610423209,0.5578020192593527,0.6711985120531644
15061,WashU,1,3,15061_S1_R3,37.8,0.0,37.8,37.8,37.8,23.941904019980054,0.6896104285401198,24.132767566254266,22.404466880936372,24.985610534642873,0.30870834849317064,0.022710693834285315,0.31429410861251605,0.26517374193131193,0.3436473170499152,0.4746169036941036,0.025393754880742383,0.47618686382596975,0.4336590587341597,0.5209213003001475,0.5889068504594762,0.0037504334578095295,0.5890791794300507,0.5823911630929098,0.5944676506079987,0.7210684174649841,0.010834117308864431,0.7217578066592497,0.7027202475877928,0.7421047885317089,0.6162598346315264,0.021509534202690406,0.6086489435176403,0.5891298065607808,0.6697081550553262
15062,WashU,1,1,15062_S1_R1,37.8,0.0,37.8,37.8,37.8,22.682854186359204,1.5708174746175994,22.549438286768762,20.721631743719705,25.263331650432786,0.27725502701077387,0.04712182329909404,0.2706098728470941,0.21768106531221978,0.3630862433403489,0.45991061072635997,0.0733940450159066,0.44226639868702844,0.3716420168430456,0.5776794004509882,0.5884734985612154,0.010745840467511139,0.5935904576255404,0.5649029982363333,0.5984498282743889,0.6999510207897658,0.020328127519330375,0.6982400839437444,0.6731214871210074,0.7443367509440568,0.6725517460529568,0.03803222391052536,0.6658398861292179,0.6187473111948042,0.7225622462947466
15062,WashU,1,2,15062_S1_R2,37.8,0.0,37.8,37.8,37.8,23.79472550139615,0.7277439610634099,23.69471987031008,22.696960053632132,25.228365382395292,0.3122744803328424,0.023771451787203118,0.3062365338026809,0.272365009572291,0.35811003391760027,0.5055066516995396,0.047797423849557034,0.4852735430979024,0.434889784309078,0.5953322558684592,0.5811415575976882,0.010105037977376857,0.5863362108976125,0.5596463380673685,0.5934094495497985,0.7099912675252968,0.00663259791692135,0.7103188354043635,0.6971492218394,0.7255355873640028,0.6446389468089347,0.013037626729122568,0.6418269043818917,0.6287621182507043,0.669078649056386
15062,WashU,1,3,15062_S1_R3,37.8,0.0,37.8,37.8,37.8,23.224852623547378,0.6670023489175454,23.231568324722744,22.04002451739813,24.55489036283995,0.293364174639639,0.019509763908027822,0.29362634881115945,0.2578790644153916,0.33167055813128976,0.4714670813743564,0.03458108634725335,0.46486531703281,0.4167243288126211,0.5249245874489856,0.5889348370927231,0.00458618562326735,0.589450478046964,0.580019493177374,0.5956836535783877,0.710115429813188,0.008520948130882614,0.7107293758079791,0.6944211073361524,0.722532927631248,0.6503187591860766,0.017527805709184035,0.6497990204137004,0.6090013450316086,0.6807172401955254
16001,Pittsburgh,1,1,16001_S1_R1,37.8,0.0,37.8,37.8,37.8,27.709197206930682,1.101895614882269,27.515967711022025,25.83929654046109,30.243746232359033,0.383192430232547,0.03594711959143215,0.37302840938466264,0.31394704578331206,0.45265796845283635,0.5371794199127902,0.049884974332000516,0.5274331573964643,0.45589219548882554,0.6637773329374467,0.5720905518566293,0.015703171701526984,0.5763436368699508,0.5242671493548825,0.5923234010953288,0.7352746514703146,0.010919531165004999,0.7339825732545897,0.7110751695988285,0.7574013950348911,0.45450786232589174,0.02585920740417714,0.45469923409802177,0.41334692978387555,0.4975485941985961
16002,Pittsburgh,1,1,16002_S1_R1,37.8,0.0,37.8,37.8,37.8,27.205814067275522,0.9316578589005621,27.2747469989877,25.047477843886927,28.916410662625964,0.36838055039713435,0.031200081400666164,0.36949706510719227,0.295543903631718,0.4272251559813125,0.5123199606679434,0.03474447596412769,0.5163932904758664,0.43170178648375634,0.589748198408196,0.5793022680157083,0.008889254427120828,0.5802237074166819,0.5584052724403405,0.5947275596398376,0.7364953151168586,0.012331652138954742,0.7364019261492571,0.7044353718687809,0.7592648751630446,0.4632739675177498,0.02933054822338489,0.4628084466803276,0.4183491943540496,0.5303406130268328
16003,Pittsburgh,1,1,16003_S1_R1,37.8,0.0,37.8,37.8,37.8,27.43128335937929,1.2529121190253685,27.316518176856793,25.266053671585887,29.830834789652574,0.37721994689178645,0.039523508197376815,0.3674021698798503,0.30939002857851067,0.44967628487794237,0.5243821242623985,0.05477155636421928,0.5019113022782723,0.45163395940368906,0.6525972508555375,0.5763237699829087,0.01538362295475581,0.581927039821765,0.539504979379666,0.593762183235862,0.7373868237958145,0.011254517235296519,0.7394696377565109,0.7121831204763646,0.7556890947343555,0.45885480155735825,0.032067191011115596,0.4519935290383881,0.4065051063459519,0.5269929661985826
16004,Pittsburgh,1,1,16004_S1_R1,37.8,0.0,37.8,37.8,37.8,27.850250695767013,0.8911462106109576,27.778212851599644,25.929407191903966,29.413909684984308,0.3907847354974244,0.032512665910344636,0.3837441564848012,0.3235936921912679,0.4574483468601094,0.5459991523309259,0.04458807944023533,0.5393684290720707,0.4592647304755003,0.6377975125739178,0.5715837855019078,0.012630195716492956,0.575768124013736,0.5419548872180328,0.591822147962489,0.7409041598052416,0.011174019160111329,0.7407720597872524,0.7167398505544573,0.7631194511183805,0.44816720242043717,0.021216604553221226,0.44912342120597903,0.4132910672883342,0.49876116600849274
16005,Pittsburgh,1,1,16005_S1_R1,37.8,0.0,37.8,37.8,37.8,26.684891482213278,0.9096594992860144,26.473673285936055,24.962579249708277,28.62342732956535,0.3527757487452466,0.029521813687546933,0.348912947425651,0.29888426580436145,0.4217246647189423,0.49415868160175075,0.03263910825126038,0.49272538232195606,0.43084086940473315,0.5657348611160382,0.5842072071311772,0.008337448877976265,0.585621461060051,0.5617005476654525,0.595757913301771,0.7297666125414843,0.011396647185742997,0.727199456955569,0.7040280191763829,0.7556403426536104,0.47617280466225004,0.028470953675360684,0.47841407188098434,0.414208557960284,0.5316263779329743
16006,Pittsburgh,1,1,16006_S1_R1,37.8,0.0,37.8,37.8,37.8,27.302782403205953,1.040743599809646,27.129567155085113,25.27337529031854,29.48569815660778,0.3747765085761782,0.03374742024591601,0.3724046358600971,0.305389162703618,0.4485008107568513,0.525629004183517,0.04448545406792444,0.5214900447936225,0.4327970154413459,0.6151760096095844,0.5773613044957988,0.012140874134022962,0.5807203193167924,0.5490206998978757,0.5961756242457985,0.7374733744799736,0.011801950855789316,0.7383517459814105,0.7100590736387876,0.7573285505560835,0.4644660827131799,0.026272540934862434,0.4710399330973592,0.4114955737112094,0.5178992560566451
16007,Pittsburgh,1,1,16007_S1_R1,37.8,0.0,37.8,37.8,37.8,28.558353134186454,0.9104831261730216,28.734759384079982,26.54126854946739,29.905587722753225,0.41650220083034833,0.032480697092735655,0.4245759203957231,0.34492986918887864,0.46204243035075815,0.5611682158580676,0.03749668021194078,0.5658346632620491,0.47612688968070016,0.6461624322313171,0.56610046440455,0.012112606489416464,0.5666991552956337,0.541675485008814,0.5881091617933701,0.7547726579132985,0.01108437519351925,0.7547264906605805,0.7305369485681141,0.7747616405320068,0.41941906103939713,0.025934618630482124,0.4154181174234705,0.38648877951535165,0.4769266418114707
16008,Pittsburgh,1,1,16008_S1_R1,37.8,0.0,37.8,37.8,37.8,26.809431089168527,0.5669834976349987,26.753915841955887,25.340268019626016,28.13726462439487,0.3589072160007192,0.019259820052052356,0.357533458810388,0.3122177653062439,0.4115048929934663,0.5097869780722198,0.024915353568360256,0.5146952013624524,0.4567223746570217,0.5517604362381194,0.5829510645300042,0.005549048981166412,0.5826139422630621,0.5704353476283087,0.5928153717627371,0.7322089163831141,0.008479405524003203,0.7300591260555517,0.7118215241706886,0.7605836211195279,0.4778394886278693,0.017029752007018315,0.47804984081691104,0.43479401819289676,0.527676972417372
16009,Pittsburgh,1,1,16009_S1_R1,37.8,0.0,37.8,37.8,37.8,27.625976038967785,1.0217459218462857,27.32908789170416,26.033506097919062,29.745126868549146,0.3814687753039222,0.03301311545128502,0.3736889558823661,0.3280013264027279,0.44165198484434226,0.5160920527159607,0.03672987407634851,0.5048625372639947,0.45993098023653795,0.6031843466168354,0.5770094427989114,0.01171884962908651,0.5810916179337194,0.5493994244871565,0.5917293233082713,0.7404165569423811,0.010596123306083106,0.7394336599896693,0.7142244505279826,0.76689079067584,0.44490390691242315,0.02793271922989553,0.448160885366946,0.39104958889843594,0.49450363546850556
16010,Pittsburgh,1,1,16010_S1_R1,37.8,0.0,37.8,37.8,37.8,27.775777265709934,0.9720425359684116,27.666114580631255,26.17347457408905,29.607871384369698,0.3877707320911352,0.033004490624616405,0.3836888186754758,0.3278870066919521,0.4414853459107333,0.5378216551454206,0.03738977129371805,0.543216495625682,0.48026492807616683,0.61320039187182,0.5735771808871175,0.011457776835819734,0.5751276338995535,0.5495683653578507,0.5908660540239445,0.7415832241755728,0.011243697596759777,0.7400384216055901,0.7204577043843184,0.7607167059507008,0.44867006072527016,0.026115572711172878,0.45114496563245116,0.4067946878524585,0.4928032042952973
16011,Pittsburgh,1,1,16011_S1_R1,37.8,0.0,37.8,37.8,37.8,27.937775221737947,1.0809624412167655,27.716124088513222,25.989299220787853,30.0466510371158,0.39155606657534064,0.03879535631050636,0.38958807067572104,0.3133847307621228,0.45708221133026855,0.5393042564422155,0.04991760820016899,0.5412512021055829,0.44158039904001145,0.6154959584952917,0.5727927563015248,0.014344420304102906,0.5767567065812614,0.5425164763761353,0.5946904297781462,0.743316752163739,0.012286652226862172,0.7443493167014341,0.714245721819838,0.7706686079271079,0.44085508747378394,0.02639914849025476,0.44102787295280144,0.3803674117100003,0.48588929494022826
16012,Pittsburgh,1,1,16012_S1_R1,37.8,0.0,37.8,37.8,37.8,26.610170749005707,0.8891674846482459,26.44520578258916,25.091103067523555,28.59934573612715,0.35080384608268483,0.0291003110172865,0.34245294789749803,0.29951381592346465,0.41558104180465816,0.49813675623158,0.03996008922184309,0.48962638705079914,0.4309125619373798,0.5739501241498435,0.5840023459321627,0.009629217275395794,0.5885454376682395,0.559012345679012,0.5956558061821204,0.728973501437876,0.010372026056174741,0.7284994482898273,0.7072249412283651,0.7540769283780588,0.4832308295730715,0.023537001649654273,0.4859105105520921,0.4299882014758472,0.5250998009383198
16013,Pittsburgh,1,1,16013_S1_R1,37.8,0.0,37.8,37.8,37.8,26.558440945954604,0.5554861310481796,26.562155471350017,25.26561403964695,27.749129698151037,0.3480207722599909,0.019350434067072486,0.34714030254623934,0.29725864231201504,0.3854940128400844,0.4944746616051328,0.02774952495097351,0.48821000820344546,0.42938571428571426,0.5516989097712799,0.5858611174400595,0.005938037916375693,0.5865497076023343,0.5705188898171353,0.596751137102014,0.7295754551124832,0.007979983205959561,0.7301497968010867,0.7059186008909422,0.7436094062505669,0.48200996340829577,0.01440125790161076,0.4820135698282629,0.45628582514683474,0.5111343522318822
16014,Pittsburgh,1,1,16014_S1_R1,37.8,0.0,37.8,37.8,37.8,26.41908284435242,0.6525843108117462,26.513007922548997,24.808106834637492,27.403697313760457,0.3450980901096882,0.02182544472706122,0.3436866931793643,0.2975604051058329,0.38039910692528367,0.49265555874327077,0.022091659031557742,0.4963928042779608,0.43501439385862034,0.5286234817813765,0.5870332396648111,0.004129870384922365,0.5870788081314301,0.5801308827624503,0.5950431634642165,0.7287366786940841,0.009920126640955063,0.7273893798114377,0.7092500332158939,0.7466808551685176,0.4882874198969199,0.02188437444899945,0.4896812164594257,0.44898347611946504,0.5387233951834708
16015,Pittsburgh,1,1,16015_S1_R1,37.8,0.0,37.8,37.8,37.8,27.79053961947394,0.8854930037709836,27.916880671601547,26.069591588095616,29.342499378480408,0.38753338015665745,0.028027841708353644,0.3906917334012784,0.3324562395847252,0.43994505124118266,0.533790512262534,0.03822457747164418,0.5319637301767964,0.4689286360032824,0.5946945256436871,0.5755732766259012,0.009168029056923595,0.5759398496240492,0.5553847581917599,0.5895665088647498,0.7457402479192622,0.01120285170728097,0.7461779501009385,0.7230473260224731,0.7670091927956433,0.4442456265900693,0.028323569524950572,0.4363694939033064,0.39112406938529487,0.5022214489207564
16016,Pittsburgh,1,1,16016_S1_R1,37.8,0.0,37.8,37.8,37.8,26.973954796144646,1.2150442135371071,27.211571933721242,25.00249867690237,28.915127343253086,0.3617189970734846,0.03918185637153874,0.3650356253138647,0.299329798141703,0.42725406270498945,0.5031895133443782,0.04303696862637696,0.5101140892753472,0.4280278045562941,0.5716143435831339,0.5812883780719941,0.010718810761024574,0.5805161050774899,0.5592685417246703,0.5959249976793803,0.7341727519307263,0.0150283398083548,0.734620834815635,0.7094290789410561,0.7572703281445418,0.4685056535019462,0.038271795807354556,0.4661371597205321,0.40420192020313217,0.5264340437344939
16017,Pittsburgh,1,1,16017_S1_R1,37.8,0.0,37.8,37.8,37.8,30.20439818021403,1.3180663538677468,29.93098147542853,27.94502859993985,33.06835580750516,0.4722595701216074,0.03849525730924269,0.46985821143223055,0.4028567502507517,0.5468458268114421,0.6062098415467143,0.03740402225120955,0.596757058014177,0.525928457965536,0.6940878542904451,0.5460343271732918,0.016947294754906424,0.5487700733314842,0.509953344560725,0.5721015501717182,0.7681220446570604,0.008896483658375913,0.768740385650621,0.7518668583668443,0.7845472191177604,0.36975971981972955,0.03623222917155837,0.37647749977966966,0.2834052431686314,0.4338395997794748
16018,Pittsburgh,1,1,16018_S1_R1,37.8,0.0,37.8,37.8,37.8,29.85085984882936,1.801967725931436,29.37550106738743,27.21882797605113,33.15505693837216,0.44218329518423644,0.039745601702130325,0.44311263501087006,0.3710073969139903,0.5023261405211452,0.6123449536384092,0.06037641761610241,0.6040931741543385,0.5136827458256029,0.7039258476629003,0.5415098636880471,0.02953003854543548,0.5438503666573846,0.48761646178945184,0.5815418175067291,0.7322414196691349,0.025793963856452932,0.7403754563759556,0.6645516545127108,0.7742012756892583,0.4108800453144735,0.03293935742453214,0.40769620831382536,0.3469242785741147,0.4710042008149262
16019,Pittsburgh,1,1,16019_S1_R1,37.8,0.0,37.8,37.8,37.8,27.140943485146693,1.0473424517861578,26.770451194361637,25.85484017070971,29.060112038411592,0.3676281833578162,0.03598758730121814,0.35739400705395385,0.3241670292364821,0.4416150682505499,0.5187127961795945,0.04263785778725011,0.49873289406994425,0.4628596502225287,0.5922847052431405,0.5793087938701904,0.012138895535917639,0.5843868931588176,0.5546235960270987,0.5921470342522939,0.7343350022939248,0.013054771683593421,0.7327359883183847,0.7159666975736891,0.767647455994137,0.4680366698781552,0.028106979905320042,0.4720544473469606,0.4146315770606017,0.5071008975211706
16020,Pittsburgh,1,1,16020_S1_R1,37.8,0.0,37.8,37.8,37.8,27.14373107121892,0.6684260914724698,27.325583272231253,25.36005766015304,28.25347646725805,0.3665356018037733,0.020553276125232306,0.36617829670832863,0.3066578573681566,0.39797447155599996,0.5127349948620908,0.02454615758203625,0.5145787092227543,0.4516266300617708,0.5643761559254517,0.5817003226359869,0.005106622950595832,0.5806135709644406,0.5743711129675957,0.5935301216002936,0.7362244091094771,0.008340535343047193,0.7372677437367144,0.7124711344256561,0.7479016860707282,0.4632509933440833,0.024118706341587,0.46021793539628314,0.4223252246553139,0.5228157559997423
16021,Pittsburgh,1,1,16021_S1_R1,37.8,0.0,37.8,37.8,37.8,26.929913746702233,0.684970393226786,26.8516005434488,25.718562687698164,28.48561834724326,0.3602402795672821,0.022349169625058462,0.3583751815048191,0.32151147041934036,0.4089496002223076,0.5041340947033381,0.027559205471804592,0.50317501325755,0.447832338773456,0.5626644517114595,0.5819983741621061,0.007129061463192208,0.5832033788174021,0.5640629351155482,0.593622946254519,0.7321594609242289,0.008461843279262771,0.7328026093384138,0.7189528103885979,0.7490203613926977,0.47251449336494833,0.018640607295381143,0.47648258034281993,0.4334399145879775,0.5005395571623165
16022,Pittsburgh,1,1,16022_S1_R1,37.8,0.0,37.8,37.8,37.8,26.111845785236813,0.5298901917837504,25.935865128040312,25.26139317248997,27.239960736977427,0.3325531861423927,0.01792441886695772,0.3296617683748309,0.3032963509212202,0.3713713220558622,0.46701955522112687,0.017623356392403127,0.4700149925037481,0.43620465623810994,0.5028350241674191,0.590270429159314,0.0035793819753922136,0.59080107676598,0.5813840155945376,0.5961292119186815,0.7219449807117254,0.008167919002073835,0.7224862068215262,0.7081141296369117,0.7383726783882728,0.4928821112405759,0.01762069485173256,0.4965209532069549,0.4560207222073034,0.5219068783666058
16023,Pittsburgh,1,1,16023_S1_R1,37.8,0.0,37.8,37.8,37.8,28.842167301649493,1.0007022361786335,28.46960131620106,26.917618500558955,31.206855019142754,0.4220199740489734,0.02928136942894381,0.42041937320751677,0.36579027114605306,0.4929096276579005,0.5686361610231562,0.0475116430899216,0.5587170103321641,0.5066982707963317,0.7190176322418136,0.5626109525858859,0.01407650330795268,0.5658869395711427,0.5220715810690902,0.5829202636220067,0.7534640281960435,0.008782736935213111,0.7537979239369188,0.7332958669524816,0.773153621610908,0.4143963124495867,0.023721321442871965,0.4125258449656955,0.3713156333842074,0.47250882193956556
16024,Pittsburgh,1,1,16024_S1_R1,37.8,0.0,37.8,37.8,37.8,27.829737912315693,1.4704329160993221,27.56666167096088,25.7740919395497,30.768324908457306,0.3922851704366216,0.04782889150256471,0.3787582055995269,0.33146517355694344,0.49376919262565444,0.5486852708850974,0.059719301200589596,0.5242816203237549,0.478018913031929,0.6684570049454279,0.5716143332517518,0.015997864438402835,0.5772626009468006,0.5362638076673122,0.58947368421052,0.744122599687283,0.014813081562700788,0.740718261104163,0.7249737604264539,0.7809480148654498,0.4489045499767457,0.041747691470480436,0.4533438380433138,0.3676220612584366,0.5141311808901887
16025,Pittsburgh,1,1,16025_S1_R1,37.8,0.0,37.8,37.8,37.8,28.148302118021526,1.1696758929380595,28.211853875611958,25.930345169494025,30.112085578316137,0.4032212213376516,0.039245357569482844,0.4133228576302535,0.32906106901149756,0.47236260495749866,0.5494099983325293,0.037680828862859075,0.5568652923982195,0.47324996866862545,0.614086773254167,0.5703319184605677,0.011998294541609415,0.5688016337138994,0.5514267149354745,0.5910517033323978,0.7504809794871329,0.014689406517448728,0.7538713735699369,0.7244695853207105,0.7777741302295138,0.4317806208249282,0.038925257815405886,0.4342703249918588,0.36281856260602435,0.4994246186635116
16026,Pittsburgh,1,1,16026_S1_R1,37.8,0.0,37.8,37.8,37.8,27.92120647266911,1.3990905234007442,27.532082132916702,26.091695895947908,30.73426402493527,0.39020921301449274,0.04274732842603871,0.376258306732017,0.33898604833541307,0.4763739721693587,0.5489964287821544,0.0494352802281006,0.5391071055830459,0.4788534667230029,0.6474585942156718,0.5698752734007431,0.01819450459071313,0.5774436090225471,0.5309857978279126,0.5887496519075329,0.7381347329806124,0.011714244822309192,0.7373843636987129,0.7202867335876049,0.7634669726597892,0.44825769912978974,0.0362083143440843,0.45511064343185553,0.3736852181352835,0.5018389433016521
16027,Pittsburgh,1,1,16027_S1_R1,37.8,0.0,37.8,37.8,37.8,26.70796012211074,0.7544743034785163,26.597361080270066,25.74093312527004,28.876440399571468,0.3524621387429307,0.027315283537717564,0.3457606648910906,0.3133651614371413,0.4192689986431193,0.4939515428734062,0.039848738904527996,0.4840696571351132,0.44410111154027726,0.6156485464442573,0.5845769024131532,0.009111661712814197,0.5879606423466034,0.5556669451406375,0.5946811473127244,0.7297353623834453,0.009297427488742288,0.7286410033354266,0.7148252238524473,0.7465924536231952,0.4779646256341744,0.017225871611180388,0.480561230930237,0.44009258118687616,0.5127884399223647
16028,Pittsburgh,1,1,16028_S1_R1,37.8,0.0,37.8,37.8,37.8,27.188989419800244,1.20105230357625,27.018216068493693,25.218156211627157,29.114600081820235,0.36724329457829447,0.03856572037761379,0.36110233691821325,0.30351777147367875,0.4299618162059854,0.5139888225738608,0.04475935649151142,0.5097103605581736,0.4407163908410791,0.5989645717789043,0.57914969803858,0.012468426034990708,0.583644295924991,0.5526195117423242,0.5950895757913294,0.7345610710380265,0.013534910047830464,0.733429963790251,0.7099192356285122,0.7603646455593036,0.4638164131207598,0.03546127344910423,0.4603597227659308,0.40262479635043186,0.5254972267801534
16029,Pittsburgh,1,1,16029_S1_R1,37.8,0.0,37.8,37.8,37.8,26.86850685801422,1.0682593546714503,26.54582268689808,25.118381982728053,28.878356565927206,0.3596370752085974,0.035272644993649446,0.35068245448440793,0.30157348543326706,0.43688247803972824,0.5109527751196175,0.04480714048565639,0.499216466064421,0.4315667870036101,0.6245282007291443,0.5821490313887896,0.010604174943618623,0.5850273832729912,0.5539933166248872,0.595915715213956,0.73398086794375,0.013941414511238818,0.7314330749924733,0.7116195047167845,0.7684014600370709,0.4766736803054367,0.032051366028914494,0.4876255593834996,0.40834939648467034,0.5279803496421596
16030,Pittsburgh,1,1,16030_S1_R1,37.8,0.0,37.8,37.8,37.8,26.80310425927574,0.8703616018958922,26.640664735593294,25.32289121715646,28.74318348608519,0.35400095547385013,0.025778517620859965,0.34959099410601113,0.31046014894403984,0.40978942904057036,0.4968167166587202,0.03238393369074265,0.48792270531400966,0.45341065734694164,0.5559636044727033,0.5845105187210391,0.007351010995830694,0.5864197530864153,0.5687459389213764,0.5942727188341205,0.7303683267772685,0.010557500805006038,0.7284344238412281,0.7132828742702375,0.753587613847569,0.47334798611899526,0.028281860697287654,0.4784642261172098,0.40505937795657626,0.5216436829416906
16031,Pittsburgh,1,1,16031_S1_R1,37.8,0.0,37.8,37.8,37.8,26.633251798133912,0.7693343757374932,26.619676103089986,25.23991794021506,28.356826981745268,0.3495996942001342,0.027691356756829384,0.349739010108051,0.29422003780643075,0.407272610725873,0.4992966994258882,0.039639280596594294,0.4936935166994106,0.4325074303100306,0.592653391650457,0.5840138786922331,0.008368114665334204,0.5854822240787115,0.562779170147578,0.5957486308363484,0.7277543958162848,0.01084027566150981,0.728619269718552,0.7044366321377588,0.7480583427099059,0.4822464665076896,0.020052729368345422,0.48055524808455563,0.44446224629198466,0.5207290621661635
16032,Pittsburgh,1,1,16032_S1_R1,37.8,0.0,37.8,37.8,37.8,26.30753927677632,0.8049102399375502,26.260786374619133,25.020141649246217,28.19180894148977,0.33861909248776884,0.026944492884458823,0.3355671338583885,0.2992536334892946,0.40754904992851976,0.4782871691415104,0.03130077766413983,0.47358675600238653,0.4294248690930711,0.5445814116736316,0.588342207932847,0.006213113756814804,0.5898357003620135,0.5736053095702164,0.5953587672885886,0.7246415310222437,0.012060989900984639,0.7255558723607932,0.7071113039928403,0.7577780551179182,0.48839557433765535,0.02463885289960938,0.4859391464393008,0.4289259043120966,0.5299916536387744
16033,Pittsburgh,1,1,16033_S1_R1,37.8,0.0,37.8,37.8,37.8,27.678877053648662,0.8923947092867086,27.80019198718824,25.967869963144,29.12007084645723,0.38528299716003767,0.029970913217999953,0.39275306568697854,0.3286800940536172,0.4439855600920858,0.532431554088662,0.03537728045624147,0.5340787256854036,0.4731017648752794,0.6123995843596871,0.5734203353501518,0.010830601131448377,0.5726074445372588,0.5528654970760256,0.5896964633806672,0.7403639415456897,0.010048032470600436,0.7391221835312884,0.7230159936529005,0.7620733789680408,0.45119647265293406,0.025426505509680567,0.4485898857361027,0.41028843483065736,0.5040196121651892
16034,Pittsburgh,1,1,16034_S1_R1,37.8,0.0,37.8,37.8,37.8,26.87521010412934,0.9976586146343033,26.940650549687838,25.37695207219375,28.987411223587237,0.3602809562797131,0.03318935082860825,0.3582747478005482,0.3093756605636515,0.4325307076844707,0.5108006074732703,0.04514640151042617,0.5062982181768213,0.4437051440692947,0.5940464449027167,0.5815588353599993,0.009721378969294035,0.5831012716977622,0.5610414926204244,0.5935394040657168,0.7343585467774333,0.013130999281446032,0.7330284687581918,0.7126042743460328,0.766672905846445,0.4751062970862069,0.028013645609225202,0.4773725492281689,0.4033790367488176,0.516059942379598
16035,Pittsburgh,1,1,16035_S1_R1,37.8,0.0,37.8,37.8,37.8,26.721058446159393,0.6326550060358445,26.734711402968358,25.457498598726172,27.831916931428406,0.3510093462337433,0.021806015040409656,0.35053006182438456,0.30264415703191344,0.39421430494987825,0.4937542905292735,0.022602445075591886,0.4960510838514535,0.43788196076755415,0.5323989298638743,0.5855057115290963,0.005277039234232612,0.5857792629722379,0.573568179708523,0.5951359881184416,0.7301924723884243,0.009029572447501823,0.7277014082241152,0.710621573497742,0.7453994891927118,0.47502926042697324,0.02014834041811989,0.47735568131951694,0.4345463239426269,0.5126483687648067
16036,Pittsburgh,1,1,16036_S1_R1,37.8,0.0,37.8,37.8,37.8,26.75556866934425,0.7335398614597143,26.738435243305407,25.42018716209813,28.41358704629697,0.35532490901581,0.026148058681925747,0.35169688602144594,0.3096141398699192,0.41893646703996756,0.5001950371961008,0.028322980290519627,0.5001084406238293,0.4389455660983092,0.5479380038163479,0.5838773420644676,0.0072925150907682664,0.5856307435254678,0.5670750951452572,0.594811101828642,0.7323448211489995,0.010980541412167802,0.7300824722329492,0.7091448124996306,0.7588653200644823,0.47672086733902097,0.021963052918064125,0.47705376851661596,0.42773868222317635,0.5244997330609552
16037,Pittsburgh,1,1,16037_S1_R1,37.8,0.0,37.8,37.8,37.8,26.100602465649352,0.6644462473998194,26.100249976860848,24.86177005140405,27.234055003366972,0.3324867957137326,0.023079134911310487,0.33157701383211835,0.28983033184655554,0.37356770273453327,0.47567755323126165,0.029367103021936694,0.4736545732443086,0.4193717164911878,0.5393779978338233,0.5893840943548487,0.004980681677377314,0.5900213496704646,0.578144435161964,0.5965933351898243,0.7209156692756412,0.009615475252886205,0.7219360813498759,0.7013511741530297,0.7373474089417239,0.4970894047465786,0.019827733606239756,0.4961062859373483,0.466184444239597,0.5385515533725852
16038,Pittsburgh,1,1,16038_S1_R1,37.8,0.0,37.8,37.8,37.8,27.936348595478506,1.1769879792433162,27.81346036634947,25.863963513625297,30.477033722400666,0.3930618526962352,0.037141486434663196,0.3895999290524997,0.3223211330061945,0.4705532069196103,0.5373430454314808,0.041673530785661196,0.5310120475644101,0.4546932566707603,0.6184282126412725,0.571661002755398,0.01500265732446535,0.5756010396361196,0.5381750672978661,0.5926390049196992,0.7434485724408062,0.008987635064958796,0.7444221838914402,0.7173408423317034,0.763304638980761,0.4409917738138218,0.03185594247538323,0.4479035831135118,0.37052226326519383,0.49884922228228645
16039,Pittsburgh,1,1,16039_S1_R1,37.8,0.0,37.8,37.8,37.8,26.876988262327856,0.7133712922601961,27.008499218915638,25.177881525692186,28.320141134764018,0.35968233456087745,0.023835367044591372,0.361475167064954,0.30560466343645554,0.41743938863993507,0.5103342818017812,0.03281733141095645,0.5114880782872084,0.4314452508677816,0.5912077549095852,0.581715652768275,0.006928590524563864,0.5814629165506264,0.5667223614591927,0.5955722639933151,0.732475743731597,0.00918857577806948,0.7328371603107253,0.7089905951578679,0.7506665651822299,0.47771334268825005,0.019762363539033892,0.4733755536811062,0.444712309530604,0.5241542260847992
16041,Pittsburgh,1,1,16041_S1_R1,37.8,0.0,37.8,37.8,37.8,27.40664548575403,0.7895455974424643,27.411109629430268,25.808011277098405,29.030726950419577,0.37696938823402537,0.0259638594228003,0.3746936223411036,0.3243353240725868,0.42772453195170135,0.5309343371938022,0.03502251539865737,0.5182233834095362,0.4681002999204293,0.6111393400973627,0.5761806311513801,0.009964938867548102,0.5777592128469243,0.5551424858442273,0.5916457811194622,0.7393270757287649,0.008695118306085938,0.7401578251494533,0.7223835610161384,0.7578485379575465,0.4616208133912343,0.02140812639668128,0.45838244002498113,0.4084666089538876,0.5037049815436321
16042,Pittsburgh,1,1,16042_S1_R1,37.8,0.0,37.8,37.8,37.8,26.68558253842678,0.9944025906877847,26.481432446053155,25.170304149702975,28.604196469407334,0.35325526106685284,0.03333205458374395,0.34377183051449406,0.30309901492780367,0.41913067364364026,0.4913135565819697,0.03349506422029939,0.4924258617004406,0.4364969709852269,0.5426987109575181,0.5848918030204527,0.007921896465721124,0.5870695256660168,0.5696277731365401,0.5952845075652085,0.7313011979362432,0.014998200990563166,0.728377206800316,0.7086354301194253,0.7618983963272713,0.47623536239805836,0.03241808558030077,0.4843844964523496,0.40672351001066537,0.5257294099830844
16043,Pittsburgh,1,1,16043_S1_R1,37.8,0.0,37.8,37.8,37.8,26.8440460319154,0.809801306630938,26.65451546405491,25.880759199669487,28.431820541306546,0.35394154347100865,0.026277076311184287,0.3466827411127578,0.3190833397971755,0.4069343460341694,0.5007653921777192,0.03913501791009515,0.49788281109340304,0.4510472816346866,0.5939306846999155,0.5841191080957113,0.008709677448447344,0.5875429314025787,0.562122899842186,0.5925925925925908,0.7302117900144515,0.008943862192230296,0.7272227152609821,0.7160247753711763,0.7466864516561078,0.47151742236497113,0.02116145381124916,0.4723480011320685,0.4321736349697001,0.5049844238692358
16044,Pittsburgh,1,1,16044_S1_R1,37.8,0.0,37.8,37.8,37.8,27.554941989949636,0.7388310895011001,27.46412144522918,25.805872178705116,28.908068867733604,0.3837898799652242,0.025115286025549195,0.3772531263098545,0.33376891546987986,0.43221816862817125,0.5268933142176581,0.028386837881597904,0.521659752123441,0.48199927410799037,0.5874871806430527,0.5767539780989991,0.008156058431562434,0.5790680404715429,0.5613338902812466,0.590606144992102,0.7441147195018993,0.010323970057397484,0.7414375496171087,0.7247722699022324,0.7626452675116966,0.45282821981536475,0.025887552676383905,0.45148372809490567,0.39918159431350225,0.5198620486445362
16045,Pittsburgh,1,1,16045_S1_R1,37.8,0.0,37.8,37.8,37.8,27.260099150917746,0.8456533061583494,27.187992306759483,25.762100528415882,28.909592245127026,0.37184312889327176,0.029064674158927186,0.3697280208926075,0.3230213649133285,0.43139694809949825,0.5154094865486474,0.02943243578936848,0.5105916873012607,0.46118346623989404,0.5753786010919871,0.5801797985423641,0.007821181950027985,0.5824375754200256,0.563533834586453,0.5906757634827735,0.7374029801762556,0.010361392862016063,0.7375954934765572,0.717228421604418,0.7590603881339358,0.4584821187953821,0.02723790479555325,0.4575220128182613,0.4127281956040604,0.5080831795739982
16046,Pittsburgh,1,1,16046_S1_R1,37.8,0.0,37.8,37.8,37.8,26.65711318933222,0.5180527126718566,26.65494457859742,25.756129320044266,27.651472734777553,0.3525133678011639,0.01775832239033006,0.35631540717211024,0.3199909208053228,0.38534361701134234,0.5008596926321002,0.028917125978082752,0.5031968360677949,0.45585675730905556,0.5559589496576143,0.5850144440787637,0.005019372311514743,0.5848417339645277,0.5728998421980781,0.5928339366935815,0.7303463166790367,0.007242753435108705,0.7298463323638121,0.7165313745218662,0.7432418554517606,0.48047133867001635,0.015410422836697692,0.48008373078779404,0.45489291921361713,0.5076226181752899
16047,Pittsburgh,1,1,16047_S1_R1,37.8,0.0,37.8,37.8,37.8,28.089648466988614,1.3142215459170254,28.01378870449568,25.400204881241446,30.800374767027403,0.3989133141794982,0.04382424647787784,0.3941633220019019,0.3144169906020672,0.4875392812415664,0.5481134474867411,0.05962930284123342,0.5351099670666616,0.45738178800261636,0.678502846908626,0.5689550636250638,0.018995146076660054,0.5744314489928434,0.5184670671387683,0.5925090504037848,0.74316660565439,0.011618770028734985,0.743748165002098,0.7103580871178701,0.7622083173631011,0.4425558404586575,0.02867993703377303,0.4399820220633092,0.3936224205219722,0.5269331142318776
16048,Pittsburgh,1,1,16048_S1_R1,37.8,0.0,37.8,37.8,37.8,28.049302411269533,0.995445725432281,27.743501077827656,26.502629271933905,30.28070812350825,0.3975314852501064,0.029393225884177292,0.39092447020675325,0.35395120127455226,0.46091848883276815,0.5550897593781796,0.041304334837486585,0.5445842935649707,0.49439379004435685,0.6450910861856424,0.5707281390907049,0.013362483304350085,0.5752761533463219,0.536359417061182,0.5862990810359167,0.7446044771691578,0.007891474950760832,0.7436395116904736,0.7266733939718704,0.7558682632046106,0.4423045391523519,0.02558095922578462,0.4503277704962048,0.3839140566867296,0.4879787002722555
16049,Pittsburgh,1,1,16049_S1_R1,37.8,0.0,37.8,37.8,37.8,26.344429405397204,0.4397032405805404,26.296380718130813,25.462565223794236,27.326190805435182,0.3402493382534293,0.016838811553520475,0.340697833472666,0.30548574217284924,0.3795011153792964,0.48064613163240094,0.021013238067067768,0.4814970985683593,0.4381797768577644,0.5249551328646138,0.588184827950903,0.0035951402246777093,0.5885083078065501,0.5812122899842059,0.5946254525201847,0.7261841735533393,0.008814071852892688,0.7251448199761775,0.7106296095604969,0.7487742016544271,0.4870154323217184,0.013907658385706168,0.4903970919721673,0.4550445706457257,0.5060091045798448
16050,Pittsburgh,1,1,16050_S1_R1,37.8,0.0,37.8,37.8,37.8,28.000495327488657,0.8099840763334292,27.787477266161066,26.536939866919266,29.611317317736777,0.39264706592250515,0.02419561758490713,0.3918458170093559,0.3499522646794821,0.43633587375294725,0.5387853803056427,0.03704161914587072,0.5299509146572882,0.4796092610387904,0.6085899959315175,0.5723214039588254,0.01118961516383408,0.5755267799127333,0.548342151675492,0.5874779541446178,0.7439283321113027,0.006344751626408541,0.7443440083528455,0.730084314076952,0.75563408554174,0.4365659911742208,0.019352236583462478,0.43498914392171745,0.39465534676419295,0.4873491592408554
16051,Pittsburgh,1,1,16051_S1_R1,37.8,0.0,37.8,37.8,37.8,27.535394602053852,1.404156551764974,27.093902779252904,25.621852305688357,30.66865430819361,0.37728503816791914,0.04556468398620098,0.364152469346364,0.3129042477875511,0.47760726720848945,0.5375084061054712,0.06269058853519718,0.5327897711479663,0.4386662587947385,0.6713896056026539,0.5739977890855018,0.017539710286920633,0.5788174139051243,0.5312930474334171,0.5951824004455551,0.7354679359484291,0.01331944753585162,0.7351709868558433,0.7152115222972801,0.7679896698719055,0.4607572678863647,0.03156415359608261,0.4656848068125764,0.3901553119931902,0.5075272692010051
16052,Pittsburgh,1,1,16052_S1_R1,37.8,0.0,37.8,37.8,37.8,28.00898215472223,1.030091096911716,27.845681822927375,26.45560246706009,30.857315138139224,0.3944298467835033,0.031120304518379403,0.3917560461104059,0.3443806663828311,0.4609722890807148,0.5519453701333459,0.036103431983093376,0.5554797333204503,0.4773230345854466,0.6408561599181553,0.5694082006362612,0.01409519348069432,0.5731319038336511,0.5310517033323984,0.5887403694421189,0.7423586601839557,0.009601831711061957,0.7414080900333817,0.7227751722224613,0.7662138673850992,0.4457266030026455,0.026185578335183125,0.44712826911535347,0.3753595761753529,0.48596731092032863
16053,Pittsburgh,1,1,16053_S1_R1,37.8,0.0,37.8,37.8,37.8,28.362812653587955,2.020918408781004,27.550030409662348,26.014527595043184,32.94799376286959,0.40580804389467484,0.06069887164648732,0.3891349670753511,0.3271599268763563,0.5425002986099715,0.5607817404685914,0.06764035925869966,0.5418840418840419,0.45944338807260154,0.696183097590447,0.5637622000400156,0.02618350854091842,0.5754293140257941,0.49749740512903234,0.590281258702306,0.7405019302543903,0.010245923116260415,0.7394442410805692,0.7222146223905391,0.7649963177165776,0.438000403869931,0.048744605178645234,0.4560227013238457,0.3276535226654057,0.500420580173196
16054,Pittsburgh,1,1,16054_S1_R1,37.8,0.0,37.8,37.8,37.8,27.33330853257263,0.6358619520178588,27.36239773097791,25.877161647771533,28.665475940704347,0.3729450473488932,0.01973679216248415,0.37441642287996374,0.32815339896550555,0.41343009142832005,0.5222911200726925,0.034444292175271424,0.514421789151156,0.4756735102653981,0.6173246885801109,0.5793404667673568,0.007385693274667509,0.581397939292661,0.5609857978278932,0.5886057736934897,0.7385673735159439,0.008037488412514135,0.7384781628769489,0.718987232473967,0.7561126849625628,0.45820772188586584,0.01883876012037843,0.45466537845396987,0.43179582506127756,0.5078149032074906
16055,Pittsburgh,1,1,16055_S1_R1,37.8,0.0,37.8,37.8,37.8,27.98678949341249,1.2591575146257799,27.854527308438954,25.609166164147226,30.243370413780212,0.3937640703903181,0.04218858393268461,0.3920273232024975,0.31506094822413083,0.47728024779764733,0.5396802753611339,0.051264057267831536,0.5413300104931794,0.44197287299630084,0.6367715016375791,0.5714641421575332,0.014990022761879744,0.5731597512299177,0.5418082242643655,0.594068504594816,0.7424730091968491,0.015366652280950433,0.7428557006361298,0.7123972798276026,0.7754938563051661,0.44140067317309306,0.036027917106968205,0.4482785424625797,0.3663292381664532,0.5071426105446153
16056,Pittsburgh,1,1,16056_S1_R1,37.8,0.0,37.8,37.8,37.8,27.45886459014062,1.2443634343045529,27.249173085940512,25.24325223220022,30.180909190052436,0.37707743006339334,0.037714378578719766,0.3733974774898023,0.30856335377931177,0.4574230297120208,0.5246189253691251,0.04427391469699206,0.5197885283707305,0.46270364331419644,0.6065743229274344,0.575160785561779,0.015740701618190165,0.5804743339830952,0.5388225855644424,0.5931124106562663,0.7365870091875194,0.009118085380987039,0.7386437475882343,0.7163698144003126,0.7552254945341131,0.45734998465165794,0.03265365590337641,0.46332544281236376,0.3941801593118443,0.5312026896572352
16057,Pittsburgh,1,1,16057_S1_R1,37.8,0.0,37.8,37.8,37.8,27.042330827610343,1.076856985612136,26.906334852544884,25.79070860963119,29.72680473264895,0.36304285808835,0.034544691753327215,0.3581357353630766,0.3181447358458993,0.4562759286654676,0.5065857295869416,0.04420529434908753,0.4971886019250929,0.4488910625810704,0.6221340253396428,0.5808224264364593,0.013869635748345032,0.5854543766824437,0.5405291005291164,0.5940220922677026,0.7328218350146377,0.010503808994201558,0.7335687104090274,0.716006388060143,0.754243176260996,0.46860382469899736,0.026657573852222193,0.4736711273283654,0.4032700124440237,0.5044112913988985
16058,Pittsburgh,1,1,16058_S1_R1,37.8,0.0,37.8,37.8,37.8,27.756201296559933,1.3129586515571103,27.243440852667156,26.12930834418849,30.92895182496623,0.3872871815104092,0.04452565782754937,0.3722027771697331,0.33123915247103985,0.4940034623774636,0.5366878561780937,0.049926677837107095,0.5176805285065109,0.4673176844980779,0.6460696765780131,0.5738053888930987,0.015683162555034186,0.5794671864847267,0.5351359881184187,0.5909124663510561,0.7408270325943322,0.012952453632348015,0.7349705175166907,0.7232972391759769,0.7660630143805491,0.4474433589210786,0.037036179682244874,0.46166825180630006,0.3582435440333299,0.48896461629628535
16059,Pittsburgh,1,1,16059_S1_R1,37.8,0.0,37.8,37.8,37.8,26.574977385351342,0.688238033834086,26.49336959249095,25.306097673742396,28.379942200685804,0.34901531434774213,0.025663905193013925,0.345426717559028,0.3060990612378256,0.4168186570483069,0.49228958730972316,0.031066424191702198,0.4911713620848059,0.4458186101295642,0.5589904410751658,0.5867089159486756,0.005579717477889558,0.5878167641325467,0.570435347628321,0.5940220922677028,0.7303029621725557,0.011875797741677916,0.7288184004019213,0.7110596590878235,0.7633287818345943,0.48020270900076545,0.019831643330184865,0.480244598186836,0.42730394328945165,0.5198077741256167
16060,Pittsburgh,1,1,16060_S1_R1,37.8,0.0,37.8,37.8,37.8,27.347182908792053,1.0361671181115508,27.218340667925382,25.383508343445627,29.41513863864698,0.37267569405544965,0.03437927614719873,0.37146784353099865,0.31319461716907915,0.4449194678272739,0.5187158373935294,0.04175341325318342,0.5137285666255743,0.4398877011121909,0.5986256919259401,0.578437564168549,0.012269576217274949,0.5808224264364518,0.5492936043813179,0.5942263065070079,0.7378878425352446,0.013143479308149733,0.7392212362631095,0.7166776771153904,0.7662568957284317,0.45868948948397115,0.02825739960078361,0.46304734944965276,0.4070830210574455,0.5177683830194837
16061,Pittsburgh,1,1,16061_S1_R1,37.8,0.0,37.8,37.8,37.8,28.071407445652063,1.469659893039494,27.64631961144899,26.246103034521404,30.497938808641937,0.3960498349163055,0.044482342719946416,0.38974039913014197,0.33783319136082984,0.46971651874680487,0.5428501019492198,0.053766342168378736,0.5253681891827929,0.4813611945176379,0.646329523657289,0.5681547744622095,0.01893790159774282,0.5724032302979656,0.5360484544695179,0.588842476561771,0.7417750711824986,0.010749286130741038,0.7422596563463769,0.7212208479289868,0.7616118416515435,0.44220301927669603,0.03778684343196871,0.4516537860952955,0.3757191708478978,0.4984973443347875
16062,Pittsburgh,1,1,16062_S1_R1,37.8,0.0,37.8,37.8,37.8,27.813780084219086,1.2263698253259625,27.954779752932097,25.62867918830169,30.073673867551904,0.3893735781405681,0.04023393088062015,0.39358031417255396,0.3129948733017133,0.46026137038838694,0.5368592775648414,0.052757536083594896,0.5348595911940089,0.4453729429365249,0.6206971598534586,0.5714821003125042,0.01460128336841762,0.5733314768402327,0.5425981620718532,0.5936600761162119,0.7402855676981945,0.011484536656084584,0.7402677505971389,0.7139053532050883,0.758942326347017,0.4488742495856072,0.031833751830767365,0.44591753720174887,0.386601967816232,0.5121959231750309
16063,Pittsburgh,1,1,16063_S1_R1,37.8,0.0,37.8,37.8,37.8,28.345440864410886,0.8501094807192137,28.27831877156308,27.007295245245885,30.24929019149981,0.4074075345024725,0.02848908419723814,0.4084732372016437,0.3609728299757114,0.46192131670381664,0.5485357786681202,0.034594682985617194,0.544928514138032,0.4994526400106802,0.635327899221934,0.5691177960935564,0.012025492527504822,0.5700222779169976,0.5394893317950907,0.5859045762554412,0.7512182979868133,0.009397687504077726,0.7515941285733038,0.7332904594176722,0.7724622343541546,0.42570362932067213,0.02264886308102715,0.4277714999828854,0.3847801163348605,0.4677291699353449
16064,Pittsburgh,1,1,16064_S1_R1,37.8,0.0,37.8,37.8,37.8,26.868469023628478,0.7598816701217087,26.934393109773335,25.481057748041653,28.344197803422023,0.3586462797722006,0.026475236412033313,0.35864384995302745,0.3108924187231214,0.41074428983880534,0.5114681218560558,0.03970842100967678,0.5137896877117981,0.45016438587124513,0.6017365126973498,0.5823417972540708,0.008716789822873699,0.5834215167548414,0.5619233268356063,0.5942355889724282,0.7312834081687135,0.009506786543076943,0.7306510540094284,0.7097356362652775,0.7459395707577983,0.4757736694294403,0.019738493584130924,0.4725575671093738,0.4411830941670056,0.513890418353037
16065,Pittsburgh,1,1,16065_S1_R1,37.8,0.0,37.8,37.8,37.8,27.01489224319823,1.0493628612765933,26.73734746042051,25.02828219376112,29.090897399500797,0.3630076902541149,0.034646745595859146,0.3499216441163291,0.3003017921644743,0.4280201198548574,0.5115840121829741,0.048410667648140414,0.4933719550218253,0.4346398740729186,0.6486473981307258,0.5805108731424465,0.011879449526780219,0.5852408799777167,0.5489928525016385,0.595470156873663,0.7324900865391325,0.01142644152805648,0.7305238995013653,0.7063127909564598,0.7527744904141557,0.47339902928332966,0.025679517868818967,0.4787280609534,0.4295839303982553,0.5309793023902438
16066,Pittsburgh,1,1,16066_S1_R1,37.8,0.0,37.8,37.8,37.8,25.830235877200554,0.6961292664737049,25.73409793816115,24.941513804385536,28.384078905456946,0.32536058687407954,0.022550223579244744,0.32309138601434667,0.29859459740267186,0.4078796537104473,0.4608612560463003,0.02393623250997278,0.4564304077921535,0.43149264052158454,0.5447911796559214,0.5907816679746449,0.005984724760929573,0.5922398589065165,0.5645177759212717,0.5954608744082407,0.7194967369013053,0.009548135949454577,0.717809176858696,0.7071841594858203,0.7522682743513237,0.5029861510433209,0.021583627959693662,0.5056708497975869,0.4268326727668743,0.5348446115448893
16067,Pittsburgh,1,1,16067_S1_R1,37.8,0.0,37.8,37.8,37.8,26.33223185569666,1.1239518969062,25.964591324329376,24.97269271925876,28.777435021651417,0.33986956781190525,0.03669025710280243,0.32508767460069987,0.29369811427607545,0.42677613716600027,0.4824903981284165,0.0473885055234427,0.4654141057002487,0.4275413575078673,0.5923490186859623,0.5866135878416514,0.01055966705948157,0.5913673071567718,0.5586930288684504,0.5962777313654458,0.7235521310964287,0.01369906138327713,0.7181905963923729,0.7062877411591992,0.7525657623648968,0.48780551413623097,0.03263983238076739,0.5007484000859835,0.41955755710336234,0.5255519889683088
16068,Pittsburgh,1,1,16068_S1_R1,37.8,0.0,37.8,37.8,37.8,27.34142843604658,0.8513134622825567,27.346643124128644,25.877797360796677,28.99512833168632,0.3739998633233062,0.0285489327748723,0.36959499383801336,0.32702571796310315,0.4345311241246518,0.5227869972111419,0.028042851002832624,0.5211208483212462,0.46403899721448466,0.5856797441697216,0.5774332014098031,0.009395755705258689,0.5789334447229052,0.5584795321637434,0.592908196416965,0.7364075182242216,0.010097504595178584,0.7343939495281985,0.7197134168168842,0.7594965858162923,0.46069773725932855,0.025567850858182112,0.4571476700975848,0.40728068915425286,0.5074543506214128
16069,Pittsburgh,1,1,16069_S1_R1,37.8,0.0,37.8,37.8,37.8,26.878763427042315,1.0134698097593808,26.77506019943639,25.19051949413199,30.523388455416026,0.35710969237620616,0.03269624515318579,0.35124567265579226,0.30958182059006795,0.4785436140866878,0.509104468293944,0.047878612874341,0.49518832577400906,0.4418585005279831,0.6501205462220909,0.5812163686432625,0.01285698783418054,0.5849067112224949,0.5269191497261875,0.5947646895015279,0.729317544136535,0.007885930601658138,0.7300370810419607,0.7137738935772836,0.7457586771547878,0.47604351193106365,0.023239320188675645,0.4755100426286152,0.41174801959861324,0.5256941049419649
16070,Pittsburgh,1,1,16070_S1_R1,37.8,0.0,37.8,37.8,37.8,27.29232319370982,1.0827000214546068,26.947657929596147,25.775479743982615,29.426036416856867,0.371738871994469,0.037909013532241534,0.36108819022084454,0.3158789572893183,0.4464251431096196,0.5209959064753447,0.044743185760599886,0.5217668813005688,0.45202413047916035,0.6062841820655064,0.5771576528301553,0.012937902805717192,0.5821869488536021,0.5524997679383427,0.5927132646430865,0.735570965163855,0.012631586598943093,0.7322610723424001,0.7153571248278255,0.7547314775492662,0.4626049573103213,0.02950183648709052,0.469633649189603,0.39288991646858284,0.5043446392011789
16071,Pittsburgh,1,1,16071_S1_R1,37.8,0.0,37.8,37.8,37.8,27.641480740995117,0.9463657624628441,27.60661792253193,26.251341197992627,29.369574489091573,0.3831056068054089,0.03224402608812285,0.3813237474730859,0.3342189460565217,0.431021671602961,0.5400684248067442,0.04833067800957741,0.5243733523971226,0.4699359837807063,0.6222917997424002,0.5736764470097734,0.013797731593008374,0.5776803118908337,0.5457551285621552,0.5906804047154869,0.7389983427914942,0.010635319753054885,0.7394014960077209,0.7207884908874254,0.7610883788625009,0.4546089810017245,0.020207512829352126,0.45390613679599046,0.42560946631650676,0.49081433964983995
16072,Pittsburgh,1,1,16072_S1_R1,37.8,0.0,37.8,37.8,37.8,27.85776727562696,1.5761190717785063,27.253160671183938,25.578990063541813,30.572277632512545,0.38779820238686263,0.05269652146412257,0.367876746782763,0.3116114207159174,0.4744315011710965,0.5311443156024849,0.06379246037069483,0.5050936509846389,0.4449780864500049,0.6503783559655851,0.5722329673791607,0.019207568670301524,0.5831894551192683,0.5389204492713303,0.5935486865311403,0.7394285605714555,0.015035070384471121,0.7390198643327973,0.7139284020023542,0.7717843568379775,0.4438026866236796,0.040040522011670514,0.4517701983252663,0.37638236939890474,0.5059588419199322
16073,Pittsburgh,1,1,16073_S1_R1,37.8,0.0,37.8,37.8,37.8,27.484024943784473,1.0561014681892733,27.503585801626507,25.664763638847752,29.40230618527061,0.37570964397421597,0.033501668983701334,0.37956044131799327,0.3170466074313484,0.43535112554704664,0.5249079032997322,0.04448159797781124,0.5201537767491125,0.45055359838953196,0.6255186887336291,0.5771484266221023,0.011623182920271992,0.5792908196416795,0.5502886846746414,0.5935858163928323,0.7374854570512137,0.01260744948679353,0.7377401335859183,0.7121079262032228,0.7621564960034147,0.45439546564338096,0.029669610378601243,0.45060739350564566,0.39954560819491475,0.507979496117589
16074,Pittsburgh,1,1,16074_S1_R1,37.8,0.0,37.8,37.8,37.8,27.078804079368354,0.9418497891980449,26.6712030787217,25.910270992705698,29.466430401174645,0.36611475703010776,0.0321913480779262,0.3579788440344421,0.3178940035954623,0.44006615748153827,0.5084666317337114,0.03600121579201845,0.5001023392778148,0.4562583839249907,0.6018606083265522,0.5812316425181853,0.009849073573948158,0.5847860391719926,0.5523011231783146,0.5926761347813936,0.7349101993493721,0.012247353404173128,0.7332735493056457,0.7134276734732179,0.7579829098645244,0.46558454570263824,0.027289390449736103,0.47588656859887873,0.4039341998976673,0.5098301953009263
16075,Pittsburgh,1,1,16075_S1_R1,37.8,0.0,37.8,37.8,37.8,26.833922181232126,0.9229327665825413,26.675525727397517,25.063421789595957,28.441446302439036,0.35971348842876266,0.02927480287604049,0.3536809393393774,0.3031685662736997,0.4144112359525644,0.5145398341477185,0.04520270182621673,0.4980600086513128,0.4367063478242698,0.593741049987883,0.5818986298518383,0.009181451728609003,0.5848695813608068,0.5591989232340047,0.5952473777035169,0.7323619173292971,0.010230635414564494,0.7318059087246844,0.7054451102962132,0.7512557250037318,0.4801888301031648,0.024667726189392697,0.4825707095939447,0.4380440658063684,0.53100869316671
16076,Pittsburgh,1,1,16076_S1_R1,37.8,0.0,37.8,37.8,37.8,27.5190918343109,0.868014248088723,27.672060603217076,26.083554937337574,29.302002962639456,0.37839136243898686,0.02791920749079137,0.37871105184305204,0.3348474859537297,0.4340313497900562,0.5229626239059821,0.030679544315428853,0.5227752172971636,0.47255103377432767,0.60066610608234,0.577203980771225,0.009423884020000915,0.5782651072124697,0.5534335839599006,0.5902719762368801,0.7397211967305829,0.009409660886875374,0.7408349940607509,0.7234997248850181,0.7571378792210987,0.4528664230359781,0.02679368135040218,0.45025088805005065,0.4105789227161657,0.5002903325349898
16077,Pittsburgh,1,1,16077_S1_R1,37.8,0.0,37.8,37.8,37.8,27.237009102590918,0.8564984124530665,27.059175601131038,25.97273922531228,29.42774123643574,0.3729016157585308,0.02778684405910149,0.370916463098232,0.33336135546415446,0.4387698588500974,0.5178808920590037,0.028954832497019512,0.5175245161625072,0.47279131523548756,0.5845202177687134,0.5791506544138041,0.00879810029945998,0.5817878028404264,0.5546365914786786,0.5890374083356478,0.7386174751837193,0.011124550997694032,0.7387567533340195,0.7213993568559183,0.764786708499418,0.4622629120393281,0.02693904055964662,0.4637670529250546,0.39488995919417486,0.5071462968802658
16078,Pittsburgh,1,1,16078_S1_R1,37.8,0.0,37.8,37.8,37.8,27.048101361934837,0.5831654081708532,27.005304060484235,26.020150281253613,28.459827195970636,0.36433866591045955,0.020347548497811625,0.3629286341824677,0.32927071870394675,0.4152197036505042,0.5115932297432912,0.026334539093340444,0.5029452279435881,0.4688418901942378,0.5646414447205403,0.5811758633395974,0.006565749091589736,0.5825118351434019,0.5651536248027456,0.5918685602896127,0.7334968682779844,0.008495875051053016,0.7333825295568207,0.7201605902620096,0.7577968151274315,0.46818656557933336,0.01698533824112126,0.46697390800198285,0.4249846262441841,0.5015739682490232
16079,Pittsburgh,1,1,16079_S1_R1,37.8,0.0,37.8,37.8,37.8,31.08113646237284,1.4849639119810918,31.407074866169378,27.85374766149019,33.27350739617097,0.498429488971862,0.042481040241688986,0.5075566167692516,0.3984001806211582,0.5490260435929538,0.6378594877070959,0.04926005870858304,0.6413377775630806,0.5223032069970845,0.7011130170363729,0.5342777177029608,0.019763067475397248,0.5282994523345674,0.5049218504816252,0.5773925554627188,0.7716541216310309,0.01101436902522847,0.7733336355963496,0.7453516595657959,0.7892709203423638,0.34777997012870826,0.05259700866088732,0.35304599235861855,0.2200187292380507,0.44848394792613067
16080,Pittsburgh,1,1,16080_S1_R1,37.8,0.0,37.8,37.8,37.8,26.963245972510922,1.0423612003241152,26.691065916262176,25.238236948690915,29.260428656402386,0.36052866351311963,0.03562214885120734,0.35098549732731643,0.3033548536366734,0.434222026798366,0.5105932074701883,0.04530682760004995,0.5003583673943784,0.44181005570814297,0.6347259308229047,0.5810930243678695,0.011886464025567131,0.5857978279030834,0.5460642346607287,0.5942355889724273,0.7312235718163743,0.01257815585883693,0.7294478448953212,0.7058541626628481,0.757206451281657,0.47389162941870205,0.027814947724607905,0.4760217642657971,0.42269809290878757,0.5278015501616692
16081,Pittsburgh,1,1,16081_S1_R1,37.8,0.0,37.8,37.8,37.8,27.259498228391774,1.0923003849324162,27.190507594535227,25.598731421169482,29.193344217225125,0.3732209882474774,0.03407928285069782,0.3687497403248767,0.32088451417179475,0.4382675411641284,0.5265403894090653,0.051920565898380455,0.52,0.46387476027682817,0.6512635304236986,0.5773112635685663,0.012446772071398568,0.5798199201707881,0.5474148333797338,0.5928803490206965,0.7364472962454575,0.012491069596012979,0.7380726561544858,0.716660497136122,0.7595759093933838,0.46674287663825276,0.027783510154886563,0.4642336155471281,0.41552918826063107,0.5181022766306353
16082,Pittsburgh,1,1,16082_S1_R1,37.8,0.0,37.8,37.8,37.8,28.31480744242478,1.3109737431178274,28.092643577174137,26.363479331292606,31.53893637782649,0.40497569325037946,0.03876932194411308,0.39617157864801444,0.34465056950059825,0.5030351996102377,0.5701765031237911,0.05548239459442737,0.5529732239591395,0.490151971259767,0.7052658991720397,0.5624529564518375,0.02262193934735365,0.5689408706952485,0.5013394155583379,0.5865775549985991,0.7394937099463531,0.008904377963368126,0.7401724428056238,0.7095515793214999,0.7554505790795348,0.4467554159091316,0.02066653066260947,0.44657872534833953,0.40261659527581833,0.4868476862364312
16083,Pittsburgh,1,1,16083_S1_R1,37.8,0.0,37.8,37.8,37.8,28.322793504819153,1.0807296659154675,28.333311864576842,26.05439996531135,30.13493603028749,0.40872470087139007,0.03168325945386057,0.409496994166726,0.3294462864377122,0.4585129518327139,0.5672025589939975,0.041803349673072566,0.556909094263278,0.48102555108868683,0.6394584941161463,0.5651316161174088,0.013774462605487706,0.5686252668708638,0.5371480288021723,0.5891766453169937,0.7455805098583227,0.01039659065120093,0.747681498739004,0.7229268701473534,0.7641714689825638,0.4386137428508463,0.02811831617459855,0.43050827996639845,0.39539943454790766,0.5057091102564245
16084,Pittsburgh,1,1,16084_S1_R1,37.8,0.0,37.8,37.8,37.8,27.59968978079122,0.9124087387450776,27.629115137300992,25.52296329862193,29.357321763038634,0.38166681373730243,0.029443093878786273,0.3855869793981927,0.31883876056614485,0.4377341040781634,0.5275462569020161,0.034027035744655064,0.5289218730592473,0.45062829003226357,0.5999557742901207,0.5758876709169061,0.00974642112400583,0.5761208576998008,0.5548853615520328,0.5923048361644807,0.7404892848026082,0.009969140436321322,0.7426840949110977,0.7188436750039922,0.7574981402185376,0.451913975341746,0.027638032545139142,0.4506932904181856,0.3940591516052571,0.5151408222783279
16085,Pittsburgh,1,1,16085_S1_R1,37.8,0.0,37.8,37.8,37.8,27.4767949290633,0.9073522305246547,27.440899123643575,25.72661273228495,29.272536695630926,0.3763738983589983,0.027906704819268026,0.37599943222248045,0.32484930962779907,0.4312039991240364,0.5255745451713578,0.03921429436934623,0.5243667223865244,0.46120701618051124,0.6066025838927931,0.5766208731705733,0.010971511494747732,0.5768541724682085,0.5512549893251618,0.5915065441381182,0.7375069794487776,0.008658803705857766,0.7371336326317217,0.7192158031393988,0.75799743810018,0.45697732070515945,0.02412153882030075,0.4576378914115489,0.404577879572406,0.5088670434310423
16086,Pittsburgh,1,1,16086_S1_R1,37.8,0.0,37.8,37.8,37.8,28.286230787630096,0.7509977602362196,28.316327187889502,26.495827798466934,29.593079089490992,0.40357728270427184,0.026096527635504182,0.4052502208540343,0.3425061761551136,0.44316956540982955,0.5324282266033032,0.02797570094114617,0.533219224359263,0.48490868954445115,0.5961411126187246,0.5722222222222185,0.008823159275220769,0.5720737027754602,0.5510693400167087,0.5874129768866565,0.7502934139231325,0.011143508726848356,0.7520647653735653,0.7222433475501889,0.7720639361823449,0.4201556912681935,0.023580022415414015,0.4160041742257108,0.38402151744434077,0.477698013454518
16087,Pittsburgh,1,1,16087_S1_R1,37.8,0.0,37.8,37.8,37.8,26.94151891574525,0.6380740494766538,26.9223162142854,25.66815052408921,27.893237954691838,0.3619329469892246,0.0216216340606322,0.3638001505385586,0.3144445426151063,0.3889674371225009,0.5106839553519357,0.028598583229892734,0.5138545900013611,0.4515845631735191,0.5654197959666127,0.5818858875583949,0.006935281016523901,0.5816067947646869,0.5705420959806733,0.5936693585816335,0.7333227697782312,0.008133510878066696,0.7347009284280632,0.7158618984369175,0.7454275381401375,0.47459749723146116,0.01716192283369707,0.4698665896022396,0.43929480782327995,0.509134641981032
16088,Pittsburgh,1,1,16088_S1_R1,37.8,0.0,37.8,37.8,37.8,27.581829132189593,1.1104957192716138,27.434537919571525,25.26945164140902,30.1761312440822,0.3808008195068803,0.035009668193962104,0.37701705506105515,0.30863706778234457,0.46379701828337283,0.5474414836453914,0.05563107078143973,0.5411295487258178,0.44590012975597504,0.6831009135165539,0.5743061357096372,0.013532599979759282,0.5772672421795122,0.533906989696471,0.5937807481667111,0.7379290880212597,0.01054563443789951,0.7378146316490418,0.7132186067440708,0.7634648345313286,0.46191054670587156,0.02464254600800621,0.4637037001556422,0.4124256278803939,0.5256260497561407
16089,Pittsburgh,1,1,16089_S1_R1,37.8,0.0,37.8,37.8,37.8,27.595183729897276,1.4299879848837675,26.918553826683446,25.68214692379299,30.91740514541927,0.3813763626694936,0.046523453030814475,0.3628442596751957,0.31614132566479414,0.4854869423666907,0.5333522937237356,0.06215547916697727,0.5046227376008775,0.46630962503771567,0.6805941395725433,0.5734036550410769,0.020331925949492232,0.582483987747131,0.5193735661906241,0.5929824561403458,0.7346732679995723,0.011485605694470154,0.7325269054169634,0.7152882241514437,0.7647792826770137,0.45794252856021606,0.029150142156712813,0.46661561873921176,0.3928278972796496,0.5108930372056507
1000804,NYU,1,1,1000804_S1_R1,37.8,0.0,37.8,37.8,37.8,25.133886161560152,1.1875617706025572,24.803130900232414,23.220399176447014,27.067660484188483,0.3325204450786347,0.03654128398566415,0.32415096728847165,0.273227917504577,0.3877019860924602,0.4975338067825286,0.04209543499432249,0.49855915245785926,0.41719579917377114,0.5706642390557871,0.5831517491045554,0.010283585099788023,0.5848974287570637,0.5578631764596647,0.5964633806739061,0.7205374497566662,0.012612538225688235,0.7197808069921982,0.6989704569404752,0.7401992706986726,0.5688501631483037,0.03299537928058413,0.5793716953179857,0.5235943451029981,0.6180901073639322
1000804,NYU,1,2,1000804_S1_R2,37.8,0.0,37.8,37.8,37.8,26.02708002802681,1.3313820801464613,25.671399149769233,24.078447190083956,28.391259806407124,0.3580431444660955,0.038543040310146603,0.34883250643503877,0.30184877237440344,0.4198917971013102,0.539431713479867,0.05115362753025939,0.5304932395826658,0.45322689757813556,0.6264844886088221,0.5725973664319466,0.01523566187329285,0.5774436090225455,0.5413423771067988,0.5909310312819074,0.727990461195242,0.008752336869135168,0.7274587779730489,0.7139702894507483,0.7542109344988143,0.5494242425864145,0.03129475077675973,0.5556575954806934,0.50182305695585,0.5968078054415088
1017176,NeuroIMAGE,1,1,1017176_S1_R1,37.8,0.0,37.8,37.8,37.8,23.99608786919024,0.7157931303715596,24.090534701786545,22.051388270290275,25.286236786842345,0.2938278332430112,0.023258946488448208,0.29600741553246834,0.2396052094317716,0.3381186779641132,0.45376934754721454,0.032765424362903486,0.4585521759291591,0.3801546574933546,0.5171711099756545,0.5919379769875535,0.003771443725151122,0.592267706302791,0.5818342151675487,0.598607630186577,0.7051636766122908,0.011312485954471497,0.7066016648230227,0.6757167954672746,0.7207854735910869,0.5995850065869086,0.020667319371710013,0.5983582324202895,0.5615187534181164,0.6580939270383765
1018959,KKI,1,1,1018959_S1_R1,37.8,0.0,37.8,37.8,37.8,24.350135349743724,0.8490352505338189,24.545286903255864,22.637058637644117,25.497227560219013,0.3240274285240511,0.02550253546970153,0.3243886562913273,0.27427913181275454,0.3642388382058847,0.5148381428096833,0.029936806450905865,0.5166444727799963,0.4487203412423354,0.5586891312270472,0.5802957238775895,0.007067290664502193,0.5796505151768205,0.5665274296853222,0.5926111575234331,0.71785463038313,0.009951119231316174,0.7214241111240025,0.6971024812632901,0.7323939748583157,0.6226482551150349,0.02274173853811085,0.6164516149723108,0.595641677550903,0.6672608226595799
1019436,KKI,1,1,1019436_S1_R1,37.8,0.0,37.8,37.8,37.8,23.258255832407034,0.9606536997679169,23.43365069549335,21.55626677964863,24.882349529391842,0.29557088493126754,0.028235259178539314,0.3003008799972334,0.23886810134448372,0.3348907189062122,0.46502188515018256,0.03608276701505306,0.47444434361972204,0.39218899163615123,0.5265243690467913,0.5892023654816004,0.005441058968996951,0.5887728580711001,0.5776942355889544,0.5975122992666833,0.7107833329306583,0.012839385848105456,0.7124133634136905,0.6847225220104748,0.7273990742938504,0.6439808582477801,0.028941472210440074,0.6360323506289955,0.5972807416541435,0.6914115509426517
1023964,NYU,1,1,1023964_S1_R1,37.8,0.0,37.8,37.8,37.8,25.46448967072795,0.979071589806664,25.46254297118438,23.90165184516656,27.45479659093054,0.34348929360479735,0.031087601754442418,0.3404921952191568,0.28756217767326625,0.4083161090386638,0.5115712688624682,0.040463763750241445,0.5171208138836112,0.444725790513834,0.5966113237677008,0.5809710739172245,0.00825288985123658,0.5813422445001365,0.5624728487886131,0.5941798941798929,0.7283228107378505,0.01240263201217624,0.7287557205947522,0.7045429376820529,0.7489839174718702,0.5591749856922322,0.02538775633304096,0.56064865037081,0.5085717145396089,0.5973190942238181
1023964,NYU,1,2,1023964_S1_R2,37.8,0.0,37.8,37.8,37.8,34.79156462644276,1.6522321196611025,34.743624827736305,32.794419870251104,37.39005414372996,0.5633828321353532,0.032006614044933275,0.5575126789406875,0.5022449023447599,0.6329302681359734,0.7069381314767773,0.04682447929657402,0.7204306967314174,0.632340526020604,0.7878657487091222,0.48261699691580096,0.03609627983160766,0.49597733712191266,0.40914607252120927,0.5357374918778508,0.7365259413500322,0.06963405961520172,0.7549789401849629,0.5756417097064098,0.8185516727042667,0.2080211470274064,0.07281732637238113,0.18038244762981015,0.11035596082815384,0.33270768903484255
1043241,KKI,1,1,1043241_S1_R1,37.8,0.0,37.8,37.8,37.8,22.384266528278065,0.570017946255837,22.4590015088257,21.376072912467155,23.296527407984986,0.2694027235221759,0.01695106953257724,0.2771238754814937,0.23398202940006216,0.290480650180329,0.4419233714096134,0.027864912669752984,0.4472523196290024,0.38835324232081914,0.49632305508966584,0.5933272610538652,0.002671529601598847,0.5934326557133531,0.588805346700077,0.5978650329527516,0.6983750981444742,0.008939372560466303,0.7001263951236352,0.679225078694398,0.7122734737695529,0.6756081828244281,0.016016884751380054,0.6746184382074161,0.6427971944374747,0.7017301220875269
1050345,Peking_3,1,1,1050345_S1_R1,37.8,0.0,37.8,37.8,37.8,25.505568966265667,1.150747642231979,25.239137133171685,23.974419475856582,28.58156918350019,0.34035910246285495,0.03597331407955102,0.3315996709399962,0.2970061851054083,0.4388385945026165,0.508430784599369,0.045731619236238766,0.5024485798237023,0.4388570460513313,0.6162732690944417,0.5814245641203157,0.011995118148571102,0.5857050032488473,0.5489622203657126,0.5948853615520251,0.7258134814340066,0.011468516149828382,0.723341817333704,0.7067500451824039,0.7575947680994208,0.553904465878427,0.02960093548391472,0.5618275295024926,0.4725208379604198,0.5940052033898161
1050975,Peking_2,1,1,1050975_S1_R1,37.8,0.0,37.8,37.8,37.8,25.302235162349966,0.7708528964519029,25.267905987563886,23.85353642890328,26.44781889539016,0.33814079922423423,0.025117179414511116,0.3389266347045938,0.2955583716594632,0.38397028938955435,0.502484105100825,0.02969379183366661,0.5030045930483931,0.44522421709603804,0.5733662347894599,0.581898264178955,0.00766530887417855,0.5829295460874242,0.5626167270026824,0.5929174788823841,0.7241348598899915,0.011456824598498486,0.7229386012138478,0.703592147461125,0.7529010158967175,0.5618189217537731,0.020940032624847834,0.5645561489146654,0.5208734572415098,0.6000024554856273
1056121,Peking_1,1,1,1056121_S1_R1,37.8,0.0,37.8,37.8,37.8,25.332825142818482,0.8840383340214932,25.30401491742385,23.496476802386734,27.241005848583423,0.3356493676997551,0.028772005601251406,0.3347899474681476,0.28115306317668953,0.40373339265955066,0.5071083559369199,0.047895982323348824,0.5067549345695976,0.427500261078428,0.60776346641827,0.5820729782903439,0.009007711659992125,0.5837696092081949,0.5594773971966941,0.5945976051239196,0.7244385876829312,0.010706042812400157,0.7243646549171996,0.7030997678197832,0.7496349179807936,0.5624186342823023,0.019464599331015516,0.5589269400140895,0.5298786969644318,0.6096837797210728
1057962,NYU,1,1,1057962_S1_R1,37.8,0.0,37.8,37.8,37.8,24.95361590613687,0.8974863938087826,24.98221611349206,23.277517416602688,26.244506066096456,0.3273027097981,0.026426818573319372,0.3305112909063644,0.2740540968656791,0.363961963753841,0.5048281112967443,0.037683215808663545,0.5015236697430284,0.4417481613190011,0.5763818070569039,0.5838488302493061,0.006440507462724362,0.5848510164299624,0.5731736749280439,0.5935301216002922,0.7196113546646111,0.009585200429323251,0.717845585550953,0.6999667966984195,0.7387827033402842,0.5788594866391569,0.024833263973533973,0.5761230879625349,0.538229044046086,0.626631427053554
1068505,Peking_2,1,1,1068505_S1_R1,37.8,0.0,37.8,37.8,37.8,23.808147457360608,0.6059397529508291,23.800072278474506,22.024385176834308,25.391769761160802,0.29292671444952934,0.02005097625420464,0.29351569054568255,0.2394533745395689,0.34182078332265475,0.4489318200062791,0.026589345397869307,0.4531369303016994,0.3782442939913701,0.5156631749090796,0.592183258507602,0.0032692218945529067,0.5925461802654725,0.5821266128283602,0.5979949874686713,0.7071430586348364,0.010086605173909885,0.7075154646593719,0.6778548797014248,0.7287069430662538,0.6053962385961074,0.017737906545907487,0.6054312858034462,0.5625765806219101,0.6579685143211431
1084283,OHSU,1,1,1084283_S1_R1,37.8,0.0,37.8,37.8,37.8,24.27564111749331,0.6567993666343248,24.26665643704565,23.36762252983294,25.21612524045141,0.3237146220521121,0.019390498615409903,0.3268779682042585,0.29646084979300935,0.34761862804889043,0.4836313490264696,0.015455540430727251,0.48507395671639875,0.45551381919995565,0.5009294337850789,0.5853481440226028,0.004123383594385069,0.5834540053838233,0.5802190661839738,0.5918221479624955,0.7297383034777181,0.00918401279457117,0.7327238100131594,0.7185652303362355,0.7435334628506408,0.6051020934617609,0.021564147977987346,0.6078214075465084,0.5727158630269379,0.6325720811696877
1084283,OHSU,1,2,1084283_S1_R2,37.8,0.0,37.8,37.8,37.8,23.99856583514409,1.0611456269156452,24.051090457564907,22.017180191529423,25.06486542915043,0.30684770917968707,0.031893227337229775,0.3018891071424067,0.24824637157702176,0.3397709247641747,0.47929980027275054,0.040756500134875966,0.46815690418014927,0.40770226949451205,0.5257157461025888,0.5873476902131785,0.006167666883560438,0.5893437296945988,0.5796593335189674,0.5971317181843481,0.7161148308341694,0.012320538762632295,0.7150505988531228,0.6914396854293223,0.7292968881424415,0.6128140107238457,0.02965518247712649,0.604190402839616,0.5791131221660496,0.6713358456860741
1084283,OHSU,1,3,1084283_S1_R3,37.8,0.0,37.8,37.8,37.8,23.97507393792359,0.971809064962344,24.11553053604929,22.70826669178511,25.941253374124827,0.3088026873996975,0.025118076184590298,0.31150410930115957,0.2785529225850235,0.3609266456209479,0.47167076218230275,0.03114536121673637,0.462564438262008,0.43539941167880164,0.5339594973363281,0.5884170302298902,0.006050092070181163,0.5896036387264417,0.5741344100993134,0.5946161700547649,0.717823753298086,0.009850956924923885,0.7199821190931137,0.703698700957251,0.7347674146025485,0.6142630269959066,0.030676790726379483,0.6167083687252468,0.5570371198142946,0.6560570140646481
1084884,OHSU,1,1,1084884_S1_R1,37.8,0.0,37.8,37.8,37.8,26.75098897671839,0.8338495218838573,27.038074071783768,25.701780594650067,27.94313539831262,0.3946906022536918,0.02381843501854507,0.3998410297177154,0.3690464574731431,0.4303886735319347,0.6047278093536139,0.017059973321789837,0.6103295413141169,0.5711081492093876,0.6256158366474743,0.5572137722318637,0.012039770317645804,0.5540647916086389,0.5400562252191358,0.5737166991552789,0.7383592139777589,0.00745789994271717,0.7405804889833606,0.7262746335454675,0.7484678133744711,0.5597319413446444,0.019070750739852708,0.5564672752198188,0.5329138104280234,0.5892148136262674
1084884,OHSU,1,2,1084884_S1_R2,37.8,0.0,37.8,37.8,37.8,25.283597864254176,0.9750879671615906,24.858680926498614,24.184999216230292,26.49653550574654,0.35190214956777555,0.018971405611020876,0.34649453889733123,0.32583985427447243,0.37483706774521797,0.5374058697752715,0.020981359968321307,0.534561417074607,0.5046269247441527,0.5651343227941005,0.5765869406025266,0.004744846208765679,0.5778427550357311,0.5707416689872755,0.5822055137844511,0.7339612661796615,0.006406901014360687,0.7345193993496378,0.723975183214631,0.7450670979061541,0.5820314676488898,0.03929190927213743,0.5975415723332453,0.5243307010903726,0.626588570288183
1084884,OHSU,1,3,1084884_S1_R3,37.8,0.0,37.8,37.8,37.8,24.173371929418273,0.46121440003240827,24.193588138881484,23.53926733826336,24.839343204623773,0.3231274428037498,0.014488025135336455,0.32517848542196026,0.3032841295987127,0.3452671314435911,0.49067813323975135,0.02434981964848359,0.4846584234314955,0.46296659918343025,0.5368625260868287,0.5843421310477754,0.005059917555840938,0.5857142857142763,0.5750858628051481,0.58897243107769,0.7214833211517524,0.006249308186274513,0.7234386960468168,0.711478042564895,0.7285379090690477,0.6171952524800868,0.012147877221326103,0.6112271394446779,0.6026199221013483,0.6346896887771667
1093743,Peking_2,1,1,1093743_S1_R1,37.8,0.0,37.8,37.8,37.8,25.35919268934656,1.5535107560925496,25.014616129272863,22.91470737018083,28.278111073845313,0.3384871463832871,0.04762207064721585,0.3319531813900583,0.2613391636230394,0.4223080123874349,0.5158713305341174,0.06126047627279982,0.5164229471316085,0.4118158123370982,0.630845041442221,0.5794365996291501,0.014793847048694178,0.5842383737120519,0.5479643553327769,0.5972059779077291,0.7207756291755307,0.01551995232821167,0.7204932050083288,0.6884508761993651,0.7455779486898804,0.5666108631459238,0.038973738260563925,0.5701265731982553,0.5033554052981252,0.6319177665291507
1094669,Peking_2,1,1,1094669_S1_R1,37.8,0.0,37.8,37.8,37.8,26.320167164609735,0.8487082823970615,26.231941264554074,24.69661676946439,28.23399015288604,0.3675983880733928,0.026121206223384038,0.36733220701578,0.32035168232144995,0.42786068513006054,0.5250044641584468,0.030265936516437296,0.5249520625399479,0.4635760241061976,0.5809132185385076,0.5769262360961016,0.008898972186938296,0.5775225099786371,0.5538048825767985,0.5907175345771801,0.7380468934417713,0.009058853182211805,0.7382344471841892,0.7224837561459809,0.7537472122828428,0.5232977084421544,0.02436059616044476,0.5238298240892404,0.47350690418616276,0.570772342800065
1099481,NYU,1,1,1099481_S1_R1,37.8,0.0,37.8,37.8,37.8,23.91977323648501,0.5814502967377018,23.911965587264614,22.990149279017196,25.34433389149214,0.294590024785025,0.018699485583004622,0.29823187411963975,0.2608393490925719,0.3368967311071132,0.4544393258171175,0.029110357557064988,0.4535613626312698,0.40921272794305324,0.5134195814574779,0.5921798429662862,0.003418600614703578,0.5919985148055279,0.5855843311983597,0.5968903740833548,0.7073852846104438,0.007651683088648895,0.7062377837186282,0.6951805485601444,0.7234660774193516,0.6028845509216141,0.015875470073582785,0.6050517597858437,0.5578773373151283,0.6258911856466998
1099481,NYU,1,2,1099481_S1_R2,37.8,0.0,37.8,37.8,37.8,23.933668120305466,0.841445611179299,23.818750119836707,22.706115510589196,25.447416856414392,0.2959277039125665,0.025949392853738994,0.29861338391874503,0.2515240653691497,0.34249817545844957,0.463977244532664,0.03858273288380818,0.4578404600507598,0.40019783791422314,0.540600927268153,0.5909276703892486,0.004662578035230343,0.5915622389306505,0.5798895386614505,0.5971224357189234,0.7075841117294827,0.011978246471861288,0.7084144274042358,0.685998675591509,0.7286820536856267,0.605359731430391,0.02321675918670417,0.6054959195797505,0.5691015120038612,0.640910857839526
1108916,OHSU,1,1,1108916_S1_R1,37.8,0.0,37.8,37.8,37.8,24.065230607149896,0.8082267522933123,24.37328436374664,22.990894016466644,25.063958973633614,0.3117555090948263,0.028016842036341322,0.3222942265166555,0.27665637541380156,0.34338335383719987,0.4836012181911323,0.036832137422760536,0.49179659173313994,0.4308796374013765,0.5338638927183857,0.5873247934651351,0.005251467135384954,0.5856817970852941,0.5806646245242637,0.5941520467836224,0.721382116064524,0.014025598400747234,0.7246420799606446,0.7028837401114786,0.736759513008199,0.6130642858939639,0.0214180482858396,0.6050353754731945,0.5869376505427094,0.6390519067458341
1108916,OHSU,1,2,1108916_S1_R2,37.8,0.0,37.8,37.8,37.8,24.25673933269685,0.388009728132637,24.26453951722697,23.716266707370156,24.81658221420489,0.32159650303231835,0.013580697256544158,0.31838243137413813,0.30592819864549375,0.3456683308133851,0.48229403807367976,0.009288297064093764,0.4826264030992351,0.4692837446668404,0.4980766271734113,0.5863966500613592,0.002760122614502125,0.5866378910238432,0.5810229276895914,0.5895386614684791,0.7266850684707901,0.008429335181762254,0.7248390701203069,0.7148165505914449,0.7448075664713062,0.6068314420234125,0.015081961787714765,0.6036248279925808,0.583352287610372,0.6290566795269317
1108916,OHSU,1,3,1108916_S1_R3,37.8,0.0,37.8,37.8,37.8,24.194763460354498,0.6902734007356437,24.299423010098305,23.13985817087324,25.490930424238506,0.31984491491338085,0.020045664802547897,0.32147320917933025,0.29236259075096416,0.3583813992066491,0.5065370875413177,0.029447055146296128,0.5019295186977218,0.4534620175193809,0.5468067850425359,0.5839802180347906,0.00698209220737514,0.5838113803026013,0.5694903926482835,0.5930659983291521,0.7212643175459618,0.009190642040008017,0.7245252447147361,0.7072376243692751,0.7318609898639422,0.6199802456148789,0.015084761135919344,0.6192356565675176,0.5947320997167251,0.6428038478860348
1113498,Peking_1,1,1,1113498_S1_R1,37.8,0.0,37.8,37.8,37.8,25.63525081989242,0.8799321153163343,25.711007398680636,23.96857474163959,27.74246350966002,0.34639547661577175,0.02697679332553999,0.35053231613081154,0.28781923785531965,0.40574871264218687,0.5260115775322804,0.04378002727741355,0.5295703756965666,0.44372445075587846,0.6124104407706524,0.5782134650084914,0.010159417447925171,0.5804789752158024,0.5472059779077302,0.5928060892973143,0.725682097704787,0.008873770514374555,0.7247017641317014,0.7072473865140314,0.7456947233455234,0.5587618172912419,0.021928499024542258,0.5589421170430408,0.5174700498448146,0.5970409653771723
1117299,Peking_2,1,1,1117299_S1_R1,37.8,0.0,37.8,37.8,37.8,26.723368589539888,1.7604872857231961,26.88820314344607,23.426318087389596,29.711082551353858,0.3780866690899853,0.05417723936601744,0.38349892051274476,0.27570715401674334,0.4756393112302941,0.5369701861064207,0.06022583917494059,0.5469856115511792,0.4226636934928036,0.6476025719853684,0.5704517617440102,0.01613601813470829,0.5713960827995843,0.5418546365914831,0.5948296667594859,0.7385687220842364,0.021450891685496905,0.7396007765350051,0.7004515275276836,0.7755791026373954,0.5143672422504605,0.0535680223843945,0.5134386661589826,0.4116553717255758,0.6115172393090942
1125505,NeuroIMAGE,1,1,1125505_S1_R1,37.8,0.0,37.8,37.8,37.8,25.39940541164962,0.9438553141623479,25.68087440289949,22.923835153642454,26.453946382121035,0.33761320847800946,0.03023979394142479,0.3452225020587464,0.2623243056175792,0.3771187919298359,0.5010975265998237,0.03975377316236063,0.5059831062230764,0.40520734668879127,0.5648178999621625,0.5825597609159702,0.007472823987529579,0.5812354961477699,0.5677387914230033,0.5971595655806166,0.7224156210309798,0.012025625991030115,0.727020003650169,0.6930290521911593,0.7450543323991076,0.5565110661648983,0.026622063595743112,0.5488339812733675,0.5238659232315397,0.6300487636059182
1127915,NYU,1,1,1127915_S1_R1,37.8,0.0,37.8,37.8,37.8,24.792493514475936,1.1804912838875692,24.494790010703237,23.430594912641926,27.38618369353445,0.322804730643963,0.03773070287090535,0.30776919102287076,0.2767975923991308,0.4000835578612804,0.5081423282540286,0.06940355197477863,0.493138013705095,0.4305865708698004,0.6680287073719416,0.5830492578828858,0.01187811079569472,0.5871391441566761,0.551879699248128,0.596008539868186,0.713699712595126,0.010205371784370391,0.7117684696532498,0.6997487923030608,0.7381254185469731,0.5893403843569657,0.02449660545161529,0.5944295087653394,0.5357572459869151,0.6209730690367472
1127915,NYU,1,2,1127915_S1_R2,37.8,0.0,37.8,37.8,37.8,24.425380141202854,0.682970888556596,24.6024416308654,22.82997693356715,25.475111963874415,0.3101529437761896,0.018750887962065105,0.31418843566203475,0.2661628659295713,0.3383442228963936,0.47584498277367154,0.029270002227679552,0.47763808134803076,0.41274015013359344,0.5223393255573494,0.589442635964106,0.003760193663931051,0.589148797920721,0.5819363222871897,0.5970388935301211,0.7138793549022376,0.009139112439353786,0.7168752934251829,0.6893570937319645,0.7254654191976458,0.5875082216299997,0.01914887356771361,0.5829839794558093,0.55852241018495,0.6354499006480502
1132854,Peking_3,1,1,1132854_S1_R1,37.8,0.0,37.8,37.8,37.8,23.65463029941178,0.3711931303785987,23.584353694790288,22.799190681545358,24.46641896586669,0.2863466042708788,0.01044885545442434,0.28618444688786887,0.26831336725633326,0.30500171298608825,0.44248931567541433,0.015414403565466741,0.4407277430132225,0.41277366879490907,0.47734193665181773,0.5936166070098425,0.0017465220650296181,0.594003527336857,0.5900724032302912,0.5965747702589793,0.7035048955751679,0.004823556348117098,0.7030115408964299,0.6956141628267548,0.7168933631496094,0.6084532798050711,0.012707309168360976,0.6123842837102763,0.5731432539113416,0.63779127426016
1133221,Peking_1,1,1,1133221_S1_R1,37.8,0.0,37.8,37.8,37.8,24.86379848210588,0.7696153579729134,24.97273792969553,23.313667903448405,26.386203627209916,0.3207130975761404,0.024867826673597628,0.323177855445555,0.2676095841703941,0.37012769294384484,0.4838732415548125,0.0340207197002947,0.4815440289505428,0.4138543767363804,0.5351301921521273,0.5868940644293589,0.005968625737808943,0.5873758470249614,0.5737352640861384,0.5963241436925606,0.7180943405001851,0.010483950084267606,0.71719436122602,0.6968839545943528,0.7433710785777178,0.5712014964701689,0.02185366244791851,0.5762384388049112,0.5212477858967517,0.6072654463460737
1139030,Peking_1,1,1,1139030_S1_R1,37.8,0.0,37.8,37.8,37.8,25.31596521564564,0.9630467534788762,25.252215592484724,23.64299488757786,27.110664927332024,0.3387548940800393,0.03041335086969443,0.3377608077054381,0.29292572909799597,0.40164524470392166,0.5200016383160951,0.0472324635472023,0.5161902635104958,0.44523858706878744,0.6381506193351076,0.5814584111588753,0.009206201686595401,0.5825304000742573,0.5573897707231114,0.5938550078900938,0.7240272976018319,0.011085725123669697,0.7258947078599182,0.704398669106504,0.749668480501607,0.5662246514621777,0.025261891202107364,0.562428529419895,0.5159440975141406,0.6103119734036694
1159908,Peking_2,1,1,1159908_S1_R1,37.8,0.0,37.8,37.8,37.8,25.762270326042053,1.1327525341315325,25.783488149391978,24.111549723775763,28.257102555350254,0.3499276031387092,0.03370160470606146,0.35346788510958826,0.30051061214278224,0.4258795580137192,0.5095054129370652,0.03717616037958195,0.4998576888672034,0.45166736140058356,0.5803955139843265,0.5811839445044353,0.00868287411532391,0.5834168755221345,0.5572811658776532,0.5929081964169689,0.7329728164775069,0.01282289532550056,0.7329185961411783,0.7132482554997952,0.7556832124558377,0.5411694684960626,0.037081245135532515,0.5370759977931865,0.4664805639424187,0.6062594151138363
1177160,Peking_2,1,1,1177160_S1_R1,37.8,0.0,37.8,37.8,37.8,24.598446555789536,0.9544197609594886,24.563841995440033,22.789060775857223,26.52904434957002,0.3169653502472021,0.03188584042042163,0.31555414177434726,0.2562571439433534,0.3827490815435442,0.4723775872891257,0.03797499608356165,0.47550158189970304,0.39731824279964606,0.5556860930861102,0.5879656911021868,0.006476733065668874,0.5893344472291793,0.5733036294439787,0.5975865589900647,0.7163707385501659,0.014058281686101896,0.7175465753212185,0.6882848556645818,0.7519131221882231,0.5792392428325113,0.026952223518774097,0.5771938816546995,0.5282636709712535,0.6301037861324227
1186237,Peking_1,1,1,1186237_S1_R1,37.8,0.0,37.8,37.8,37.8,24.579699541377778,0.5533459078506846,24.463555787739,23.472620946482607,25.66363413082926,0.3155035703216209,0.018233407068119167,0.3164675899523735,0.2812396537145541,0.34952281838675564,0.49022834180321545,0.03389073997242305,0.484849851494398,0.4279814504522669,0.5613234851466808,0.5871454834013586,0.004806737730412204,0.5879327949503271,0.5778149076394611,0.5952659426343605,0.7165926586864781,0.00688492414556994,0.7174257316654079,0.7031102122284789,0.7328480845722792,0.5878054081628908,0.01350154497454157,0.5888782401531063,0.5583967152892697,0.610071455366729
1187766,NYU,1,1,1187766_S1_R1,37.8,0.0,37.8,37.8,37.8,24.91514587564607,0.8711519729724743,25.237832593917847,22.854307944209953,26.263403468382986,0.32640702401325034,0.024274889779798272,0.33244091015502547,0.2724197393482266,0.36799508732900316,0.49349604861759866,0.031778178313471114,0.5027592325746755,0.41914996544574984,0.5364389553888763,0.5843508835946782,0.006259219681463197,0.5829434697855792,0.5693539404065665,0.5959528450756535,0.7188274125501153,0.01000814244735472,0.7202567154095221,0.6942987821779507,0.7362409919200094,0.5758056343054511,0.02675716539861602,0.5708091451643038,0.5433252870754358,0.6345178475389239
1187766,NYU,1,2,1187766_S1_R2,37.8,0.0,37.8,37.8,37.8,26.680345731605854,1.6569749650384187,26.50243136004398,23.665939041815307,29.938848570773477,0.3776423796896228,0.051423794541010565,0.3785552256952342,0.2919156195900201,0.4919085232306019,0.5361478445165343,0.051941236564182855,0.5408805409105648,0.4412929966070014,0.6226484830305108,0.5710623530180963,0.016030745181713598,0.5707992202728955,0.5354661786742,0.5923790958878659,0.7396563710872148,0.017355795499756545,0.7389173865009483,0.7055489330002351,0.7812056145315054,0.5149217394016339,0.047929292669459424,0.518695841098489,0.4191636647629691,0.6046489037782892
1206380,OHSU,1,1,1206380_S1_R1,37.8,0.0,37.8,37.8,37.8,22.629679181910397,0.3740325161670959,22.68513392586457,22.071206513517783,23.322056432146773,0.2771444628681615,0.009249121347641262,0.2773040080368118,0.2639522199150619,0.2947717535338748,0.44155788930697865,0.013258887486322521,0.43960745351690017,0.42435268177132757,0.46530185976140426,0.5928158874552599,0.0015813301103518357,0.59301494476933,0.5906154274575308,0.5949410563445605,0.7022075501519344,0.005539097162903012,0.7011454172765293,0.6959643268554371,0.7135172006446716,0.6622304385633264,0.01265566563241494,0.6630014238899313,0.6400704235726496,0.6806504023652726
1206380,OHSU,1,2,1206380_S1_R2,37.8,0.0,37.8,37.8,37.8,23.860897736207782,0.6438345473307264,23.89448476371012,22.791382023848985,24.64484352061623,0.31555889682547644,0.021813001590816693,0.31640295578482835,0.28715586159753104,0.34692408781843975,0.49990636723730564,0.029516510377925548,0.49515062594081666,0.45118571192326773,0.5317230790101684,0.585261507678652,0.004591328235586872,0.5863454933630293,0.5773043720411981,0.5916179337231967,0.7203257748333473,0.010084113128239687,0.7223466305292866,0.7043686076646433,0.7338136416071052,0.6289506186361992,0.017482264543476952,0.6259148819935882,0.6048609359521316,0.6526835363527355
1206380,OHSU,1,3,1206380_S1_R3,37.8,0.0,37.8,37.8,37.8,24.86978229943075,0.7392780818234046,24.939819404325988,23.936404843079416,25.913087922020964,0.3399131950263764,0.017493164973451682,0.33488823602290546,0.3206992911238113,0.36669523912847657,0.5189198172403021,0.024484849950877997,0.5080541422674475,0.49312601657501354,0.551787942163853,0.5823057644110193,0.00496430260238386,0.5840898542652823,0.5746495869302729,0.5880534670008332,0.7298000675303749,0.008551107272738778,0.73258618028294,0.714459713443875,0.7417399810325771,0.5921478664966506,0.02346639417641463,0.5844930878458365,0.5591599247741752,0.6260420666833801
1208586,NeuroIMAGE,1,1,1208586_S1_R1,37.8,0.0,37.8,37.8,37.8,25.61342126750291,1.4193469046093683,25.312467666048754,22.932514069582286,28.18653054174624,0.34389599653715985,0.04263238643168136,0.3340317192245682,0.2673262805383892,0.429034906432549,0.5179988933714428,0.04829164741906627,0.5113443102434891,0.42193326519901664,0.6144466786318545,0.5793532744905673,0.012808141391272359,0.5842824654228049,0.5504158544509437,0.595665088647541,0.7239474871462978,0.014689232025118916,0.7237128827802936,0.6952783634311916,0.7615877196303494,0.5547910999634673,0.042214110333965986,0.5690341063625997,0.4636298542532606,0.6319995377346587
1208795,NYU,1,1,1208795_S1_R1,37.8,0.0,37.8,37.8,37.8,25.671777561517892,1.0554501160870515,25.703588266121713,23.694608374332127,27.829567172025378,0.348845155807102,0.03284346116715953,0.346771339388205,0.2894716549056685,0.4150132875783864,0.5236169906250245,0.04561602562923968,0.5215004237444268,0.44312247865173143,0.61176882996861,0.5783629892099227,0.00985316502653628,0.5788638262322399,0.5544685788545254,0.5933630372226827,0.7263448803489511,0.01225606783521931,0.7246583667827545,0.7075803501133197,0.7470121131982846,0.5561185648723624,0.03079748500962998,0.5580641610215414,0.5001510622606938,0.6105144612505654
1208795,NYU,1,2,1208795_S1_R2,37.8,0.0,37.8,37.8,37.8,25.02724707014115,1.0223879370803064,24.99076633265144,23.421740194370873,26.751532939860695,0.3304027631435335,0.03218278232022974,0.32634997643626645,0.28375058915850154,0.37390435532124705,0.4981901756462317,0.03689822425688153,0.5008570579194049,0.43832534888564884,0.5742109661245741,0.5834995534813948,0.009146259498477817,0.5837974566044626,0.5619056901512948,0.5942355889724285,0.7219730820237443,0.012214777357635525,0.7214789040293561,0.7030379104857944,0.7466720164141671,0.5724936521415959,0.03206525777220837,0.5788494790739018,0.50848814185965,0.6270226932541304
1240299,Peking_1,1,1,1240299_S1_R1,37.8,0.0,37.8,37.8,37.8,24.60258203208523,1.1947973496136746,24.712671042116064,22.499265523960716,27.050670778123955,0.31040893214526943,0.03716198074995096,0.30757809485994886,0.24401543231319636,0.3980929817371511,0.4720058979312906,0.0518412459127911,0.4750800819721056,0.3873688033412021,0.5786860710575988,0.5884069930924808,0.008461449475978383,0.5902441288406122,0.5656595191682806,0.5987283022370727,0.7151743523018601,0.014910351232693235,0.7157021905270776,0.6851720605652387,0.7468942794078569,0.5766816825741556,0.032764458453148425,0.5704009664785693,0.5188563265696903,0.6404002498448377
1258069,Peking_1,1,1,1258069_S1_R1,37.8,0.0,37.8,37.8,37.8,25.134908395630713,1.07616433804662,24.954073107242586,23.009286851318258,27.254139303533655,0.3288411221783032,0.034731104387972764,0.3201300270198009,0.2647985263158155,0.39913400884585554,0.4929992792986254,0.0390167315427321,0.48656798245614036,0.42210727270175047,0.5876142342841318,0.5849193217913757,0.008513266561210903,0.5881370091896339,0.5612150747238487,0.5959621275410745,0.7245330950390376,0.014744488224089502,0.7190804542950536,0.6969792753965618,0.7546986892444185,0.5627678028233105,0.031929612571595746,0.5665855177130682,0.4946680824592631,0.6271831922662586
1266183,KKI,1,1,1266183_S1_R1,37.8,0.0,37.8,37.8,37.8,22.101952256571884,0.5115869792859152,22.063343126836575,21.477363562270213,22.91098848142122,0.2605987598461416,0.017221427992914425,0.2567866219566061,0.2407434626993712,0.2905253288407404,0.4361816023381325,0.030934825132544506,0.4279711435817587,0.3994646756356977,0.48873737651436006,0.5934514649196049,0.003982351505576351,0.5953587672885903,0.5858256752993504,0.5972709551656907,0.6928646795946043,0.0067770568691992265,0.6927599635933531,0.683448436353263,0.7048244713392693,0.6865575734805197,0.009026627318445293,0.6880013814944472,0.6736482316074648,0.7005373755576252
1282248,Peking_1,1,1,1282248_S1_R1,37.8,0.0,37.8,37.8,37.8,24.64209303518468,1.1260670517369995,24.25650423702441,23.015654822399743,27.39522526703383,0.3157347145498689,0.036035052881376366,0.302285672652618,0.26166958811759855,0.40518438156866854,0.478859137273727,0.04489432524852556,0.46212131335943657,0.4056045502858292,0.5783091529884183,0.5871022859769077,0.008642780109386653,0.5908660540239471,0.5648101735821027,0.5973359324236507,0.7159545081569457,0.014826468747839999,0.7121690630224409,0.6922613352626988,0.7547135153059514,0.5802583084606193,0.031185443777892216,0.591251900480903,0.5037951302010513,0.6251582536830839
1283494,NYU,1,1,1283494_S1_R1,37.8,0.0,37.8,37.8,37.8,24.028583896798363,0.7301362781892892,23.941699735114447,22.98863405867627,26.461065216440904,0.29810051199357845,0.024211758080329656,0.2931232842208678,0.25774533474850125,0.3757911630078546,0.45693920278918576,0.026228392225012512,0.45141184185251665,0.4148082443409207,0.5292707437856425,0.5912984888786428,0.004474425174106221,0.5925090504037862,0.5764411027568835,0.5964912280701731,0.7094884415773719,0.01062153203206644,0.7054708694984756,0.6938552787519429,0.7410871553994055,0.5961376210016559,0.02456524153381882,0.6003345720351688,0.510350781162945,0.626876650019895
1302449,Peking_1,1,1,1302449_S1_R1,37.8,0.0,37.8,37.8,37.8,24.34507337043466,0.777377823971457,24.245995802628368,23.143099427223206,25.923337574381577,0.3075286206663218,0.024546899029139705,0.3052873105821615,0.27015869627318595,0.35792658257628107,0.47366787031074215,0.03694455874826711,0.4681769007181867,0.42000597235652126,0.5507516675675194,0.589152759948646,0.005494429754577798,0.591144527986628,0.5769330734242858,0.5960920820569914,0.713227685644687,0.010065237037903024,0.7137196601571423,0.6948958487809777,0.7360268647401633,0.5904656793131715,0.019854817354973252,0.5929238350668248,0.5477907459107125,0.6227543679212535
1312097,NeuroIMAGE,1,1,1312097_S1_R1,37.8,0.0,37.8,37.8,37.8,24.55434362754669,0.5962743481695241,24.508526484276118,23.409215159792648,25.824845522955844,0.30801619721744183,0.01844780952077078,0.3100239600007046,0.2729135398590813,0.34231020378502947,0.4613658890738146,0.022538957621878266,0.46123612407290526,0.4198006756283203,0.504713932712412,0.5902586579169291,0.0032453691340227266,0.5903880070546697,0.5835468300380504,0.595980692471919,0.7126616453356348,0.009174700168333648,0.7127571740163103,0.6931488495533958,0.7277424800215799,0.5761412924395841,0.019448460100141486,0.5769674536428954,0.5327294159287431,0.6128288744701644
1320247,NYU,1,1,1320247_S1_R1,37.8,0.0,37.8,37.8,37.8,25.417804418739518,1.0441659786034758,25.228666511334872,23.471435296221784,27.45390530887403,0.34137429816018167,0.032305441290839905,0.3330174800159288,0.2788751030867955,0.4030052841550674,0.5192028437756521,0.04796777201222835,0.5103064931838649,0.4353483571305694,0.5987586444105124,0.5792914278032149,0.011172225475776763,0.5822287199480034,0.5547247749001966,0.5942263065070067,0.7226534608780774,0.009204739305177935,0.7229070670371138,0.7006969373380687,0.7407196401551389,0.5666289366413758,0.02445388704938201,0.5702890622320363,0.5178523915121397,0.6147331686446142
1320247,NYU,1,2,1320247_S1_R2,37.8,0.0,37.8,37.8,37.8,25.195375341414973,1.2089179854373917,24.747819045342897,23.681285452529004,27.896334820044668,0.3350423272182428,0.036996107476652995,0.327499248667836,0.28462642452805254,0.4171053109334905,0.519064243946155,0.05904322481841672,0.5014912501347515,0.4468646639615371,0.6500596230634874,0.5796987679927738,0.013911877270847079,0.5849113524551974,0.5451452705838888,0.5931495405179602,0.7172976599713663,0.007891517828746262,0.7150599038842795,0.7045638985819535,0.7316985032721484,0.5776116926596538,0.02446048660254745,0.5788938128858581,0.5262454969675154,0.6179003443352129
1340333,OHSU,1,1,1340333_S1_R1,37.8,0.0,37.8,37.8,37.8,23.790675962180423,0.48946043995030747,23.764381187213093,22.99993815265204,24.42201244956569,0.3066968721181806,0.014671130464131245,0.30294384469662844,0.2879978751914342,0.32745694869728975,0.4881704295661044,0.025019339334561658,0.494768019641848,0.4587058092743133,0.5210630890100074,0.5871257361510718,0.0032362619175138395,0.5871762740183738,0.5812958321730214,0.5902348463751919,0.7184608319999349,0.005700437244570349,0.7197104859669246,0.7079851023196148,0.7283441293405379,0.6293957459520498,0.01297440231359021,0.6291992952052812,0.6145773161589618,0.6505068048946839
1340333,OHSU,1,2,1340333_S1_R2,37.8,0.0,37.8,37.8,37.8,22.72739192515786,0.37640303076894255,22.76875004862484,22.220370606058523,23.511712641778747,0.2742177353830453,0.013915038273724244,0.2717441010855665,0.2565012715961725,0.2985590035958841,0.42697299677610984,0.015018262713292038,0.43030672804925396,0.4052351387796382,0.44831732411493846,0.5945676949575549,0.001748554951965283,0.5951916829109785,0.591701475911996,0.5966211825860931,0.7035735370408884,0.008273077659674683,0.7021859624577356,0.6931110898895205,0.7190280631057878,0.6478215125281421,0.012093288397180185,0.6474438415201751,0.6252414660279846,0.6617461495813106
1340333,OHSU,1,3,1340333_S1_R3,37.8,0.0,37.8,37.8,37.8,24.67846551405059,0.8142042520352741,24.654263849007457,23.67035949732128,26.307171647172225,0.3283347913875536,0.02248958645607917,0.3292745453643568,0.2990321088036905,0.37343277676225656,0.5218042701458927,0.0385130351808902,0.5350799263044295,0.46362485327284,0.5757585801169979,0.5807419784027922,0.008028278854454406,0.5805810823354604,0.5633203378817435,0.5910052910052906,0.7216896461479655,0.006239054597651358,0.7214532280428386,0.715864877843304,0.7349146023250152,0.606660976631297,0.019174815538655302,0.6084060210200347,0.5670626031359867,0.6250310174122855
1341865,Peking_2,1,1,1341865_S1_R1,37.8,0.0,37.8,37.8,37.8,25.674949393055098,0.8467652250210883,25.425600721334156,24.34563791375411,27.84087671919873,0.34619979373728427,0.027592501150271963,0.3423110053059446,0.3027812778305745,0.4151353919369365,0.515388050261854,0.0361756014676599,0.502266161481124,0.4657447510760547,0.6016521572646493,0.5808918185255278,0.00799453412000694,0.5836257309941486,0.559340016708439,0.5908753364893641,0.7294637593181313,0.010588276976297523,0.7280769201564027,0.7052484358056867,0.7531526230824895,0.548352277343998,0.024051753244263414,0.5518725404597298,0.482669813043392,0.5915567030749989
1356553,Peking_3,1,1,1356553_S1_R1,37.8,0.0,37.8,37.8,37.8,23.966751643904367,0.8149310802559327,24.029647077384748,22.33243114414968,25.429137511629808,0.2951900775763119,0.024087797781446756,0.2995178648045001,0.24923647838818971,0.3365417732772192,0.4510105388930572,0.03223763289950065,0.4498459571400396,0.3904613135757176,0.511122666779536,0.5919013885209814,0.003972306245370182,0.5925554627308954,0.5834679290819565,0.5974566044741473,0.7090509004846692,0.011729522814516816,0.7117332487339374,0.684344351749584,0.729312736475503,0.5964276467627313,0.025517555478885977,0.5906955151264464,0.5524469303673138,0.6496727032968176
1359325,NYU,1,1,1359325_S1_R1,37.8,0.0,37.8,37.8,37.8,24.519435767783445,1.01645435771408,24.396292806926528,22.79346298136209,26.610174796455784,0.3137261959976402,0.03196882503407627,0.308974378945679,0.25807155569635903,0.3718981905038243,0.49229318759606533,0.047518823467923806,0.4870580122843534,0.41151490176083144,0.5943223443223443,0.5866625695784751,0.007843880057555517,0.5886846746495893,0.567172561032199,0.5964169683467939,0.7136257681596478,0.011899135044916095,0.7152046068402347,0.6905628271119034,0.7344606014989875,0.5915372802971761,0.025092829730226168,0.5906045085405845,0.5503519908195417,0.6376519495018078
1359325,NYU,1,2,1359325_S1_R2,37.8,0.0,37.8,37.8,37.8,24.363708392202096,1.2216595701646578,23.96641686464611,22.456506975700982,26.621781119547393,0.3100604107223261,0.035396923431098966,0.2982008262234152,0.25105514609634233,0.3709155091044974,0.4877807927058765,0.05556171283852633,0.4727125008796228,0.40166523314674074,0.6099714901606286,0.5862656321518936,0.010332781799696437,0.5913765896221972,0.5636916364986452,0.5972523902348426,0.7085948749894098,0.011441815517655583,0.7060327090768549,0.6876586442806196,0.7291743713601289,0.598819444832571,0.03027138037489911,0.6039684904846632,0.5468160954633153,0.6497445595725869
1386056,OHSU,1,1,1386056_S1_R1,37.8,0.0,37.8,37.8,37.8,26.88531365439906,1.6556217808692704,26.731813836725134,24.62740681924318,28.65736997817692,0.39102517080752475,0.04374284590512598,0.38389862938410685,0.3353134337940114,0.4516539716839887,0.5476605288331674,0.04260013842335457,0.5386730469312723,0.49480130754991924,0.607258369387155,0.5665735325969147,0.014590557143754752,0.5718648473034244,0.5463770537454867,0.5836582196231147,0.7461148325573508,0.012630735348697535,0.746860624041838,0.7294095567587779,0.769036616478991,0.5171734770321641,0.05708907492809362,0.5201199214659638,0.44474652642096296,0.5938263441187795
1386056,OHSU,1,2,1386056_S1_R2,37.8,0.0,37.8,37.8,37.8,28.51361388421198,1.692731524672888,28.874610748416497,25.122845689873948,30.671607480551067,0.4288126425742055,0.042875129997838594,0.43445980256304856,0.3413102187510481,0.4751937692118097,0.5724070891399001,0.05550118483306604,0.5605796889027317,0.48565932261329436,0.6608093473054806,0.5570474098237962,0.018976062906476555,0.5610990439060523,0.5258488814629295,0.5839088461895434,0.7554359738527072,0.011900724996260478,0.7601856088551445,0.7375006202941303,0.7701966851727117,0.4495461213064576,0.05305228174781709,0.42429430781882044,0.4114322246399075,0.5624442907801845
1386056,OHSU,1,3,1386056_S1_R3,37.8,0.0,37.8,37.8,37.8,26.15714666062628,1.8671909242865,25.678536321614917,23.85619658953265,28.40004983638462,0.3758917770972927,0.05722126159543018,0.35694607153701025,0.30642829432910035,0.4400457240376375,0.541362286547489,0.05032833822389249,0.5322446218700552,0.4784134596064458,0.5971997222865078,0.5712558144332004,0.015791901170940145,0.5767195767195675,0.5521210433491155,0.5904019307528029,0.7444232721363817,0.020559459344246744,0.7412113677635593,0.7158500483029059,0.7752019724086339,0.5420705542268499,0.06172442033672903,0.5501194799587077,0.4604121242981042,0.6280488342254217
1391181,Peking_1,1,1,1391181_S1_R1,37.8,0.0,37.8,37.8,37.8,25.324207876590158,0.9728005618124342,25.34386599126615,23.39293551005815,26.779374191635533,0.3366191989727007,0.032381787909862875,0.3410950502908953,0.2707292160791045,0.3865753007464961,0.5075897437829721,0.04625174045360606,0.5120412417181568,0.4300883487494297,0.6032291272182247,0.5819961828690898,0.00914795694383247,0.5827810266406641,0.5649586930288626,0.595303072496051,0.7241891635875563,0.013341948478685963,0.7259808511305667,0.6985724090524481,0.7484865294731339,0.5630051185765313,0.02531733267046598,0.5560692245267753,0.5179385296251408,0.6162074625840661
1399863,Peking_3,1,1,1399863_S1_R1,37.8,0.0,37.8,37.8,37.8,24.463165384500414,0.7108367240279166,24.592695955226297,22.91006640572297,25.855237233638764,0.3112700337525794,0.023195753098658133,0.3131116258807959,0.2644610413202159,0.35773713224631315,0.4739869656682654,0.031473010266145234,0.4793320378116663,0.413943959538189,0.5419489039415436,0.5893484841281091,0.004281841862714871,0.5892509050403735,0.5813329620347063,0.5962591664346018,0.7159576787622317,0.01095426178794948,0.718048325199022,0.6931880128203396,0.7376745771614069,0.5830937846272368,0.02218242120135227,0.5841502070294154,0.5356848813172205,0.6315714650252376
1404738,Peking_3,1,1,1404738_S1_R1,37.8,0.0,37.8,37.8,37.8,25.58519787104353,0.6281639294024888,25.57544821061586,24.32518936019195,26.666774475574492,0.344749864335661,0.022928613919730945,0.3399610009570454,0.30196052650376753,0.3832198975500836,0.5040856040386654,0.02646065650254326,0.5056177740211911,0.4528799070462279,0.5474151857835218,0.5821853640424359,0.006083759422508599,0.5829016986911608,0.5680915251090571,0.5927503945047763,0.7290298557014814,0.010448479421081413,0.7271140855659876,0.7122253076190193,0.7461373213733108,0.5483927318985078,0.017384469146791818,0.5491634230101152,0.510466420341753,0.590120904308214
1408093,Peking_1,1,1,1408093_S1_R1,37.8,0.0,37.8,37.8,37.8,24.635648050678558,0.8301971058571377,24.459031205428275,23.472347824824485,26.30061565825814,0.3163770836167111,0.02578806188785969,0.31035066827835617,0.2771613369290701,0.36795911741581866,0.48339232674308946,0.0367839830378376,0.4688173155916656,0.42726692829309554,0.5570213227280767,0.5868659679913343,0.007010902819028363,0.5896825396825341,0.5702069989789155,0.5950431634642123,0.7145532357942295,0.009967694389411232,0.7147806810228307,0.6992989375796834,0.7310627792407686,0.5830131299289748,0.02193703375156084,0.5806431306168682,0.5439947749040679,0.6140641473555293
1411223,OHSU,1,1,1411223_S1_R1,37.8,0.0,37.8,37.8,37.8,24.701760919331107,0.7120475765946239,24.770429856526224,23.57223445929979,26.119551871952257,0.33281374125807167,0.023550464217280475,0.32765687668237575,0.2960605257401259,0.38471902107559536,0.5159145069281997,0.04011970359140428,0.5147491077052277,0.4657229593751066,0.6092649849544495,0.5808683230710441,0.006394931314431918,0.5822380024134353,0.5688944583681372,0.5906896871809055,0.7296416345501346,0.010762432129380719,0.7274086955134942,0.7169151269937362,0.7543069595775264,0.6021872590927024,0.020436008251532457,0.5989906539660714,0.57432365752435,0.634651812956679
1411223,OHSU,1,2,1411223_S1_R2,37.8,0.0,37.8,37.8,37.8,23.440877596885837,0.4050100252326156,23.560506226514516,22.828236007063012,23.903910816970626,0.2936452127834919,0.01453456359847322,0.295551794512532,0.27573253433220823,0.3141851358848338,0.4652127799217639,0.020004293626742223,0.4689602088283525,0.43952967908399665,0.49386543912042763,0.590701032416425,0.0028806796232903075,0.5913580246913481,0.5869302886846671,0.5944583681425756,0.7101719271147213,0.007003334717457494,0.7097154067295367,0.7001849390947218,0.7198422619448895,0.636503345779368,0.00978373366817074,0.6349573964048182,0.6220935461166608,0.651965300452905
1411223,OHSU,1,3,1411223_S1_R3,37.8,0.0,37.8,37.8,37.8,23.50546870726591,0.6746604588121011,23.674755141923303,22.27981886738225,24.364831615749157,0.29350930366395045,0.02096116485672004,0.297475153215073,0.2572659189138396,0.32034515803480934,0.5040125510429826,0.02504180529655655,0.5139139467497676,0.44760510490795935,0.5225758214109815,0.5869617459285974,0.0037181696924874852,0.5857282094124076,0.5826928432191512,0.5937529007704422,0.710947338046648,0.009169253490976933,0.708563218921986,0.6978947892028637,0.7237504678895259,0.6475048083124666,0.02131522516929618,0.6461372841851886,0.614331796049109,0.6793325324720475
1411495,NeuroIMAGE,1,1,1411495_S1_R1,37.8,0.0,37.8,37.8,37.8,25.33539284363355,1.0797855975945723,24.975025013246032,23.496761239516108,27.586355629720185,0.33711862349134,0.03347840740415258,0.32936550840162376,0.2778596748508659,0.41469193520402553,0.5030617826662998,0.04118029483026801,0.4941067291852057,0.43057941913180287,0.5904932046615687,0.5819891516230127,0.009730846647727857,0.5851109254617968,0.5579318667037869,0.5946904297781465,0.7239764238422218,0.012901928887444111,0.721986276272949,0.7057112667542478,0.7594747906873861,0.5601547076089192,0.030360534794765102,0.5686792332908297,0.4897771426012044,0.6102994346612013
1411536,Peking_3,1,1,1411536_S1_R1,37.8,0.0,37.8,37.8,37.8,25.562425874684372,0.8236526902225417,25.520294831928453,24.052254964803396,27.448236901509134,0.34404607903074924,0.02533597450040903,0.33967302054433274,0.2978662754801678,0.39994958782154577,0.5020720981662226,0.030897825432156117,0.499692255861716,0.4411388399735857,0.5595221313786298,0.582404339665778,0.006688103834657806,0.5835050589436491,0.5617024041585331,0.5921516754850077,0.729844331158167,0.010687190096018692,0.7285294141914902,0.706115508430438,0.7525825025358693,0.5468929935591147,0.0251157024145808,0.5496302446459901,0.49162456153395845,0.5927398016213109
1418396,OHSU,1,1,1418396_S1_R1,37.8,0.0,37.8,37.8,37.8,24.01973871825731,1.0365127330675985,23.690743050449772,22.532754397392274,25.93772209443544,0.3117733916968604,0.03163878100980697,0.3073666986793381,0.2662785802953504,0.3710342836260592,0.49233384059433377,0.031553477986469645,0.498212807700561,0.43514550426513204,0.5404392984845905,0.5833354992419252,0.00884128650198059,0.586726074445368,0.565435811751591,0.5936972059779049,0.7158000733619343,0.012504674303457591,0.7153599591149082,0.6989283798883168,0.7358333110765805,0.6250961666069333,0.029931131441536175,0.6348438066647465,0.5701334650753535,0.6646617817965035
1418396,OHSU,1,2,1418396_S1_R2,37.8,0.0,37.8,37.8,37.8,23.942909472762494,0.3526018725628605,23.913557835629113,23.499121672228764,24.394627228536105,0.30987684611176536,0.010883054264312733,0.3111052953604685,0.2891223655874023,0.32809514364403025,0.47990734460818385,0.012813074700276763,0.4814194145762557,0.4560895032327368,0.49710411075010597,0.5871484266221044,0.0021280178514490908,0.5867075095145231,0.5838624338624273,0.5918035830316464,0.721524009945117,0.007359697926382614,0.7212857273895867,0.708667270640607,0.7300735098427349,0.6159046941471666,0.013754158482335467,0.6102437215540543,0.5975613057098824,0.6386419163262137
1418396,OHSU,1,3,1418396_S1_R3,37.8,0.0,37.8,37.8,37.8,24.343536024205168,0.6811243310146361,24.09398020066713,23.35759073244898,25.17049978783256,0.3155104148048541,0.01574768865046027,0.31420129789337253,0.29362981985768444,0.3363389626655923,0.4851789330301846,0.013171909956068428,0.484997388326788,0.4610871567593544,0.5050250317567063,0.5883742277504393,0.002646366063400978,0.5882762461709767,0.5833658219623067,0.5915251090689626,0.7239425144505832,0.006856056970907428,0.7245121194738121,0.7151244996912873,0.7334047480470571,0.5985298849226627,0.029055195981149726,0.6084682257186732,0.5595293832203698,0.6366718382913068
1421489,OHSU,1,1,1421489_S1_R1,37.8,0.0,37.8,37.8,37.8,22.553213012044193,0.6405520903151865,22.38405145155756,21.863785405849157,23.449333301657123,0.26711495533138324,0.02005432970301047,0.2577611381082708,0.24588809826110214,0.2916604895550971,0.42781270619016554,0.021900203049733082,0.4150172161755842,0.4039371397468284,0.4558017138315422,0.5944769330734215,0.0023258781894153592,0.5956465237166981,0.5910888331940901,0.5975494291283747,0.7015842055300813,0.011939515079197086,0.6940200086318871,0.6902321727596182,0.7176565727489223,0.6584626690014788,0.022099775525469115,0.6621930526296131,0.6230379125644356,0.6817766813008906
1421489,OHSU,1,2,1421489_S1_R2,37.8,0.0,37.8,37.8,37.8,23.15382730249773,0.8411228643584618,23.30609723800107,22.01463124971641,24.443446274807577,0.2875136093240567,0.021398137693523278,0.29318596657411394,0.25804311616912723,0.3191585849057025,0.46510115670212077,0.029768067491835193,0.46936640765092646,0.4282542269301283,0.5072133728301297,0.589580948255406,0.0049170571984547395,0.5910888331940927,0.5816114359973867,0.5946997122435633,0.7063291428320263,0.009444026554507906,0.7075241014645045,0.693024106454383,0.7184449872552728,0.6487206666701729,0.025384822986620603,0.646443345481325,0.6096503546728592,0.6868943721047686
1421489,OHSU,1,3,1421489_S1_R3,37.8,0.0,37.8,37.8,37.8,24.05924461829035,1.0537313202536132,24.126363772467563,22.299625211640407,25.398463053452343,0.30973432842768356,0.030114863005401664,0.3100107155931658,0.261650661074135,0.34927806144993884,0.47839039549907825,0.04119588148423285,0.4832801606995155,0.4088756026188922,0.5386116331685361,0.5867570159967752,0.006250546014617422,0.5867260744453634,0.5767242179522777,0.595860020421421,0.7186895738758318,0.013972307408567083,0.7204510830611963,0.6950364139875513,0.7376937365428209,0.6121737045480671,0.0295284556719737,0.6062968427641615,0.5804347834225917,0.6632341318062772
1435954,NYU,1,1,1435954_S1_R1,37.8,0.0,37.8,37.8,37.8,25.144627428649777,1.0355369113552086,25.014343229720467,23.555632412747332,27.4698138400128,0.33132587516821294,0.031631775283710764,0.3266687613581335,0.28383380474219705,0.4021943686808338,0.4926372164565345,0.04060503790975461,0.48408751369476444,0.4353988203172221,0.5919189114134963,0.5844156688016274,0.009121005828795664,0.5872180451127713,0.5610266406757625,0.5947089947089885,0.7245008166729509,0.012485472419962227,0.7233272141945392,0.7052344545152895,0.7532208665171548,0.5616997996757134,0.033051384575671805,0.5693749103131848,0.49622574759804416,0.6105872861441382
1435954,NYU,1,2,1435954_S1_R2,37.8,0.0,37.8,37.8,37.8,25.254535441584682,1.3635967616921645,24.77211320651205,23.535555560651577,28.563788644263617,0.33404602932656263,0.03975716538950428,0.321986699004454,0.2810456193315368,0.4273508656751318,0.5108553777429099,0.06509426279657593,0.48965637808123386,0.43138331514675526,0.6670639481263922,0.5799805068226054,0.015911839657723945,0.5868513877285785,0.5394328413626719,0.594040657198549,0.7181997700852357,0.00827152678480756,0.7200063987987775,0.7025156919457991,0.7333664617320923,0.5706799502793491,0.02518676571176771,0.5736910694789435,0.5195052289026623,0.6128959377756095
1438162,NeuroIMAGE,1,1,1438162_S1_R1,37.8,0.0,37.8,37.8,37.8,25.391719374442538,1.8479206815904383,24.82263589909202,23.102677227635134,30.126842858916834,0.33372586879742605,0.05471308247450989,0.3181649883759957,0.2619168706167937,0.4689881213231328,0.5030828433714875,0.07292119691253922,0.4797480354200343,0.40743578284279297,0.6730434035156417,0.5807755096275268,0.019000129829984145,0.5891116680590279,0.5301912187877245,0.5971781305114633,0.7192771024306193,0.014388952746298365,0.7166309580718946,0.6916582475839685,0.7472740042020452,0.5593412839490476,0.044810710820782154,0.5735918158194839,0.44610948784043947,0.6212360897342397
1469171,Peking_1,1,1,1469171_S1_R1,37.8,0.0,37.8,37.8,37.8,26.115892620692666,1.0394687611161533,25.941590550071314,24.022012984752656,28.473131069384124,0.3599207451819492,0.0319919431045617,0.35555894675676497,0.2893406602606636,0.43292515063896986,0.5283016203147821,0.03514492937578411,0.5259366522472322,0.45469804223361837,0.6177481372275571,0.5762017283497725,0.010661025762319476,0.5774853801169331,0.5438670750951556,0.5931959528450714,0.732529806142227,0.011558415353927303,0.732759114126484,0.7066793168383344,0.7614563526980537,0.5355090356194712,0.032355372800324626,0.5423298486857253,0.447205802950146,0.5976513568520446
1471736,NYU,1,1,1471736_S1_R1,37.8,0.0,37.8,37.8,37.8,24.498719171030334,1.2313639176346518,24.276396841124484,22.74297856123824,26.50599346788306,0.31456296768073466,0.03952142746203916,0.3062203016528314,0.25592078961909526,0.3831611658850697,0.4640634404717013,0.039786736488885165,0.46337077463159215,0.3986509993254997,0.5335267670103866,0.5885478383058497,0.007339159583815706,0.5910702682632463,0.5748862897985718,0.5973916272161868,0.7177626022899627,0.02016545255825682,0.7136386865888423,0.6875251669491927,0.7538932822461528,0.580331501184387,0.03990362053994619,0.5875149353703759,0.5084585633260631,0.635115957067591
1471736,NYU,1,2,1471736_S1_R2,37.8,0.0,37.8,37.8,37.8,25.49667624833363,1.248595074423975,25.283320460821454,23.26255803861116,27.958644779104937,0.3417713351940532,0.034755158837134106,0.3369713133885068,0.27354442215271924,0.41023795382671285,0.5222333160219441,0.06368687622737296,0.511304314812354,0.42375241618689335,0.679510677294233,0.5792010998121033,0.013783707065385262,0.5833518982641797,0.541631857421335,0.5946718648472998,0.7227452447441792,0.009822364401863343,0.7226434504799908,0.7017350866406248,0.744660330998952,0.5639984029206552,0.024274233938342445,0.5674418876377595,0.5219142549119598,0.6157732060711817
1481430,OHSU,1,1,1481430_S1_R1,37.8,0.0,37.8,37.8,37.8,23.509821739043407,0.5329712585232238,23.3397220275904,22.76652345876945,24.595634925992865,0.2940855045626409,0.014447472590577302,0.290034098898824,0.27591949332178994,0.3251026047405561,0.46344246674387546,0.016657455929358224,0.46178562162809417,0.43737762944279157,0.488052155054154,0.590231752220055,0.003041959836826143,0.5915343915343897,0.5850877192982384,0.5940592221293962,0.7127724309470627,0.0063458517072162565,0.7132614814858532,0.7046844675496975,0.7255566502478186,0.6313586558158926,0.019004825932220908,0.6339078015518932,0.5923159539649759,0.6580724785169231
1481430,OHSU,1,2,1481430_S1_R2,37.8,0.0,37.8,37.8,37.8,23.30530301430072,0.28661728820253823,23.263500625836222,22.873403703538994,23.793967133760454,0.28550923915175347,0.008229274279012827,0.28387101066385495,0.2767292455839575,0.30047015093444446,0.4541828175502471,0.009050471641056563,0.45034224806460893,0.44456081983036577,0.468407321211796,0.5912404467959979,0.0014796818380378924,0.5913858720876168,0.5888564002599075,0.5931124106562674,0.708957102574079,0.004414157186636172,0.709237460049931,0.7008925293700257,0.7173936579074127,0.6356406812025086,0.009529239250321996,0.6371064700229824,0.6186334515955746,0.649558159845913
1481430,OHSU,1,3,1481430_S1_R3,37.8,0.0,37.8,37.8,37.8,23.59466552343982,1.0500699485919573,23.95986184948369,22.21518516916978,24.93417113768427,0.29884681674047814,0.03328984143181878,0.3152218755970406,0.2578656989984516,0.3475804967675381,0.4789191359624749,0.0510305801383157,0.4831907209154811,0.4191992915799013,0.552277633253999,0.5864011881555654,0.008198298475288673,0.5869534948482286,0.5730854915065284,0.5951359881184409,0.7104217787925768,0.014372588967491159,0.7084797128842508,0.6948776358659853,0.72940674212128,0.6375150040039652,0.025367635115882782,0.6282599674563194,0.6086790397551624,0.6739197756230947
1494102,Peking_2,1,1,1494102_S1_R1,37.8,0.0,37.8,37.8,37.8,26.936138518936982,1.105619955890632,27.003222776086705,24.50414175924502,29.078553113184476,0.38463731226244247,0.031731675605633634,0.3865410341704466,0.31494365455057693,0.43947129068911467,0.5466654008371561,0.040785006279298264,0.5459362992369748,0.45916724794763103,0.6414112378589367,0.5700239985691373,0.01197318051110803,0.5721990160586591,0.5426083727838077,0.5886985983477163,0.7420056609604732,0.009089044476088264,0.7429248949737962,0.7213961157911378,0.7591595990166498,0.5075628878360505,0.034438570459904345,0.507930704233408,0.42581300007802336,0.580323957872404
1497055,NYU,1,1,1497055_S1_R1,37.8,0.0,37.8,37.8,37.8,23.969436058818538,0.5859184727856449,24.098388039438348,22.808550362524233,24.779069235450343,0.29702726150527364,0.017860195374441456,0.30065142488346697,0.2561344112666644,0.3227024356031547,0.46640844909187773,0.03062115825917062,0.4671574996390934,0.4125962112958212,0.5195624839776847,0.590997128837414,0.00367701092054905,0.5920170797363734,0.5849067112224942,0.5967140072403208,0.7097836796674589,0.008450847431426857,0.7118468983287743,0.6900351461751739,0.7196585839432259,0.6039401730856895,0.015471791188453437,0.6010472747251139,0.5805413096338153,0.6355487603923465
1497055,NYU,1,2,1497055_S1_R2,37.8,0.0,37.8,37.8,37.8,25.575189014896075,0.8559878154661149,25.603882152155826,23.879133663052006,26.91088110271253,0.3467027692504102,0.02745723610186143,0.34820804166981406,0.28975514504997546,0.38573272744432446,0.515452611571308,0.03229505348075547,0.509760967396679,0.45877124497027205,0.5678831865712713,0.5803021282452564,0.006739239231430156,0.5805346700083509,0.5692750394504718,0.5921563167177138,0.7295978515871016,0.012418190938877773,0.7276210712686021,0.7081430830226084,0.7544858231778486,0.5550009075651994,0.02523562074878095,0.5535359594723004,0.5096482680256206,0.6013882279894007
1502229,OHSU,1,1,1502229_S1_R1,37.8,0.0,37.8,37.8,37.8,24.20827045848495,0.5667144797899284,24.392891242002186,23.05493441945628,24.85104454379333,0.3141361428541887,0.015353707956369683,0.3167583376867457,0.28567356152790696,0.3330305487165191,0.4929155715062142,0.017363661874426686,0.4919755480451364,0.4547539946211043,0.5110477951582165,0.5855719545777924,0.0030608199582177874,0.5860298895386514,0.581504687645028,0.5910052910052813,0.7184446272105672,0.0056740801885352445,0.7206630216678096,0.7077175183184353,0.725355237047093,0.6119981719531755,0.018699005077917243,0.6029064997030612,0.5885851448141941,0.6479051774340199
1502229,OHSU,1,2,1502229_S1_R2,37.8,0.0,37.8,37.8,37.8,23.47203570945918,0.30674056059564303,23.49998833442989,22.98724418000171,23.915991097374967,0.29512184767506133,0.012052428435397118,0.29180020696120174,0.2808369049289921,0.31493419457775496,0.4627246390432199,0.029271565320872245,0.45431444636678203,0.4222533692722372,0.5082713284692625,0.5904395763070158,0.004529775626119981,0.5911538104520478,0.5821219715956454,0.5953587672885889,0.7119858690186459,0.004403409727247112,0.7100544295030429,0.7074538973637599,0.721793268014832,0.6330157870671888,0.00790880518460119,0.63550056308732,0.6210599522874801,0.6430223901037452
1502229,OHSU,1,3,1502229_S1_R3,37.8,0.0,37.8,37.8,37.8,25.52506153858893,1.3866494527188633,25.531090021133423,22.80892759028234,27.244580598253954,0.35646827717562657,0.04652147121797127,0.36200178033680863,0.2649657088097058,0.4135711767723747,0.5616724869793761,0.06379077979334451,0.5639947666812036,0.4326289905809786,0.6453272434016148,0.5704629887475822,0.016181339340528955,0.572458925090497,0.5465478511092521,0.5951359881184433,0.7287829720884538,0.012703452739292348,0.7336994367798397,0.7007463145762035,0.7451068053401079,0.5935334831534306,0.0219505992114633,0.5890380280325254,0.570774994581,0.6439508967348474
1511464,NYU,1,1,1511464_S1_R1,37.8,0.0,37.8,37.8,37.8,24.909890332022943,1.065426071847876,24.827594533719516,23.32599194363544,27.178654476215964,0.32278039589233,0.03318149639917266,0.32078071996846363,0.27565437643206125,0.3919521646080971,0.49896537412539255,0.05181022990424423,0.48657733160041233,0.4275861119524216,0.6137878836677509,0.5849561643572468,0.0092718778943365,0.5879049475540653,0.5601039636127205,0.5950338809987908,0.7176075463903105,0.012939650873189336,0.7151392072144158,0.695848344900111,0.7403238769859055,0.5773324961749932,0.02668651535207849,0.5763760604356465,0.5297584847001703,0.6204388536938185
1511464,NYU,1,2,1511464_S1_R2,37.8,0.0,37.8,37.8,37.8,25.166632154091733,1.1905426541440816,25.035053120161358,23.212307369081596,27.462803953572323,0.3339447329682877,0.038396042966301565,0.3277581822012113,0.27431735513637767,0.400932216332053,0.49199131256272854,0.039708284779536036,0.4974215203384817,0.4201543973804332,0.539922562390638,0.582947470848248,0.009183296914089652,0.5844704353476217,0.5688489742875656,0.5955072867353527,0.7230923355963271,0.015033319982311178,0.7207223122266025,0.7008300128072549,0.7513229958684374,0.5647959213178698,0.03499083511997962,0.5660901300258472,0.48656330536879794,0.6173829400167595
1517240,NYU,1,1,1517240_S1_R1,37.8,0.0,37.8,37.8,37.8,25.38098712952946,1.587195405144573,25.62741552340357,22.7427737599925,27.608684669670307,0.33912719681541115,0.050860494423285364,0.3493790937172607,0.2493435635678887,0.4121706782436328,0.5118999254405865,0.06229708055424493,0.5238704127088882,0.39223038848057595,0.6205520143573241,0.5777588927619122,0.014251946502794958,0.5774760976515213,0.5520449271326487,0.5972431077694221,0.7205059185024495,0.01693967753178493,0.7230872860666695,0.6869334800862957,0.7513652157697366,0.5663231849695021,0.04121964073135406,0.5629126975311273,0.501682945703338,0.6350864855750494
1535233,KKI,1,1,1535233_S1_R1,37.8,0.0,37.8,37.8,37.8,23.8433053660811,1.2598024898407842,23.6188640434491,22.246709256109437,25.92028629466107,0.3074263679214102,0.03436574941201164,0.3087562092284558,0.26134763512405534,0.3640084952432539,0.48030746261486595,0.048198616890070684,0.4721993347555764,0.4081602623391911,0.5628022961958795,0.5860898001175752,0.009201440016677945,0.5895734707138205,0.5684721061913951,0.5959714100064978,0.7166118087502165,0.013121233997774227,0.7178575336588378,0.6945980811856984,0.7402307535819916,0.6253124139646954,0.033801283549569544,0.6296699183402503,0.5685005304674623,0.6721652682379938
1536593,OHSU,1,1,1536593_S1_R1,37.8,0.0,37.8,37.8,37.8,24.756700613275605,1.0235299231562576,24.568828712639057,23.55488139234091,26.82050626403407,0.34066452391123936,0.03129042790862364,0.3312611744088279,0.3046810145582177,0.3988819638149733,0.5130420852012758,0.029889686661283926,0.510946425022598,0.4732405699916178,0.5665631859136825,0.5813721546664941,0.007349272233770362,0.5830595006033552,0.5670426065162921,0.5892044927132576,0.7352248459971278,0.012721141930597066,0.733034989939053,0.7170141007434837,0.758338214277959,0.5955670180435527,0.03152035969666939,0.6032866936644881,0.530420918711644,0.6331406625573331
1536593,OHSU,1,2,1536593_S1_R2,37.8,0.0,37.8,37.8,37.8,27.6787549623969,0.5593947751689249,27.73102936054531,26.742263963347987,28.574779961611096,0.4271996007719366,0.018492727019921055,0.4222448996641656,0.4003291429262911,0.4658691007147855,0.5703753717885883,0.024992683066130353,0.5583961179925936,0.5408692224302749,0.6156301321371161,0.5603542807636333,0.008976274120621724,0.5613292490485343,0.5460224635663358,0.5730808502738188,0.7645887505564402,0.01021694667865389,0.7648929487653285,0.7515446737257533,0.7832860386750881,0.4944917271476508,0.019351960904966787,0.48669872527267233,0.47320018715594214,0.5210072079630358
1536593,OHSU,1,3,1536593_S1_R3,37.8,0.0,37.8,37.8,37.8,25.56213010671543,1.5885743228798705,25.347276652486702,23.01835951491406,27.560727254340524,0.3589788830443749,0.05436277091755319,0.3512469849308603,0.2837345220301843,0.43684932729401604,0.5262313444817832,0.05550036654255193,0.515611994037825,0.437198500427268,0.5997351113324806,0.574193508462503,0.016042662675197206,0.5805161050775002,0.5484145549057776,0.5929081964169637,0.7394403225277014,0.019722448694535127,0.7397824982169712,0.7099768552393642,0.7684559316343706,0.564364938438077,0.04200780918785774,0.5571407246344006,0.5246700889517822,0.6376337754347968
1538046,NeuroIMAGE,1,1,1538046_S1_R1,37.8,0.0,37.8,37.8,37.8,24.21525498707725,0.9008061635761124,24.07540202642742,22.921235328912736,26.372821603323285,0.3022035586467416,0.0281702745557562,0.2974705892653703,0.2565670295765894,0.3646190848491411,0.46620968961454246,0.04167582522143063,0.45962829328426236,0.40740871805397294,0.564575044913511,0.5895255449412529,0.006967352171377689,0.5911538104520493,0.56917293233081,0.5976144063863351,0.7081281995676926,0.01107984944478815,0.7073296138074439,0.6874041664983395,0.7321786425372364,0.5953207274385173,0.023028606212840613,0.5954849251413439,0.5428433575593008,0.6345678485458988
1541812,KKI,1,1,1541812_S1_R1,37.8,0.0,37.8,37.8,37.8,23.586754263388485,1.4903482263878876,22.836258590535113,21.68440131984259,26.463956311501956,0.308758279854529,0.04604271367392263,0.2863513180298832,0.24752805125896768,0.3894236836006146,0.4754039233871339,0.04458878075398254,0.4636188403136556,0.39901946952595935,0.5636926164395016,0.5862662992764506,0.009757544720469632,0.5913858720876257,0.5642764318202863,0.5971410006497706,0.7159862592916003,0.019127368471744892,0.7081976189271374,0.6865807542022222,0.7486688463564064,0.6360078040418415,0.0463461085618891,0.658109365685409,0.5509471423942642,0.6919062957711221
1548937,OHSU,1,1,1548937_S1_R1,37.8,0.0,37.8,37.8,37.8,22.48798867188699,0.38456405300492463,22.444696332279005,21.89713363804315,23.127336012062273,0.2696672601240006,0.012267713146207527,0.2667094117518203,0.25165537221386797,0.28613251742239165,0.4312478229550591,0.0168591399420979,0.4355438487759529,0.3998519067012218,0.45245882103702134,0.5934960858937395,0.0019024256628238038,0.5930103035366145,0.5916086512577617,0.5966397475169385,0.697622874944059,0.006989137122986705,0.6978642436434146,0.687326041925905,0.7095832182260249,0.6647311278419951,0.012746157298407886,0.6665107884535847,0.6391575518556705,0.6784603797519682
1548937,OHSU,1,2,1548937_S1_R2,37.8,0.0,37.8,37.8,37.8,23.809062934061238,0.6273569656904524,23.85453462600708,22.947615080758144,24.504325568675995,0.3053059380829291,0.01929067242963035,0.3116718313489358,0.2734960715240309,0.32998376747445834,0.48108676424617663,0.02387225357938639,0.47890296699873486,0.439618186724231,0.5134894932917773,0.5867528904565887,0.003821685806504347,0.5867632043070531,0.5806414183607059,0.5923698134224429,0.7139677748826619,0.00898687537584844,0.71557246581616,0.695723547735399,0.7258488971325431,0.6284073229023289,0.018763945772721818,0.626096484203652,0.6001911102679738,0.655716865869725
1548937,OHSU,1,3,1548937_S1_R3,37.8,0.0,37.8,37.8,37.8,23.911760822165082,0.8025807764795754,24.162336853930825,22.60406306825186,24.841019904613496,0.30564383142384743,0.023749173635378356,0.30494259707032834,0.27198613125833776,0.33692663739076156,0.4862547130494385,0.031899004122269994,0.4836840051433287,0.44070653139956684,0.5354130816281328,0.5855685510071437,0.00736898580785045,0.5886753921841559,0.5720337881741371,0.5931495405179583,0.7092544458307397,0.006947385924699597,0.7085514008900223,0.6992697498711777,0.7220500061742918,0.6268130739576034,0.02105874931567499,0.6219983349567467,0.6047945379613336,0.6633071437548609
1552181,OHSU,1,1,1552181_S1_R1,37.8,0.0,37.8,37.8,37.8,23.566240131506447,0.5689022850539125,23.56177009563697,22.579784431583004,24.440588171858536,0.3024978352985779,0.01673878664304934,0.30208595908123265,0.27333618566605483,0.3321243541360375,0.4777492903676284,0.018405273508582894,0.4817120328975912,0.4382957420611833,0.499880399942592,0.5877445671792628,0.0029354587137500154,0.5878214053652651,0.582985240879977,0.5931866703796471,0.7125575082325146,0.009590109422291887,0.7113385699576348,0.7022629786602507,0.7332596335293482,0.6347490583676625,0.019208554583366916,0.6340911009274496,0.6041687100021927,0.6636661791014691
1552181,OHSU,1,2,1552181_S1_R2,37.8,0.0,37.8,37.8,37.8,25.60072491287488,0.8301161548042592,25.551271956845333,24.487553373763436,26.770904482038397,0.36245234860916914,0.031423024497886205,0.36766787126126493,0.3224047538036162,0.4035036156508104,0.5587584285805166,0.04249064018467804,0.5741775505698127,0.5045364394774122,0.6092884937834161,0.5715721402271062,0.009218224796735447,0.5704585537918809,0.5585927782419033,0.5829016986911588,0.7360805670552448,0.011704445199525655,0.7408923432510365,0.7194617461938603,0.750729031815451,0.580834741320047,0.017029573129891184,0.577423945050225,0.5581027329183826,0.6031791632901125
1552181,OHSU,1,3,1552181_S1_R3,37.8,0.0,37.8,37.8,37.8,24.285902666034755,1.200273935335443,23.600097111024354,23.088611871317813,26.279275256081633,0.32417227595279424,0.03550866544035457,0.30457904545971853,0.29161526780515207,0.3761371452034375,0.5114196576648528,0.049001279864556595,0.4916302338092794,0.4599246272325086,0.5784239691132832,0.5805328135152613,0.011736318011358117,0.5869395711500938,0.562002227791693,0.5916364986540427,0.7168650986566761,0.010584308661869109,0.7113153470280602,0.7037137370787978,0.7306631115294758,0.6206496496794265,0.03014273482972819,0.6235788983360567,0.5663162136038045,0.655075732025387
1561488,Peking_1,1,1,1561488_S1_R1,37.8,0.0,37.8,37.8,37.8,25.409923342356173,0.9929443647473829,25.404188026879964,23.351378611200733,27.435993087291717,0.3420183121548512,0.03077207334321824,0.34486630125922285,0.27716477575964077,0.40293181374692805,0.5146405557153314,0.04122976904178785,0.5174977656357954,0.4224542101644058,0.5847701473674708,0.5803248183693115,0.008608664032254172,0.5805857235681697,0.5635932423651715,0.5951267056530192,0.726159847332393,0.011827190160272697,0.7262329887569365,0.7000949353695715,0.7475095642466071,0.5625522016511786,0.02778444219650304,0.5663378156715367,0.4889721394747089,0.6185475332180592
1562298,Peking_2,1,1,1562298_S1_R1,37.8,0.0,37.8,37.8,37.8,25.756792111367716,1.7839775108980336,24.988338757816113,23.14483955753477,28.861544440294566,0.34920028691527255,0.054260313095665653,0.31977392219027273,0.27472799286104177,0.4436907940477623,0.5273486442268077,0.07345121349680474,0.49906655613003664,0.4247424825720529,0.6394472361809045,0.5748892556594715,0.019702112228908834,0.5866146848602897,0.5398626195117544,0.5961756242457972,0.7229699942848533,0.014108462664223621,0.7205511251464218,0.6986206874064839,0.7487748453764277,0.5570754047549169,0.04029513958651637,0.5739389664348007,0.4759408826417692,0.6256925602637768
1567356,NYU,1,1,1567356_S1_R1,37.8,0.0,37.8,37.8,37.8,24.153943757807493,0.8766287398813004,24.183470401638434,22.55804541456072,25.64342584860952,0.30461440437584064,0.02565645318691565,0.30364250525456765,0.25697459589309185,0.35359203942965306,0.4676351668856037,0.035733672276095564,0.4720374524529406,0.3948717580492288,0.5230988737439665,0.5896161220420088,0.00530787529043393,0.5903091060985771,0.5789334447229015,0.59789288034902,0.7104902268032367,0.011025596278997176,0.7121205606933695,0.688152872315749,0.7358143633869232,0.5971067634234879,0.02494596530008974,0.5955575552400989,0.5477528506884234,0.6389806031799025
1567356,NYU,1,2,1567356_S1_R2,37.8,0.0,37.8,37.8,37.8,24.19081242133182,0.6531150074426668,24.26427540214438,22.879078882932664,25.450243691394203,0.3048116894457724,0.022203108230761773,0.30586089569738933,0.2591531736514291,0.34355897681484626,0.4682078607700568,0.031176175291811832,0.46706969134694043,0.4011691633175009,0.5194610022226712,0.5898574661430014,0.0039552056773872,0.5898171354311595,0.5811658776570977,0.5974287570778785,0.7118093445684184,0.011449797751252183,0.7125223641569443,0.6900996355299414,0.7300400681930362,0.595849455879203,0.018012704491535688,0.5934048101451197,0.5618883472603033,0.6257571038513322
1577042,KKI,1,1,1577042_S1_R1,37.8,0.0,37.8,37.8,37.8,24.374913734874568,1.2813407527751217,24.880163146320143,22.094277388798563,26.05336578958913,0.326632773611904,0.038124708603268324,0.33978336587673413,0.2574917864388607,0.37986575063001543,0.505680767826046,0.0482220169776008,0.5310190476760399,0.4109136356896223,0.5687045420708138,0.5808486127599628,0.009507787637121566,0.5770862341037764,0.5668374640304411,0.5957950431634593,0.7242057218238326,0.014566158283568874,0.7254948633218109,0.6993280408460709,0.743154849680469,0.6141042354103269,0.03605308300746592,0.6046262476876465,0.5680412328897231,0.6750200162190177
1585708,NeuroIMAGE,1,1,1585708_S1_R1,37.8,0.0,37.8,37.8,37.8,25.50890027267573,1.280588573439945,25.763253241150004,22.666999890929773,27.536142033024838,0.33962500856364103,0.03973902093741974,0.3423367149260526,0.2551381365657113,0.41404619924251673,0.5066562382786246,0.05659576420141798,0.5051714102861427,0.4065636740873661,0.6270960913283435,0.5811124631223725,0.011981247869033457,0.5837394411955766,0.5515724496426186,0.5964355332776393,0.7239705577812584,0.0157086816018101,0.7241226587998233,0.6894436219962882,0.7626216001442336,0.5541616880420149,0.03512262651102321,0.5392727522091825,0.5117839098906192,0.6429977337784901
1588809,NeuroIMAGE,1,1,1588809_S1_R1,37.8,0.0,37.8,37.8,37.8,24.939765542261387,1.0352349216179328,24.80576139374783,22.18985771756423,26.97343603058865,0.32332979555411695,0.03216596186369763,0.32200398217393517,0.24278983909482363,0.3851357154043046,0.4892543183778965,0.04883182047530624,0.48222401665884507,0.38352339337099006,0.6001312387479599,0.5852005819702173,0.008596086268934626,0.5876984126984053,0.5627522509978691,0.597902162814442,0.7175997070126935,0.013692373388220555,0.7166279173204089,0.6799117320832057,0.7489087808242917,0.5720203504254097,0.027906667035674217,0.5720961799066533,0.5252954035972494,0.6544980147594663
1594156,KKI,1,1,1594156_S1_R1,37.8,0.0,37.8,37.8,37.8,24.198303454140216,0.8338053272781303,23.96475196198413,22.60450846803816,25.6182238020395,0.3253734002424825,0.026612094348375092,0.3159575620480564,0.27921014061357224,0.37969131516070237,0.49919704699391604,0.025317269863707605,0.49998399702984875,0.4545170182401126,0.5445526464838397,0.5838917469111342,0.0054870634565763205,0.5846375197252294,0.5712382808874057,0.5895293790030575,0.7240039143398211,0.012053143549344903,0.7210107987144925,0.7017138239470004,0.7482267738837122,0.6190288244219041,0.02720520097984508,0.6237380275999195,0.5710312914662427,0.6734331949263089
1623716,KKI,1,1,1623716_S1_R1,37.8,0.0,37.8,37.8,37.8,24.773344892015746,0.6407686119407102,24.610688599159843,23.842803107437334,26.24890255363364,0.3346207273986785,0.02261073416115989,0.3292585099321055,0.2941704948355222,0.385519663570093,0.5082633175939573,0.020251161915342014,0.5043376541258299,0.47580000785926674,0.5550657797822072,0.5815538847117718,0.00588761298218353,0.5843311983662822,0.5688285528636433,0.5900213496704696,0.7266606201726974,0.007526614502904955,0.7271728385002112,0.711231958124991,0.743392872008062,0.5945759513193325,0.018038160453129906,0.5984376640812463,0.5512250595323822,0.6306391165038066
1628610,Peking_2,1,1,1628610_S1_R1,37.8,0.0,37.8,37.8,37.8,26.106890092841773,1.3356001488719305,25.80345761650487,24.317241909002004,29.08185171014384,0.3582072833180796,0.04293357250940841,0.34693823621140946,0.3051412796377655,0.45990304059770737,0.5192952506367722,0.040877976999483194,0.5151087702043404,0.4565914624473214,0.6039034541109751,0.5778805414620537,0.01255925311228917,0.5831430427921585,0.5480070546737357,0.5906711222500661,0.7329799026202388,0.01527041622501681,0.7293372618361709,0.7141890912270917,0.7858158992376468,0.5304004442543552,0.040660154015730365,0.5377592750061724,0.4345363137948417,0.5878344926453009
1638334,KKI,1,1,1638334_S1_R1,37.8,0.0,37.8,37.8,37.8,23.15609148646656,1.4270895215862307,22.97101584233736,21.325411422629106,25.57892500601317,0.2932991153395743,0.04310172953108596,0.2830979566235938,0.2404029350228604,0.3664911344793826,0.4780338827218314,0.07410571201023942,0.4468340102536787,0.40026186715437695,0.6074951539952617,0.5868829969660958,0.011085651962493248,0.5926482873851284,0.5664624524273553,0.5963519910888305,0.7062182664597071,0.014729691248878173,0.7054690463345876,0.6836313802530049,0.7314257716348667,0.6565782415559172,0.032328481658487104,0.6493115075449198,0.59860039990581,0.7079786755785707
1643780,Peking_2,1,1,1643780_S1_R1,37.8,0.0,37.8,37.8,37.8,24.326180009496074,0.9374072598607759,24.49014008358905,22.44423587792798,26.153853119674483,0.3053789407067926,0.028505810911151522,0.3118296379185719,0.24365155910008074,0.36359827445508375,0.4668481064734429,0.03948396507541526,0.47313718193833165,0.38828166736453024,0.5736661576680265,0.5896598995229662,0.005573967180159529,0.5896778984498225,0.572073702775439,0.597911445279863,0.7121023270933985,0.01280562875076165,0.7166765683348896,0.6846585270414745,0.7295696021886751,0.5884845896758935,0.026517423141901853,0.5838509396967599,0.5477870000965647,0.6438104122038905
1647968,OHSU,1,1,1647968_S1_R1,37.8,0.0,37.8,37.8,37.8,22.316972162849023,0.5014072235647821,22.368160188511798,21.591185473454626,23.100302857160568,0.26390837713631565,0.017100082432899448,0.2565796716424717,0.24388456140912515,0.2926924195461453,0.41835387281925623,0.02325801911160834,0.4137130378898341,0.3901171452983004,0.4545369604100483,0.5950245985333674,0.0022839864094822064,0.5957579133017709,0.5908196416968301,0.5974194746124555,0.6951711248509799,0.007923910161118411,0.694555293626516,0.6824385119934898,0.7072858321739284,0.6692391678566884,0.01303453571085038,0.6678423334947372,0.6521365559755079,0.6893749465354138
1652369,KKI,1,1,1652369_S1_R1,37.8,0.0,37.8,37.8,37.8,23.606225129854646,0.6094049016583456,23.86904685183575,22.34088840484619,24.332324763975645,0.30456088199718073,0.01649541804596765,0.3128283885458096,0.2731794081513885,0.32628986318726344,0.47978265692318783,0.030990623423147172,0.4761223068864321,0.4248995484859782,0.5334114118061821,0.5880441845354051,0.003622570253810101,0.5871901977165067,0.5835653949688968,0.5942448714378504,0.7163786709951393,0.007273708739669325,0.7204898379140423,0.7010595026912508,0.7246845503236575,0.6349804424108604,0.018776831748010748,0.6366333604672266,0.5997775098999308,0.6676497144009933
1662160,Peking_3,1,1,1662160_S1_R1,37.8,0.0,37.8,37.8,37.8,24.213478901572955,1.0114172897540017,24.27696210961593,22.452273857279827,26.62016380586122,0.3047540569409807,0.031714130648160435,0.3033092507424155,0.247870588157916,0.3838702894446954,0.46493272694610405,0.041528082746099114,0.463989292296103,0.3946201915799944,0.5667566674013665,0.5893359188395522,0.007841056800049019,0.5911909403137419,0.5639979578575987,0.5976793836442955,0.7109192002555083,0.012202656305970547,0.7108110785307703,0.6870737297659344,0.7373778765141572,0.5941097384338989,0.02733491661690122,0.5920734874719499,0.5399350107330295,0.6455582876435829
1664335,OHSU,1,1,1664335_S1_R1,37.8,0.0,37.8,37.8,37.8,23.965458032471396,0.9591843674961494,24.071378100232074,22.68207753488892,25.944136729993318,0.3152994959561088,0.029500261886361862,0.31121249541071805,0.27873254921982044,0.376942725563834,0.48454670179923337,0.03061224824229683,0.48435046513162233,0.43843731729136876,0.538680272532122,0.5860355621564142,0.0065014040828773635,0.5864104706209822,0.5729230483616438,0.5944769330734205,0.7262386539646014,0.012600729866133739,0.7259303549889854,0.7105915060369463,0.7520202972229785,0.6173965433300153,0.03034779494229105,0.6148688479357528,0.5494747597704489,0.6536250692693943
1664335,OHSU,1,2,1664335_S1_R2,37.8,0.0,37.8,37.8,37.8,24.00597751405504,1.1476726334055674,23.746997772078764,22.471434665667385,25.948212483054714,0.3129524042437903,0.03848261544087726,0.3094388654109225,0.25791091779006226,0.37325886093123023,0.4828425852604912,0.04687872044910385,0.4899358677175089,0.41361751857313783,0.5438204823420804,0.5842702435100047,0.00893251207533174,0.5876357560568042,0.5703935765339205,0.5949689037408313,0.7203561678986318,0.01322892678349501,0.7211409392912487,0.6975883222242758,0.7388910759090254,0.6172811532924993,0.02782557416539644,0.6234921465491691,0.5657577176639809,0.654893746181173
1664335,OHSU,1,3,1664335_S1_R3,37.8,0.0,37.8,37.8,37.8,25.247823253221682,0.6574650349922884,25.06402733890634,24.313011656309428,26.02065833932475,0.3547288550613562,0.02371313337795216,0.34788711190372396,0.320579280167192,0.38578250985817564,0.5181249047024002,0.033621450486649246,0.503631869894157,0.47076259402703635,0.5761479755381005,0.5767337066947119,0.008430129028992869,0.5771604938271551,0.5645242736470653,0.5888610414926224,0.7373072944278297,0.008361468481625448,0.7368679249434397,0.7273952118956406,0.7523107229951089,0.5788770524960992,0.012886233858436595,0.5836410951660855,0.561627360148471,0.5937683479960534
1679142,OHSU,1,1,1679142_S1_R1,37.8,0.0,37.8,37.8,37.8,22.145387634094693,0.5789593268747801,21.843150256182017,21.5971608877182,23.317512539813393,0.25926967761541486,0.01542478322124632,0.2553788894392495,0.23768331925225,0.2912907937360829,0.42675746401493664,0.0174570805838038,0.41946971347641354,0.4106171335769387,0.45923058939657635,0.5944655878379057,0.0017576905154562648,0.5952195303072473,0.590801076765989,0.5963241436925635,0.6925530156441128,0.0073862870533164355,0.6896985732799069,0.683290411653409,0.7081343586961113,0.6781023375955326,0.0201615479644342,0.6856569343010253,0.6355399818464894,0.6980706901279408
1679142,OHSU,1,2,1679142_S1_R2,37.8,0.0,37.8,37.8,37.8,24.541863962049373,1.0997644684185626,24.94293093555852,22.809453718285813,25.521014731181296,0.3252151671269535,0.02991416585072208,0.33133460650955643,0.2771359072402814,0.35749204431412396,0.4995023850426688,0.03679310702704707,0.5133894510387612,0.4421438736445451,0.5505798020519557,0.5822869932031681,0.007516828906347605,0.5821126891302281,0.5713960827995923,0.5925368978000516,0.7240366604279473,0.011253972371766424,0.7266777781175197,0.7078251141713019,0.7390575549258236,0.5985601974609203,0.03608787139756705,0.5786266137284842,0.5640758444824049,0.6540490591104433
1679142,OHSU,1,3,1679142_S1_R3,37.8,0.0,37.8,37.8,37.8,22.66750281948095,0.7698420514409031,22.30888324599517,21.805230018967077,23.816305914678072,0.27177813070918483,0.02195039306635576,0.26165322466531293,0.24885529187526406,0.3063754270935738,0.4398608844232978,0.035899499712781564,0.43338388433929836,0.4025019843081613,0.5041128966677718,0.5928081520674062,0.00442041241361366,0.5939292676134724,0.5847303443794579,0.5973916272161864,0.6991174242502214,0.010537856287522082,0.6957707144048643,0.6864096323942775,0.7159523420565328,0.6607238024145834,0.020193767069870857,0.6695064640284182,0.631165536188276,0.681306645326447
1686092,Peking_1,1,1,1686092_S1_R1,37.8,0.0,37.8,37.8,37.8,23.559090493380335,0.47665418156350725,23.53349083913,22.853669502546914,24.802393584502372,0.28253357686053376,0.014877708596156511,0.2806800658164891,0.257524326069735,0.32524809096715696,0.43491624843225307,0.017958136322263035,0.4329278070206017,0.40139071279412714,0.4752353825460875,0.594184422211805,0.0018631414904895873,0.594328413626655,0.5899842198087829,0.597196695442306,0.7023259816059704,0.00706515552141234,0.7019860776334717,0.6910557826552767,0.722367863943766,0.6103883668847429,0.016209777766183646,0.6111724171390177,0.571176468167455,0.6367336635734338
1686265,KKI,1,1,1686265_S1_R1,37.8,0.0,37.8,37.8,37.8,24.3356139818387,1.6339759564243035,24.948616092456014,21.723678373035632,26.07778559233013,0.3231967157531497,0.048819549910193695,0.3394881735306835,0.24798417878488027,0.3763716054001485,0.5131267576137151,0.06998890585357413,0.5459586945436002,0.4114212357131025,0.5969917355371901,0.5795933791593953,0.01270786671792302,0.5754107490949564,0.5610340666480998,0.5960827995915684,0.7178649017904294,0.01772703569385291,0.7228177201627674,0.6872363497211479,0.7434524583817452,0.6222421743277867,0.03975405054987402,0.6090426540846149,0.5750979496754832,0.6908094365627976
1689948,Peking_1,1,1,1689948_S1_R1,37.8,0.0,37.8,37.8,37.8,25.370440374840822,0.6632835668245582,25.296088625255383,24.41289522334149,27.15085615296113,0.34116677444886084,0.022202772330232635,0.33883967241883756,0.30455301814818636,0.3891326067243862,0.5056971328766907,0.027486794977800263,0.5029339203235041,0.4595285123939086,0.5629690222996764,0.5826390502000154,0.0063318890076535074,0.5838206627680156,0.5656223893065814,0.5912837649679691,0.7270240202471778,0.008727796615338963,0.7271294930761406,0.7096342453517567,0.7476032488219855,0.5583150297814043,0.020959292160649706,0.5618045466286795,0.5002585752632451,0.5937715915377444
1692275,KKI,1,1,1692275_S1_R1,37.8,0.0,37.8,37.8,37.8,24.561128019477522,0.8255891620532134,24.40830327586124,23.04631012301696,25.765316673329004,0.3281654281651336,0.02625595145935484,0.3199350016152705,0.28832474040565126,0.3707569429002765,0.5052248705574832,0.033318297828670226,0.5086332810104182,0.44927653875032975,0.5846765584970111,0.5821466434116397,0.007105676764785005,0.5822797735078303,0.5645084934558487,0.5925461802654736,0.7241380645773147,0.010918350812405721,0.7222620912119071,0.7108908954029892,0.7465075896109687,0.6054118431519168,0.023342928837698985,0.6064204371496682,0.5611536129873399,0.6532788933153373
1696588,OHSU,1,1,1696588_S1_R1,37.8,0.0,37.8,37.8,37.8,25.367589018742244,0.9170085473937275,25.553750552001752,23.825678013500415,26.517765393382625,0.3516301189256358,0.025249680088305797,0.3570104612355586,0.306097483119979,0.37975716024647954,0.5216659002098144,0.03249750493729446,0.5301213080826341,0.462614348923695,0.5575020911446604,0.5768643831801653,0.00749591536333172,0.5773043720412054,0.5696184906711063,0.5903740833565377,0.7345505845497657,0.008318609794264579,0.7387523109289058,0.721478279662661,0.7429717099805107,0.5745296741687166,0.02783084107002904,0.5687383893305662,0.5326408833323398,0.6176664319452686
1696588,OHSU,1,2,1696588_S1_R2,37.8,0.0,37.8,37.8,37.8,26.21236229786399,0.6641067295295092,25.926306508089368,25.363252405116434,27.12122096011513,0.37617208955907516,0.01837509012049666,0.3752106454862711,0.34850059428093544,0.39613095948969673,0.5457530361279898,0.02462201167965786,0.5420552169762831,0.508655350286357,0.5806938927928845,0.5701447033220859,0.007464000352070063,0.5704167826974808,0.5565812679847734,0.580260837278378,0.7427466717491695,0.012841282391067054,0.7481791785729159,0.7230433112556146,0.7578499230010621,0.5491764731736771,0.01991036776734503,0.5530892978037211,0.5238645740751767,0.5820965876190219
1696588,OHSU,1,3,1696588_S1_R3,37.8,0.0,37.8,37.8,37.8,26.533503324943677,0.988848155401769,26.876611047042044,25.140816280716344,27.859646054945493,0.39279405335323103,0.030476138548216427,0.40385200310014613,0.3462817156823219,0.4377755377889039,0.5490018269680819,0.024289800197538902,0.5521100430724147,0.5131486220837506,0.5842123211860503,0.5678783378198534,0.008318574067781234,0.5654135338345739,0.5574872366100366,0.5818806274946531,0.7513999611739733,0.01632288495583461,0.7510134036853732,0.7263275962964595,0.7721900213623588,0.5378637402098,0.0347330731741943,0.5269568448012268,0.4934735939350675,0.5903898770183084
1700637,NYU,1,1,1700637_S1_R1,37.8,0.0,37.8,37.8,37.8,23.965409950216973,0.5423570220118007,23.86568240303742,23.041498042721496,25.14959194597445,0.2975536585430939,0.017700598401959224,0.2960172321356892,0.2710545971244588,0.3303923414283109,0.4501363984731709,0.025153833516649425,0.44425843253968256,0.4162091649168823,0.5121612230715775,0.592266425962731,0.0035135753909741984,0.5935208391348735,0.5818156502366922,0.5958414554905768,0.7086436275737865,0.0067886265161094155,0.7083363208921005,0.6963158456064621,0.7210065461208827,0.5992278435784892,0.017188041910634916,0.6035358757369865,0.568783735667919,0.6330436303336054
1700637,NYU,1,2,1700637_S1_R2,37.8,0.0,37.8,37.8,37.8,25.13548349693769,1.0223577358075695,25.378847910855946,23.539932284229682,26.96171013681512,0.3297696202563678,0.03180338257394833,0.3347182946017228,0.2814831421663416,0.38887168854234094,0.5051249271604337,0.04972901576891144,0.500560761875796,0.4376520619083642,0.6066546380810868,0.5830393992644372,0.009210298435263,0.5826603545901716,0.5621665274296914,0.5944212382808869,0.7211170909028263,0.011039038075013486,0.7223728524433612,0.703707111206515,0.7422440774759924,0.5692797919305026,0.025185447828831548,0.5607525206548329,0.5256780596869598,0.613339342979029
1735881,KKI,1,1,1735881_S1_R1,37.8,0.0,37.8,37.8,37.8,22.594044837297826,0.6527342169152702,22.42973132321709,21.80658009679694,24.09231121477328,0.2719589473730694,0.02120383527738902,0.2650386972342694,0.24360411368387863,0.3249274323526777,0.4437053755964961,0.03082500164635741,0.4253805358495764,0.4043691041917867,0.5070498713118728,0.593056471588324,0.003395783629528074,0.594319131161234,0.5847210619140355,0.5965097930010197,0.701008545312125,0.010478371240441306,0.6973756513460644,0.6882656520888124,0.7258651082442545,0.6651367889411544,0.016598396381692478,0.6661985098568718,0.6269072780334263,0.6868005429410363
1737393,NYU,1,1,1737393_S1_R1,37.8,0.0,37.8,37.8,37.8,24.43476754677923,0.7582977668585681,24.172407752589177,22.949860479957177,26.084523883618807,0.31340802455281036,0.024942734897591932,0.30883263418464163,0.26111720598122473,0.368684316424378,0.4864056747323798,0.046738235082310765,0.47587093924374607,0.4222834230534436,0.5936661092285349,0.5873531209889301,0.006705307543314423,0.589715028311513,0.5706209969367783,0.596333426157986,0.7135752278502115,0.009252535577233682,0.7114715645055538,0.6926642145914202,0.7392224113260385,0.5939443761028973,0.015308403404667813,0.5948318749342546,0.5607234467573068,0.6302896814089372
1737393,NYU,1,2,1737393_S1_R2,37.8,0.0,37.8,37.8,37.8,24.08462571681303,0.6503853880925627,23.9459371585595,22.90965959900304,25.33264858408978,0.29710262183492764,0.021119867020430047,0.29334159609263233,0.25888498400095444,0.34011095230408905,0.46324214170492684,0.03426373229234448,0.4653326100496253,0.4002808391132292,0.5215225373161867,0.5911105989750837,0.004266926522474469,0.591720040842841,0.5814814814814763,0.5972523902348442,0.7080396252070077,0.010192326128094618,0.7056254362364758,0.690860079118951,0.7262979946948028,0.5979754267643536,0.017951241419658388,0.6009586117719747,0.5638223630676227,0.6255502474454079
1740607,NYU,1,1,1740607_S1_R1,37.8,0.0,37.8,37.8,37.8,24.928001856619996,1.240103662829053,24.480313092783877,22.89646122612451,27.24816947046079,0.3247450881644707,0.035852907648005666,0.31356783305699154,0.26506585190176807,0.389118116785834,0.5033424597489095,0.06408493638587194,0.48049386787068626,0.4131004366812227,0.6198514727908138,0.5821762900226212,0.013368270841188837,0.5888331940963423,0.5531077694235411,0.5958507379560016,0.7161461275517946,0.0102548355844997,0.7166908359648273,0.6926477196351041,0.7373383098137749,0.5816988745569664,0.02442024957105016,0.5836322023124291,0.5364155220872544,0.6333716341062231
1740607,NYU,1,2,1740607_S1_R2,37.8,0.0,37.8,37.8,37.8,25.42107362115448,1.2649313006275738,25.298198241309116,22.938660428084827,27.2985356092453,0.3429486705428689,0.039703277062861884,0.3449787967719198,0.26553190665939164,0.4127476396154056,0.5153683673603616,0.061075020479425174,0.5200145672717845,0.4026651423671895,0.612974564954635,0.5793678000876984,0.012735973589492603,0.5807481667130727,0.5545363408521284,0.5968532442216636,0.7233372995111137,0.012630454326832363,0.7243176571836428,0.6929619976419893,0.7425054311455416,0.564283882617907,0.02861525987227076,0.5625111897520885,0.5258142165240057,0.6276487555403591
1743472,OHSU,1,1,1743472_S1_R1,37.8,0.0,37.8,37.8,37.8,23.511175929349765,0.6281674522419791,23.64302300622589,22.49238969024859,24.406593633325475,0.3022078385336225,0.020082975407495467,0.3106771980010418,0.2693755418527531,0.3296201897514466,0.4799243979452975,0.03154073418255227,0.4909575249618306,0.42794066543564024,0.5145413732665047,0.587436183050215,0.004281083091217842,0.5867585630743521,0.5828135152696525,0.594541910331383,0.7145501855681302,0.009139311466974172,0.7156532940702466,0.7003222217551843,0.7283925562532315,0.6402163967233383,0.017132699493000943,0.64184249160151,0.6056865667274356,0.6627582156568541
1743472,OHSU,1,2,1743472_S1_R2,37.8,0.0,37.8,37.8,37.8,23.08447139726745,0.9778231760699598,22.796729584430395,22.04971296787262,25.039754709444548,0.27963895907236763,0.02424773811914803,0.27348343725789004,0.2550810430865142,0.3254892450669628,0.4552445194473924,0.02999775229022088,0.44475359328981123,0.4226703034906605,0.5021854937850021,0.5911043039697982,0.0035699746860459337,0.5929453262786557,0.5846514434233739,0.5945697577276506,0.7059047786601557,0.00887349363702326,0.7020713307974467,0.6948832453931642,0.7185427995507391,0.6475785758485446,0.03397155345594027,0.6563499738216666,0.5768995554591247,0.6867861206270599
1743472,OHSU,1,3,1743472_S1_R3,37.8,0.0,37.8,37.8,37.8,24.162824764551473,2.3525057116691124,22.923698565520738,21.738913006531565,28.07259347438812,0.31782491374172467,0.06970231085907033,0.2806782840245284,0.24229806920680894,0.43550480776149103,0.48437840684534056,0.08212960643626208,0.4454284918202444,0.392774886974324,0.6151471550032701,0.5816614581721802,0.018570375306529985,0.5925925925925882,0.5489343729694659,0.5979764225378263,0.7170991826163511,0.025811956648280093,0.7059998437550203,0.6837223595212968,0.7562628941501189,0.6161245157143322,0.06612522947914737,0.6439285888143383,0.5060531539360615,0.6853935649918833
1771270,Peking_3,1,1,1771270_S1_R1,37.8,0.0,37.8,37.8,37.8,25.67583224356404,0.8174322497733193,25.530298386749468,23.57175985668835,27.584254390942423,0.34991777114537914,0.025765957287055222,0.3495021543115158,0.28217198897195633,0.4142619872119347,0.5209225910059626,0.038336666255281586,0.5141314926749309,0.4351633546648703,0.6232117764791895,0.5796235847070137,0.008612352695813027,0.5809245335561036,0.5503508771929717,0.5946347349856085,0.7324564122941999,0.009614951363345415,0.7340972910005165,0.7033294158124136,0.7491834108239719,0.5523656537291507,0.022212482539953664,0.5533432213153324,0.5066029716454253,0.6102005073002407
1779922,KKI,1,1,1779922_S1_R1,37.8,0.0,37.8,37.8,37.8,22.78441970566647,0.6221348088655645,22.61970902351957,21.73414627564581,24.265599563247278,0.2807712318035059,0.01713165113706008,0.2744389645291228,0.2588734147203847,0.3203979855311528,0.4477353548307734,0.027125623985133147,0.44320774436108845,0.41026039203506715,0.5034963728634142,0.5923638184968568,0.003823682758496365,0.5935301216002955,0.5832451499118121,0.5966675949132071,0.7046115077859533,0.008049667909226434,0.7017604689112016,0.6934096347570222,0.7223835566399508,0.6585144646724436,0.018010243562040756,0.664434202234913,0.6195537478403937,0.6928537275740709
1780174,NYU,1,1,1780174_S1_R1,37.8,0.0,37.8,37.8,37.8,24.23544937058499,0.9185672033928449,24.076263196217386,23.17446824343581,26.253767936480674,0.3032970967172669,0.025519771178899767,0.29596173896503336,0.27355717375158,0.3562254297480369,0.4764919494670388,0.044690169392369465,0.46897711176711987,0.42128131451207945,0.5725541548295454,0.5885235118447409,0.008160375862131005,0.5913673071567697,0.5694931773879114,0.5960549521952998,0.7109197203263735,0.009954314349388923,0.7095038662920563,0.6963769704699759,0.7330183312482655,0.5984932416807914,0.021731594658207412,0.6003585889425095,0.551151138349882,0.6254846997942908
1780174,NYU,1,2,1780174_S1_R2,37.8,0.0,37.8,37.8,37.8,24.5424324902454,1.106959430186172,24.38199955413216,22.471460119046665,26.46691112706536,0.3118865786169756,0.03218195985871551,0.31043403557207033,0.25213363516523507,0.3697175712398458,0.4759179432944762,0.0463994691810742,0.4658915258874222,0.4065421535167898,0.57727397910453,0.588843116731799,0.006100971042942925,0.590355518425688,0.5761811937250484,0.5965005105355965,0.7164200629906258,0.01435197677088287,0.7184505494921894,0.6865971052160101,0.742685735596512,0.5825465895396442,0.03308611389096533,0.5839152146932708,0.5185644093213125,0.6528259471461355
1791543,Peking_1,1,1,1791543_S1_R1,37.8,0.0,37.8,37.8,37.8,25.91920748558063,1.4826629432609746,25.573672440177514,23.803810774025163,29.24976624438637,0.34982702201084503,0.045521145294814616,0.3313164970171732,0.28011199427521644,0.4675505954342013,0.5181369004976873,0.06171199085383346,0.49636249853326553,0.43006414596522574,0.6522021348206558,0.5769203011399909,0.016504656554873192,0.583922769887669,0.5300323560223554,0.594950338809985,0.7274494242678411,0.013083211894000208,0.7252314094715916,0.7066105965540542,0.762130722068892,0.5421999937379675,0.03518797270395066,0.5439682729726912,0.47152671834878757,0.5988788972024431
1794770,Peking_3,1,1,1794770_S1_R1,37.8,0.0,37.8,37.8,37.8,25.221396405048026,0.6950416454207637,25.157762427706466,24.02935847294958,26.889744327570263,0.33263925302175673,0.02507259383305314,0.32986607902841825,0.28751954996153034,0.4007378595734561,0.4951516809568914,0.029629332277574492,0.49261105928523174,0.44503781596459957,0.5550534819042333,0.5844981695430886,0.006173192342127289,0.5852130325814469,0.5697577276524489,0.5938921377517797,0.7253799823931658,0.01199296732665686,0.7252138187705461,0.704782416443398,0.759840948951793,0.5592381049911415,0.02176724193981894,0.5636726521509532,0.5060533835176836,0.5949313851891371
1805037,Peking_1,1,1,1805037_S1_R1,37.8,0.0,37.8,37.8,37.8,27.078470379825735,2.2578244837339376,26.098600230718915,24.907750024921015,32.423010604005114,0.3867510819720071,0.054138689202038584,0.36412491011126813,0.32005067300686874,0.518539925591501,0.5517973511730376,0.06977850333716296,0.5267490476632909,0.4658688034100457,0.7170977370448778,0.5621435332603526,0.034835535323136775,0.5788313376032675,0.47950075605886733,0.5894736842105257,0.730868580655809,0.02081692342883624,0.7355493500692963,0.6728025067004543,0.7659495468727192,0.5196306006285502,0.03723644571315692,0.5370369046984592,0.44035247898274427,0.5704304633217581
1809715,Peking_2,1,1,1809715_S1_R1,37.8,0.0,37.8,37.8,37.8,24.386199196985658,0.6155994335597843,24.352997421590906,22.74853939037574,25.833117863379027,0.30706082368174914,0.018711328524259153,0.30667728543912165,0.254782575470828,0.3470824862433724,0.46929807042080063,0.03143149748689087,0.4668767369680905,0.40558090185676393,0.5390565924503391,0.590083157306085,0.004311382743441483,0.5912280701754373,0.5789612921191721,0.5968161143599708,0.7136262144039084,0.007577859435401809,0.7144794368660088,0.690378770113596,0.7293188216482729,0.5867466845012885,0.016569057446250385,0.5874567634048186,0.5445223614121174,0.6358534754949239
1842819,KKI,1,1,1842819_S1_R1,37.8,0.0,37.8,37.8,37.8,22.59151120304731,0.5373405358449247,22.462322965107465,21.85496117127569,23.63661695028606,0.27649535672588854,0.017280709245945016,0.27106382254530464,0.2523048187497422,0.3095540140400959,0.4454408571651486,0.029719978723343702,0.4349021510593563,0.40946407030846116,0.4999089007143441,0.5925141801873065,0.003582352536269583,0.5943191311612341,0.5844843590457512,0.5964355332776362,0.7032844652884074,0.00855188661489186,0.7019650930742306,0.6893984437946671,0.7179201084109713,0.6650006057770421,0.013809161030020405,0.666077090854998,0.6425810839382263,0.6889269671709681
1843546,Peking_3,1,1,1843546_S1_R1,37.8,0.0,37.8,37.8,37.8,26.314439537765434,1.2150297116631592,25.968188287082473,24.591106472517314,29.115734476792184,0.3657214750724925,0.03756028669839696,0.35654636899674136,0.3069085595771656,0.44865975492905874,0.5289194884998648,0.039760411044810096,0.5250271378603305,0.4689884047999676,0.6197823828530811,0.5760558125213593,0.011500851417163584,0.5793372319688007,0.5474361830502235,0.5897335932423611,0.7369009540138622,0.013642383173391328,0.7357275787288377,0.7086430594400346,0.767817952150501,0.527883015174533,0.036150937909667585,0.5342815952757812,0.445120329682258,0.5937421581400566
1846346,KKI,1,1,1846346_S1_R1,37.8,0.0,37.8,37.8,37.8,23.031054897959294,0.8300390576989445,23.232696961886006,21.046412348433545,24.247933043304243,0.28443196717172253,0.023173791361958712,0.2906662784399495,0.2335386173509319,0.3249266313291257,0.45823184270846645,0.03126308833705679,0.4619990673164435,0.39543355784301265,0.5073090782005085,0.5913019431294239,0.0038029489457852474,0.5916086512577705,0.583245149911806,0.5973637798199181,0.7063364064521882,0.011225020682338436,0.7085504381482048,0.680511597874052,0.7251348233655007,0.6527477156470815,0.02579515900541576,0.6477368896451046,0.6145862321739441,0.7171656618689933
1854959,NYU,1,1,1854959_S1_R1,37.8,0.0,37.8,37.8,37.8,24.20031271807295,0.7762906103004749,23.959601594272414,23.1206433236599,25.761355335461467,0.3016333411392284,0.024073056687247418,0.29719999922801904,0.26902497186913543,0.3451554827683692,0.4578945703900609,0.02991161459852701,0.45019643315197583,0.4180765148693006,0.5242776163139817,0.5904941152370011,0.004776006091035573,0.5920727745289078,0.5791608651257617,0.5960920820569916,0.7118560918531434,0.011547793042713252,0.7078303592760493,0.6945531963882122,0.7334861225741177,0.5922454923665786,0.023889570400561482,0.5931723611263869,0.5505098284137379,0.6285204011943805
1854959,NYU,1,2,1854959_S1_R2,37.8,0.0,37.8,37.8,37.8,25.32550952806663,0.4288370672031741,25.226419038521616,24.360209701563182,26.072004887304807,0.3380416556898505,0.01545782327498398,0.33722422659629175,0.3003393779085755,0.3652330104658347,0.502273057633035,0.021182554749832376,0.501586900968546,0.45556929179855726,0.5464548336639479,0.5838473898667417,0.0037484317399919856,0.5839970296110594,0.5749466258238127,0.5927225471085045,0.7254113597863872,0.007402109166740513,0.7250422858892014,0.7118299849752119,0.7396312844019014,0.5598654649235887,0.014621157849990862,0.5590352661760363,0.5311666947658,0.582474343064966
1860323,Peking_2,1,1,1860323_S1_R1,37.8,0.0,37.8,37.8,37.8,26.082611976018764,1.2407329045413777,26.17051402204915,23.41271739570718,28.923500290042476,0.35810599860611825,0.03590766492780148,0.3608791816465286,0.27045870024723795,0.4265622693941673,0.5175628459015338,0.033557105316429796,0.5182165271313961,0.4254649320323576,0.5799008626012101,0.5784319425483245,0.008363456569081943,0.5783625730994076,0.5623967325721496,0.5956743711129665,0.7353135822912633,0.014835633022593085,0.7378456190485354,0.7001331302276236,0.7640661586135613,0.5293625812372599,0.04589362611227561,0.5316186400417231,0.4182032153089211,0.6100420567342678
1873761,KKI,1,1,1873761_S1_R1,37.8,0.0,37.8,37.8,37.8,24.513857120754313,0.7724684233495919,24.434007989105424,23.10834856347034,25.930523970880007,0.3305086434187016,0.022915605911605443,0.33009626754129345,0.2886065391432698,0.37756311033115536,0.5207081362885659,0.04559727906796102,0.5091326718118339,0.4695810564663024,0.6229882072675748,0.5807887652855275,0.00691999958314405,0.5827067669172925,0.5670704539125494,0.5899331662489513,0.724845960049209,0.010141981012485294,0.7272191956314813,0.7036771584671189,0.7481637379796603,0.613941260671942,0.018554030405947754,0.606811081758949,0.5925786604625009,0.6524784783323108
1875013,Peking_2,1,1,1875013_S1_R1,37.8,0.0,37.8,37.8,37.8,25.207528589442084,0.9090752850215648,24.89258985770376,24.03301874461927,27.202777379437496,0.33361754799441923,0.02739427138701346,0.3255329260643306,0.2917334471138318,0.4029836655247492,0.509484535109837,0.04778983242807969,0.49622970017286994,0.45345920926533856,0.6356011766914941,0.5818665226752407,0.009624434022927975,0.5852548036758494,0.5548194560475188,0.5925183328692067,0.7213613935582797,0.009239728333917918,0.7198579110288232,0.7048543118267766,0.7533551052465327,0.5689949033058428,0.0202909130640873,0.5752746277152911,0.5285107861584988,0.6111730115920248
1875084,NYU,1,1,1875084_S1_R1,37.8,0.0,37.8,37.8,37.8,26.623710526983015,1.1253963517539174,26.509237197825783,25.12692338667418,29.145529408831344,0.3792910750283517,0.03918053039112554,0.3786645072544202,0.32714512387866607,0.46956606738002604,0.5515457909079722,0.061276003342612004,0.5411698797968604,0.47189403540329505,0.6883284506492964,0.5704543286696905,0.01570223503328912,0.5738512949039256,0.5320969089390288,0.5900027847396243,0.7395490563189289,0.011325084548327338,0.738171544853984,0.7227603529980988,0.7642548584153089,0.5252301638364405,0.021051329455711816,0.5302998350709636,0.4829055667388277,0.5641886075370924
1875711,Peking_1,1,1,1875711_S1_R1,37.8,0.0,37.8,37.8,37.8,24.829355683192055,1.1249982618738934,24.687576727490676,23.36616822355672,27.57509564976943,0.32069485876118115,0.03650571356855031,0.3164066597157779,0.2755367795975101,0.41457649880039393,0.4812543299538983,0.04347657730544123,0.47085166092789044,0.4205607476635514,0.5923329093939128,0.5861434525790485,0.010344763693669918,0.5894458368142564,0.5577090875336377,0.5958507379559994,0.7176317824725209,0.012131842692348621,0.7169001583039549,0.6997985251253429,0.7478759873036718,0.5725043515571201,0.02882816420853847,0.5750438051381771,0.508528132084783,0.6162963992637766
1879542,Peking_1,1,1,1879542_S1_R1,37.8,0.0,37.8,37.8,37.8,25.143014156588844,1.0006061111337203,24.850777003639624,23.726285157705608,27.41606602480537,0.33068890593865685,0.03198643809209497,0.3215553936249516,0.2845321032466518,0.40530149014608907,0.5002022967471368,0.05436167516238215,0.4744780828354702,0.4300292764533668,0.6553095688452132,0.5827302900430779,0.01184777792945362,0.5888842476561738,0.550227420402855,0.5944769330734161,0.7190294110074521,0.009319728740301623,0.717674533606274,0.7029021523942042,0.7482446072301687,0.5681834444191411,0.02214983353440454,0.5679798206457086,0.5166867848326987,0.6062325964230277
1884448,NYU,1,1,1884448_S1_R1,37.8,0.0,37.8,37.8,37.8,24.287412444335793,0.631222579307539,24.120918832954608,23.5180737953437,26.336409077518866,0.3078189104085467,0.02169935028820965,0.30340023561711194,0.2786189628620303,0.3728635212186402,0.4727430281948645,0.02865647298250958,0.46652505276588235,0.44246299943049655,0.5646770066322001,0.588761751121092,0.005202791074626499,0.5895479439339075,0.5700297038893458,0.5945511927968016,0.7123424985295056,0.007882482565521804,0.7112997209756,0.700285721980533,0.7272540583760296,0.5951788541408439,0.016468880167969355,0.5994351529238516,0.5514328263291274,0.6197200049301005
1884448,NYU,1,2,1884448_S1_R2,37.8,0.0,37.8,37.8,37.8,24.89951899027868,0.9723156817251192,25.089553760227403,23.07248223361216,26.26633317847001,0.32606628127262594,0.0327214464173049,0.3337860595007347,0.2654721281703323,0.36951004681097044,0.5060307453865502,0.051678069947580424,0.5165090846252592,0.4141556006544806,0.5931351220691322,0.5835642106543415,0.00829959383096534,0.5825489650050928,0.5708344936414965,0.59662118258609,0.7181055333489911,0.0116886525249884,0.7193845019088464,0.6964324368346662,0.7351091686939069,0.5823322841736936,0.0215707727466429,0.5768753116624131,0.545233035061028,0.623502880905837
1912810,Peking_1,1,1,1912810_S1_R1,37.8,0.0,37.8,37.8,37.8,25.10226667887592,0.6993505780551343,25.00635828469929,23.599394264660383,26.357926856216633,0.33372007712448726,0.023271641632421517,0.3342086723790156,0.28129754109641214,0.3790523493558692,0.49987872025971264,0.03050324061317947,0.49956099009645305,0.43403091836805147,0.5655133851368489,0.5843059545883609,0.005584035158487165,0.5844472291840577,0.570806646245231,0.5953216374268984,0.7249043853393592,0.00984426941285311,0.7235696749885916,0.703581113873343,0.7435503215197193,0.5680771425987928,0.020442635680435473,0.5683614937617101,0.5301340141657567,0.6059006870739043
1916266,Peking_2,1,1,1916266_S1_R1,37.8,0.0,37.8,37.8,37.8,26.705921652304806,1.3899519241780856,26.20192745233837,24.703131786773078,29.83553870602658,0.37975456986576633,0.04144978631464446,0.36837559716418333,0.3209448411402155,0.4892494645237532,0.548225502166378,0.046360765444774577,0.5428150678879627,0.4781293113215721,0.6490759852157635,0.5684434599209336,0.016522530150248425,0.5742365172189803,0.5276494145416732,0.5884433305485892,0.7370326613855276,0.00858384958610843,0.7360390608724607,0.7214292708873776,0.7614087550606295,0.5216773250974678,0.03415210047995095,0.532851737443865,0.4517748124119433,0.5743517997967967
1918630,NYU,1,1,1918630_S1_R1,37.8,0.0,37.8,37.8,37.8,25.724540584587142,1.6099730981930696,25.63675806396886,22.766570188810952,28.45127911567688,0.3528548403563112,0.05074474631130068,0.3533486615052917,0.2600819642136835,0.437556707848613,0.5194667205937911,0.059582544089677586,0.5200248311668767,0.4237093849648819,0.6495675936008041,0.5772310405643664,0.013531112950157364,0.579309384572534,0.5444212382808766,0.5956465237166967,0.729661246906712,0.02200569919993382,0.7278245619354192,0.6912148446525904,0.7653580323843018,0.5531213963766903,0.04651429561642966,0.5596573065031674,0.48262096163423834,0.6417800850487791
1918630,NYU,1,2,1918630_S1_R2,37.8,0.0,37.8,37.8,37.8,26.055342253388165,1.4943423199934047,25.83102338251315,23.66085110965528,28.95891776712317,0.35926199541975146,0.04493685203802931,0.3584043726543806,0.2904089644733941,0.44179258806818483,0.5390223805929236,0.06828130368434472,0.5227817282423868,0.4562350080504715,0.6839829177302179,0.5758879638431911,0.015987169985533737,0.5793511556669441,0.5364587394412074,0.5926482873851274,0.731542856135654,0.013997579390779532,0.7315156921545736,0.7076886679692116,0.7570620781495726,0.542877852786163,0.037434774924424326,0.5245263356944705,0.4955584300822516,0.6181830380561125
1934623,NYU,1,1,1934623_S1_R1,37.8,0.0,37.8,37.8,37.8,24.59262136269611,0.9182652541155213,24.478869750625208,23.053872427187468,26.889759086935143,0.3143551723783951,0.030640898518833476,0.3097541586617492,0.2679497136963168,0.3991224081654782,0.47939425219122217,0.03543995580412469,0.47507441703902686,0.4244536745215086,0.5574186136913499,0.5871559166114472,0.006917825667485886,0.5882669637055525,0.5689501531606689,0.5957115009746586,0.7159493784038036,0.012664915139605217,0.7156043917916785,0.6937253584282104,0.7524928679130737,0.5840955385147452,0.027916234589139204,0.5864758601098364,0.517430503645238,0.6283710102356433
1934623,NYU,1,2,1934623_S1_R2,37.8,0.0,37.8,37.8,37.8,25.742137057627613,1.0524470834357147,25.486514575230448,24.001102988029782,27.918801052319377,0.3475866726921298,0.03239629393661191,0.33723538496415123,0.3007794811411394,0.41670899419872526,0.5145437409212228,0.043172704092206186,0.5028357783340198,0.45222569147025504,0.6122902156313449,0.5789762080808569,0.011912497555354343,0.5815696649029842,0.5488294811101667,0.5926946997122403,0.7305953279667976,0.009049475172786883,0.7315128388660301,0.7152243067245864,0.7512415564275655,0.5478155489156842,0.025704674206028656,0.5493389608932384,0.5049417072171057,0.6023650524460881
1947991,Peking_1,1,1,1947991_S1_R1,37.8,0.0,37.8,37.8,37.8,25.93217786518386,0.8164905172431243,25.84148139075229,24.338215597679742,27.396725697893846,0.3553039450162019,0.027223938111418627,0.3512721536017851,0.3058705393058596,0.40916346311637997,0.5118401860912373,0.024976991706405785,0.5146073802311086,0.45935275303504486,0.5541556895094367,0.5799117260178357,0.006475337827732061,0.5814025805253714,0.5677063027940201,0.5920170797363777,0.736285629286469,0.012508838198851933,0.7340781777950809,0.7156152322746665,0.7646680123891441,0.5352022375903149,0.02769989127355853,0.537559296277465,0.4908822828499728,0.5884263426770875
1962503,KKI,1,1,1962503_S1_R1,37.8,0.0,37.8,37.8,37.8,24.628678982591367,1.3385572737602078,24.745333758153414,22.616970770923714,26.421418286624707,0.3379515087712564,0.038832683858876546,0.3366028152738575,0.2818459333305561,0.3931418261809567,0.5211270153218726,0.040087692235198334,0.5250219440412606,0.45714882943143814,0.5965262951505381,0.5775004763370317,0.009522580773643678,0.5776849531235293,0.5616838392276963,0.5904390606144918,0.7257193018687372,0.013041342799149543,0.7291759963054083,0.7049642622408141,0.7486519657371528,0.6137766336430787,0.04125759205377496,0.6072303208724531,0.5568836108418568,0.6752889328748527
1988015,KKI,1,1,1988015_S1_R1,37.8,0.0,37.8,37.8,37.8,24.753078192799236,0.9083192179677526,24.56711076152952,23.33306777790973,26.263867891462226,0.3356188272858501,0.024078970110393793,0.3347570514266385,0.29459893297599443,0.37389967051853296,0.5316960805148429,0.04113483754640096,0.5213280494820479,0.48011318397295344,0.6107493424007185,0.5781846978557424,0.007592480715470776,0.5799429128376321,0.5644295924997526,0.5884062006868979,0.7245569436614218,0.008927743827508796,0.7240078392370942,0.7082921122383307,0.748013562110682,0.6117819659099305,0.025602624603179608,0.6126761269018333,0.5596746143276264,0.648863740030088
1992284,NYU,1,1,1992284_S1_R1,37.8,0.0,37.8,37.8,37.8,24.354880984011235,0.77448019097186,24.173978512538106,23.324350102324235,25.708752568144547,0.3049052405639668,0.022103855281611375,0.30193798797401594,0.2751534918132421,0.34829238596155937,0.46765419494237004,0.031165074365945636,0.46380136470002165,0.4270200496681773,0.5262757320962598,0.589839701424693,0.00467329329960338,0.5913023298988164,0.5808781212289872,0.5954794393390856,0.7118118357404204,0.009079229213379532,0.7111508427746353,0.6992284961270956,0.728728655818542,0.5881472884641963,0.02271699182697848,0.596326838629188,0.5450425543382751,0.6204294471629845
1992284,NYU,1,2,1992284_S1_R2,37.8,0.0,37.8,37.8,37.8,24.43525974750519,0.8947276079862483,24.491362140680614,22.70313235897767,25.976270972427567,0.3135962792034615,0.03098303259813329,0.31551828798598935,0.2550992971159575,0.36454639353267065,0.47586925145531195,0.03485909831590331,0.47795891605609414,0.4034634437991117,0.5327033340411977,0.587579581136745,0.006179030446335636,0.5874501067483471,0.5744036015965721,0.5970203285992732,0.7169160043020933,0.012996651609656856,0.7175657203975646,0.6920373800334411,0.740541272227684,0.5883605646580448,0.027169023815531636,0.5882898887197675,0.5285778433823114,0.6356266003320955
1995121,NYU,1,1,1995121_S1_R1,37.8,0.0,37.8,37.8,37.8,24.194205167981547,0.7290332578869436,24.13593655950145,22.728776593271053,25.95819317416141,0.3027325801131331,0.02253023775309709,0.29669271825794186,0.252819804811015,0.35536468022563583,0.45976817971157463,0.02894284198552481,0.45868573839323384,0.39892058376883094,0.5227135597121229,0.5908238028020188,0.003849484637594818,0.5909310312819037,0.5803072496054901,0.5968625266870871,0.7119501658051286,0.01006294371874026,0.7118549936313731,0.6866345598950989,0.7378038163284159,0.5925077099731724,0.022950386423434974,0.5992612765446841,0.5383120509217756,0.6337514613106934
1996183,KKI,1,1,1996183_S1_R1,37.8,0.0,37.8,37.8,37.8,23.013259937248208,0.658954598997525,22.903366684913635,22.041852713258642,24.64213304582395,0.2859622507465016,0.019371378900134597,0.28447448952938315,0.25709621763793267,0.33300443455023476,0.4541974148682608,0.025297602840861775,0.45293415528915504,0.40788418520238046,0.5061707523245985,0.5909938813082062,0.0042545946364393,0.5917502088554718,0.5793604381323659,0.5967604195674343,0.7075037248708363,0.008972197443487259,0.708378608425045,0.6940044796112468,0.7292580951149548,0.6522801996608039,0.019311860619960368,0.6542643992433107,0.6087867450229439,0.6812441141185107
2014113,KKI,1,1,2014113_S1_R1,37.8,0.0,37.8,37.8,37.8,22.736299898799437,0.5932072192987328,22.827753888933284,21.92245119151316,24.050908155817734,0.2800188514474204,0.020203419778516394,0.2799890565771797,0.2498248476178486,0.3194663774186294,0.45831934689455484,0.0270820762987236,0.45356017809111054,0.4175615655691557,0.5150933172787477,0.5916821781549322,0.0035894441037468733,0.5926390049197018,0.5834772115473703,0.5964355332776374,0.701139874586023,0.00897516088114235,0.6993237374750785,0.6881563280189418,0.7193920561154749,0.6654003969161034,0.017261227543417777,0.6660341112054646,0.6324902872261116,0.688364165921757
2018106,KKI,1,1,2018106_S1_R1,37.8,0.0,37.8,37.8,37.8,23.4938762055808,1.0238673848238338,23.84838158723555,21.887113201304487,24.94040088716306,0.30114956722243447,0.031881629658656804,0.31059379052170755,0.2515897916170376,0.34803889558518103,0.4729468946542929,0.04499876818287573,0.4784874822565809,0.40505215445037235,0.534809633464342,0.5871428184659119,0.0071987247749927,0.5868444258795102,0.5755778334725593,0.5964726631393269,0.7117615097779969,0.013443517074121034,0.7157608532533957,0.69285205398013,0.731408353768372,0.6400830820938687,0.02793293084587993,0.6308396481664291,0.5973451170872195,0.6851590214582978
2026113,KKI,1,1,2026113_S1_R1,37.8,0.0,37.8,37.8,37.8,23.648705454793994,0.8136024501856183,23.487415983174976,22.325170668489054,25.822537345007845,0.3032709627846989,0.02463625790975529,0.29954714013301675,0.26246372719863376,0.36197796270822763,0.4736326774746137,0.03742188989971569,0.4643380046015478,0.4130028821693081,0.561237460491961,0.587602388036362,0.005962139804907459,0.5894272718834067,0.5689334447229129,0.595999257402762,0.7174698649813304,0.00990452760919899,0.7166657877551739,0.6972898150705188,0.7363959352020165,0.6307005995985411,0.01912101388457294,0.6328278562877212,0.5838575243418743,0.661438837107162
2029723,NeuroIMAGE,1,1,2029723_S1_R1,37.8,0.0,37.8,37.8,37.8,26.123378224790233,1.17441914326007,25.97786883711815,24.215305877986708,29.211495974189358,0.35615892797379517,0.035326533458763,0.3527310703611427,0.2918664566735171,0.4448365054133966,0.5293523224738206,0.047350506413612624,0.5210308758345727,0.4483943465697559,0.6340464583344385,0.576801686180018,0.012470411138501088,0.5798616912651953,0.5416392833936812,0.5932702125684538,0.7300744921543815,0.011249981082418235,0.7310872585360979,0.7095212707180484,0.7607916447044129,0.5345980580543289,0.03204458326804705,0.537941452722236,0.4509978292413954,0.585248469439963
2030383,NYU,1,1,2030383_S1_R1,37.8,0.0,37.8,37.8,37.8,24.50990386894091,0.7664855003827615,24.386842832439825,23.19329374809014,25.98890237431777,0.31354329771093015,0.02127214065397563,0.30625027835378205,0.2821681696073247,0.35763012591728155,0.47839859403175583,0.031524493598546664,0.47477783331494117,0.42767051586825716,0.5489494200137993,0.588274485703398,0.005345414930056343,0.5904669080107608,0.5756010396361282,0.5957950431634602,0.7158148191650995,0.008180724276195879,0.7142533918019437,0.7038755998325222,0.7318363412931624,0.5860976718317997,0.022920741178794966,0.5916383352727155,0.5349722823071567,0.6256156649007932
2030383,NYU,1,2,2030383_S1_R2,37.8,0.0,37.8,37.8,37.8,25.113512872524574,1.6167857939866583,24.639368597457285,23.301022556267288,28.735429995310934,0.3305388323596568,0.04963533948699964,0.3181042232060543,0.2682853592311501,0.4426327407267012,0.49545687820426887,0.05748123540855992,0.49202254226675013,0.42296209806540025,0.6439591459659207,0.5826232567369832,0.01383778560867203,0.5875614963334217,0.5412057922584145,0.5958785853522666,0.7211731818032553,0.017199610601469253,0.7191321534045878,0.6975964435955968,0.7608161204140578,0.5674609962367919,0.045735215995949235,0.5857171570680427,0.478045611639137,0.6199900795161243
2031422,Peking_2,1,1,2031422_S1_R1,37.8,0.0,37.8,37.8,37.8,24.777151555098374,0.7194482284476182,24.752372436146988,23.237969657935594,26.334240693167636,0.3188719344617522,0.02394839041906601,0.32024367873069964,0.2640246869127355,0.3713051739957907,0.4836081418566549,0.02648887558544659,0.48429012466294113,0.4193706438479056,0.5419694983915168,0.5864316391701858,0.005552846447721825,0.5874779541446062,0.5718091525108966,0.5960642346607252,0.7173754094042931,0.010443541953193124,0.7164765288798607,0.6950713684985326,0.739665196246835,0.5764169866791161,0.02074729418223397,0.5755197916247327,0.5322734244385658,0.6210855803161702
2033178,Peking_2,1,1,2033178_S1_R1,37.8,0.0,37.8,37.8,37.8,24.65303551293766,0.6358842744886762,24.71955767493499,23.399541034196552,26.1563056048594,0.3168510311325586,0.02168091149204348,0.3187035638310668,0.2804696519315422,0.36488085905568,0.4806416777101154,0.032701723941847616,0.4812775045301579,0.42418555981862577,0.553332068245726,0.5873473204239082,0.005578224549818823,0.5880813143970953,0.5708948296667368,0.5953123549614765,0.7158082473327636,0.009921981023185974,0.714670771293993,0.6968087893638328,0.7349728221198987,0.5810103990981107,0.015972026952904433,0.5835942574179428,0.5482151673717175,0.6166498283495381
2054310,OHSU,1,1,2054310_S1_R1,37.8,0.0,37.8,37.8,37.8,22.985323156703984,1.3796017186353742,22.671316745092994,21.73386906510905,25.77295063608571,0.27999733103643637,0.03860230506552939,0.2778016163763071,0.243817738256104,0.3549512027313809,0.45198259360590104,0.056359354049384754,0.4395165957446808,0.39672493256589425,0.5592790911810073,0.5912930474333958,0.007360497579522004,0.5928989139515423,0.5761626287942034,0.5971224357189253,0.7030328649682287,0.014163502336217203,0.7028690272774393,0.6887518596956308,0.7271647154449706,0.650180004227777,0.03916729012013233,0.659959457749545,0.5700633843241877,0.6878268405624964
2054310,OHSU,1,2,2054310_S1_R2,37.8,0.0,37.8,37.8,37.8,23.385984090545723,0.6861228574836847,23.299466187389275,22.39590826944301,24.206595510558078,0.2935256531337039,0.023653220784674377,0.293418294641799,0.25859167555455426,0.3243695899730441,0.4558271561968297,0.029361737138262133,0.4545679375434469,0.4192851639885538,0.4973368322594055,0.5904586569303841,0.0042958568890721915,0.5903926482873784,0.5836071660632869,0.5956372412512745,0.7108912498247305,0.011012029237707157,0.7107087764215825,0.6934361644806621,0.725859197941586,0.6334554375802206,0.018263931159261032,0.6356507411626546,0.6125641848973927,0.6602434156532574
2054310,OHSU,1,3,2054310_S1_R3,37.8,0.0,37.8,37.8,37.8,26.3026410427707,0.4744729579412843,26.30462933527796,25.41688058439054,26.867553562867013,0.377899710091563,0.01668336639382606,0.37785597794991677,0.34605737118273705,0.39700516504829986,0.5610228339123933,0.02932568151708582,0.5509844793965365,0.5371675408824437,0.6235282187042988,0.5700560042080448,0.0051721355494979485,0.5718880534669984,0.5596584052724405,0.5754246727930873,0.740536549977889,0.010962089000411065,0.7431484553576141,0.7204848522723253,0.7574796368164514,0.5521234410138645,0.024246421219879268,0.5437827447701616,0.522459135265345,0.586414559263932
2054438,NYU,1,1,2054438_S1_R1,37.8,0.0,37.8,37.8,37.8,24.861719286539163,0.8993633210152664,24.973104998312497,22.390793774943603,26.714380354002902,0.32426342102888145,0.02749142585114216,0.32778159808640084,0.24524671690452077,0.3797156352150267,0.4985715933362382,0.03942722575387663,0.4978501208702659,0.3957846911087272,0.5621558456364362,0.5846265408092317,0.006911841101835298,0.5850645131346809,0.5691125963055721,0.597530864197529,0.7190290585158599,0.010547209723822719,0.7204594090844854,0.6866175966000668,0.7358473762426434,0.5787863824239408,0.02583804123333314,0.5737274957280808,0.5209243345048161,0.6522802970844934
2054438,NYU,1,2,2054438_S1_R2,37.8,0.0,37.8,37.8,37.8,25.876544218260236,0.8371529793727533,26.01417411503039,23.65874274247571,27.53659862530859,0.3514225923026719,0.02804873381904508,0.3559266899501545,0.28642422894438396,0.41993450252023357,0.5096715869516786,0.026032463506750897,0.5081995569245508,0.46014764517784534,0.5661318987750803,0.581713927219062,0.006749421519198987,0.5820198644760002,0.5615520282186912,0.5918035830316511,0.7323204583385589,0.011961550482963266,0.7348268375584828,0.7013996554309617,0.7552458529816117,0.5374138276639085,0.028316934925878195,0.5312723520737576,0.48966463564564944,0.6204215474710993
2054998,OHSU,1,1,2054998_S1_R1,37.8,0.0,37.8,37.8,37.8,26.194578195803345,1.6180450667933859,26.14899638702995,22.90527620503777,27.911457826589285,0.37743454651402725,0.04731007514303253,0.38163766903986857,0.27744097663904266,0.4224432586902651,0.5326267443371868,0.040336254968714846,0.537270359242162,0.4417784529412563,0.5800189158245806,0.5713222356302223,0.009870324258682043,0.5692889631486069,0.5628209412419832,0.5932980599647255,0.7463256330800433,0.02137414232063929,0.7435901446766882,0.7055726223614157,0.7726169838409562,0.5411430234561451,0.062272035387558454,0.5627010007981502,0.46574924050251176,0.6468548182158442
2054998,OHSU,1,2,2054998_S1_R2,37.8,0.0,37.8,37.8,37.8,25.836289586449226,1.5849141395296027,26.75616658957381,23.691358405979056,27.60011470506066,0.3675363460122741,0.04859950974658047,0.3966724650805258,0.30374420401617835,0.4190425827761644,0.5124367478197794,0.030940785181085402,0.5226341897735945,0.4712245695105562,0.5570353140466092,0.5768695401054025,0.009836149244204558,0.5719112596305521,0.5650041771094397,0.5881602153531919,0.7462670082706822,0.022603074139435117,0.7570195176746128,0.7146125749178254,0.7693168499700814,0.5422468616553818,0.06007540618302632,0.5148887205425992,0.4739526912549252,0.6254454947072329
2054998,OHSU,1,3,2054998_S1_R3,37.8,0.0,37.8,37.8,37.8,24.894094957733714,0.9173471178483944,24.88030286839134,23.70904209645171,26.696329706593563,0.34263058576124067,0.04217948512608129,0.3330244995957991,0.29431867614327356,0.42509642580503826,0.5079015665774258,0.04269634222300423,0.5053246121411968,0.4564250669821497,0.5852510902864364,0.5815126293098956,0.012965136492118773,0.5875614963334201,0.5547906804047235,0.5927039821776637,0.7377836783214509,0.018688050082513678,0.7376363576372448,0.7132576870885133,0.7704732867632285,0.5774344920416774,0.02120599649089429,0.5784616040473063,0.5366927290487277,0.6116940765253384
2071989,OHSU,1,1,2071989_S1_R1,37.8,0.0,37.8,37.8,37.8,24.01459112732034,0.9903612749537013,23.730199542171075,22.841852145759685,25.40885240278746,0.3150874021997753,0.030687934623297424,0.3015665105844508,0.2773471250238117,0.3575142800597233,0.47593110068592964,0.03189007810402188,0.47527393498783965,0.4339719632660433,0.5264268753847506,0.5862562785564663,0.006312985377554152,0.5876728859184961,0.5765014387821265,0.593947832544321,0.7206781424221366,0.012894607484477525,0.7145867370698133,0.7053319179190225,0.7412388091581542,0.6163287130469324,0.032696661307971754,0.6305172941389936,0.5652887972342009,0.651525972008008
2071989,OHSU,1,2,2071989_S1_R2,37.8,0.0,37.8,37.8,37.8,24.589582356374862,0.6081308301824613,24.373333429035387,23.809309120554673,25.665838860838036,0.3340703355682421,0.0176761989256312,0.3296738424178066,0.3117472070181902,0.3637307303623252,0.497283680215625,0.012886721868496286,0.49743113464806543,0.47899742421240343,0.5205882913019468,0.5832116298977842,0.0034930331630120474,0.5829759584145437,0.5766174695999182,0.5880163371391416,0.732083857624532,0.008445222432326802,0.730716162442916,0.7194820808877004,0.7445679222227991,0.5980085020237709,0.02108055902039993,0.6024317724928488,0.5615451793423671,0.6270340313937331
2071989,OHSU,1,3,2071989_S1_R3,37.8,0.0,37.8,37.8,37.8,23.57741142187202,0.47156200522748776,23.476853503051558,23.034374856635143,24.393626043671055,0.3007253910427264,0.014739188783975692,0.296873862552177,0.28434824609575093,0.3296495129646186,0.46699687284510705,0.015944807477809977,0.4615843316018234,0.4504024158431859,0.49365559697131056,0.590462266778052,0.002583178541620185,0.5901698691172332,0.585890652557312,0.593984962406013,0.7144579233372137,0.009678804333677045,0.7149536849529071,0.7046559442238675,0.730908631688541,0.6283102439987162,0.01853503161629906,0.6344997580703405,0.5954757498984415,0.6451346635303933
2074737,NeuroIMAGE,1,1,2074737_S1_R1,37.8,0.0,37.8,37.8,37.8,24.516829871333435,0.7984108787431379,24.469085374945088,22.94914050510055,26.32676236629486,0.30810789154543394,0.026467167775961333,0.3055473044069059,0.25930182069525076,0.37015664789922514,0.46626640851540974,0.033873412495532156,0.4608293955000923,0.4073535699016674,0.5346234749684476,0.5898466980656079,0.0059161941711103625,0.5915761626287892,0.5739209133945841,0.597298802561958,0.7133173576580233,0.010675574216828146,0.7116474581698143,0.6917520915427076,0.7379769065352132,0.5783775136792889,0.02213807059984141,0.5809994262511669,0.5259942961748315,0.6287723866056114
2081148,KKI,1,1,2081148_S1_R1,37.8,0.0,37.8,37.8,37.8,22.420767409335873,0.5642235614799903,22.478446380401913,21.533711256165255,23.174481011691846,0.2698337906560794,0.018506417642227015,0.2775952937579872,0.23953424611412816,0.297570726246793,0.4356746760494249,0.02315884932495725,0.437367925943094,0.38863300413462154,0.47369236629885264,0.5933845334583988,0.002390306546851466,0.5933444722918375,0.5896500510535565,0.5975122992666847,0.6991965706257436,0.007787752529155292,0.7006500712786565,0.6868953328003058,0.708739734037445,0.6692147465112923,0.01793154084423404,0.6694085158086095,0.641215349438794,0.7022551958938058
2081754,Peking_1,1,1,2081754_S1_R1,37.8,0.0,37.8,37.8,37.8,25.451331082502897,1.1014808138396734,25.45734471584621,23.240604162843603,27.384382553477035,0.3423232781485547,0.03389169503768841,0.34000844919004286,0.277609910828698,0.3987711831704407,0.5035529953470538,0.04109266851997063,0.4998106413161391,0.4245837207336658,0.5787183630685913,0.5820595979560382,0.00899060081997312,0.5826046597976352,0.5630418639190445,0.5953866146848611,0.7280332997795463,0.013618605961647106,0.727372803075451,0.7013210870676102,0.7527555577641918,0.5532678225873252,0.03300777067643056,0.5520498496946337,0.48552604659092985,0.6212149039811325
2104012,KKI,1,1,2104012_S1_R1,37.8,0.0,37.8,37.8,37.8,22.89038769442619,0.5169855016553108,22.905716025515606,21.803567230701447,23.741073655768446,0.27721471554936733,0.012512173624161998,0.2820017716612556,0.24873660006848608,0.2937221233537073,0.45381127008187194,0.022624543477682564,0.45412075564211873,0.41443725030996004,0.48876425664472695,0.5915786053828477,0.0025746022091006084,0.5914230019493198,0.5865589900677456,0.5951359881184445,0.7056100891515594,0.00711294080260239,0.7047104199870404,0.6872373471533607,0.7150550771968249,0.6576592613019406,0.016490633464304204,0.656387726615246,0.6271508278105791,0.6897389617463534
2106109,Peking_1,1,1,2106109_S1_R1,37.8,0.0,37.8,37.8,37.8,25.105094293100386,0.9942341579341278,24.89249874290667,23.496927946492246,27.813767423755245,0.32901612864331803,0.030192868580637668,0.32359175850842276,0.26686590791168696,0.420119328178955,0.4874044990499618,0.03765636674011961,0.48477443730214503,0.41001324276987483,0.5879311269645443,0.5851878567240099,0.010059216971557004,0.588768216838384,0.5551164949410541,0.5971781305114628,0.7221850169765679,0.010923785362441667,0.7214898158908543,0.6947971037160576,0.7534080583861527,0.5630385244184395,0.025202626320579253,0.5702550360400244,0.49236303774037754,0.6031907699477271
2107404,Peking_3,1,1,2107404_S1_R1,37.8,0.0,37.8,37.8,37.8,25.04890382452097,0.7102218073782626,25.148954747852525,23.53999556397137,26.81328939324931,0.32676984537514214,0.020404455363499878,0.32675331390556356,0.28834120051054557,0.37777162123686764,0.4808678422916396,0.02225714880559148,0.4808987881287687,0.4434831320801693,0.5348126494817964,0.5869994543721477,0.0044969739151231375,0.5879513598811813,0.5767056530214364,0.5945976051239178,0.7232045762938029,0.009025998753222018,0.7222242084626133,0.7062174714238589,0.7456544610541055,0.5593673990018712,0.02413047106230711,0.5618562626991389,0.5044839962316867,0.6110511746787654
2107638,NYU,1,1,2107638_S1_R1,37.8,0.0,37.8,37.8,37.8,25.514351599965035,0.842666463334612,25.7949270461735,23.73886881125601,27.09880923220986,0.346918372842414,0.028764470580565714,0.3534351553783038,0.29491740279468276,0.4037940808599213,0.5182176674525982,0.0386328588636762,0.5210519440936997,0.45332034310552743,0.5926283063725083,0.5800323605949649,0.008196467205256857,0.5786688944583647,0.5630994152046718,0.5923512484915965,0.7286131373445144,0.01180729158129968,0.7280276848696855,0.7072469169599909,0.7509669501113388,0.5601436588749974,0.023253476482910415,0.5582869295222751,0.5286018125860182,0.6092383626276854
2107638,NYU,1,2,2107638_S1_R2,37.8,0.0,37.8,37.8,37.8,25.04540235867518,1.0271799008425035,24.87401966358486,23.335217919788864,27.015402064197943,0.3316348443156462,0.032379837809031066,0.3279853502368519,0.2806321822432868,0.3921278612458657,0.4911607166057854,0.042412184048019365,0.48386129908882614,0.4331476897689769,0.5664707331667312,0.5842899073993965,0.008898458788422036,0.5864197530864114,0.5670611714471208,0.5946532999164534,0.7240526644934658,0.01205458700812761,0.724904022869025,0.7039951662929147,0.7516777950693943,0.5694235071748074,0.027019819696095414,0.570259133065122,0.5150661847379605,0.6220057640640692
2123983,Peking_1,1,1,2123983_S1_R1,37.8,0.0,37.8,37.8,37.8,24.609552595367482,0.7078094451934479,24.6239159678158,23.051410411847264,26.06750471717433,0.3161702617737538,0.02197991910605422,0.3181779996577861,0.2640295603699016,0.35462720388668734,0.4783308093068257,0.03444384070581573,0.4764070758851497,0.41505765855227733,0.5438195882675729,0.5876136819012255,0.005499512148442515,0.5878121228998371,0.5752900770444538,0.5965190754664415,0.7172686564686721,0.010007343728434943,0.7194568791097858,0.6905145375313233,0.7343210659186679,0.5810683901407322,0.01877962278828109,0.5802786918809838,0.5457943058418916,0.6273756070825524
2124248,OHSU,1,1,2124248_S1_R1,37.8,0.0,37.8,37.8,37.8,25.24576754716405,0.4601108709301794,25.428955950862484,24.503693706110905,25.73607621443899,0.34895889320621143,0.011832334147870336,0.3547602835977716,0.32749933877719295,0.3602058036503067,0.5077900394385108,0.01357138777897354,0.5062630820493091,0.49087490248114635,0.5339263612918174,0.5811387522303659,0.004535243822912896,0.5804928989139467,0.5725489650051018,0.587273739905316,0.7374809873906722,0.005927207876184356,0.7395943234066175,0.728437244075532,0.74590050801645,0.5723430951133902,0.015364536753093188,0.5716858494119105,0.5490497348634554,0.5939515640993897
2124248,OHSU,1,2,2124248_S1_R2,37.8,0.0,37.8,37.8,37.8,25.49141291449642,0.749162915418838,25.35722410741605,24.132710181411944,26.680874983260505,0.3613203015564176,0.021687593997467745,0.3566858136022683,0.31945489197016197,0.389570489486794,0.5641376649695959,0.02995988157469897,0.5620432876330991,0.5222347802181019,0.6070794508463362,0.5722586301143808,0.007436862645710681,0.571085120207924,0.5607379560011194,0.5850459482038443,0.7365434923168055,0.009540460721277315,0.7366375867111259,0.7208731938394447,0.7529954007382291,0.5872387140228547,0.019680439710911175,0.5922612770391819,0.555666725069857,0.6212242604131919
2124248,OHSU,1,3,2124248_S1_R3,37.8,0.0,37.8,37.8,37.8,25.962824722897935,1.2149877024567897,26.17645596955952,24.372838847888143,27.704045112509476,0.37973127222564407,0.03756550909374026,0.37990920856681953,0.32665871831133614,0.43499744128123247,0.5417513547029278,0.042056328297289565,0.5444827352366391,0.486737683605953,0.6025986555785102,0.5704395763070133,0.013312947636938273,0.5728627123363843,0.5496333426157883,0.5862433862433788,0.7482612083071882,0.012145067790496754,0.7537913199552931,0.7256722052910768,0.7619181179203102,0.5590612302908985,0.03245260342956498,0.5419272665923035,0.5215671529945176,0.6076983287984433
2136051,NYU,1,1,2136051_S1_R1,37.8,0.0,37.8,37.8,37.8,25.022377333342487,1.3179244665415113,24.510888822455154,23.536670710538562,28.299940699652623,0.3303425427205576,0.041183416037128995,0.31583717615271756,0.2840345879587894,0.43978327235148196,0.4887015225725316,0.04534768833312501,0.4729474329062447,0.43556355399292646,0.6104392591690021,0.5841670267623011,0.012302959488049884,0.5888703239580336,0.5506544138123055,0.5937343358395936,0.7229997893710248,0.014890417346656217,0.7186173459949076,0.706345478692842,0.7623089634905362,0.5679036527729282,0.036963270100378975,0.5828480063258887,0.4768698482850706,0.6181408146519211
2136051,NYU,1,2,2136051_S1_R2,37.8,0.0,37.8,37.8,37.8,26.68759729827597,1.3726582003496828,26.62170381671504,24.318551362815658,29.169383276136298,0.37570132933679123,0.04220109462232624,0.3740514425526046,0.3058444237659021,0.4700202243213606,0.5326832225106044,0.04242209422104159,0.5248790314868768,0.46362627383715066,0.6313506935994159,0.5712450483991336,0.01492604502426503,0.5737770351805273,0.5281921735555946,0.5908846189547865,0.7394537589603584,0.0147971421790915,0.7350966354128717,0.7196896851047662,0.7725939136937134,0.5169429671162369,0.04155665632496914,0.524453572923511,0.4357291999084974,0.5831202491814962
2138826,KKI,1,1,2138826_S1_R1,37.8,0.0,37.8,37.8,37.8,22.95483967164877,0.41058537137244344,22.939240966658843,22.24160906076431,23.595246190773814,0.28195629389140153,0.01647532345573098,0.27666414243634,0.25898246916857537,0.3086570399244789,0.4474252868899868,0.023056684543346813,0.4379078714491694,0.4152358737957877,0.48741712935472614,0.5917080713479554,0.0032392077958699325,0.5928060892973126,0.584182678919513,0.5951359881184406,0.7052007866474206,0.0065276908735713525,0.7041447549627957,0.6943823719690471,0.7182186513357309,0.6525765439867842,0.011553196146555096,0.6532603924800944,0.6280297931573146,0.6707756330710671
2140063,Peking_2,1,1,2140063_S1_R1,37.8,0.0,37.8,37.8,37.8,23.66626005448181,0.5095137420735575,23.71628442783105,22.855620109093817,24.716810742804878,0.28416773408270646,0.015436512712281341,0.2830360654145546,0.257420813039874,0.3172438502677357,0.44168659875478294,0.0228960024220149,0.4417415135809839,0.40891603313046004,0.4927598754548524,0.5936710565936032,0.0023505650692695196,0.5940592221293934,0.5879884897428701,0.5967604195674335,0.7018193167290802,0.007052228979905998,0.7010887367602174,0.6886681361265066,0.7179252357126272,0.6073381838176789,0.015831417858983777,0.6065419603957668,0.5696371960892248,0.6344631368554225
2141250,Peking_2,1,1,2141250_S1_R1,37.8,0.0,37.8,37.8,37.8,24.72008614845392,1.124932386164716,24.421992950063004,23.12485175697427,27.06070184550787,0.31650515474968943,0.03573097951638227,0.3083094834103685,0.26140549666778706,0.38876215464758546,0.4842444589431481,0.048732506797008246,0.46707928508338964,0.4123434641653894,0.5878333094658457,0.5861703490886132,0.009584177121616607,0.5904715492434746,0.5646143135616686,0.5965190754664421,0.7149759861066164,0.013527243787327933,0.7138817185782775,0.6946217158985599,0.7381845137295306,0.5796755819924745,0.02808790181686944,0.5872414687389585,0.5140229990458429,0.6272296522693427
2155356,OHSU,1,1,2155356_S1_R1,37.8,0.0,37.8,37.8,37.8,25.23836138593523,1.0164950700311566,25.299508256033846,23.614466771640277,26.896839227174457,0.34474566398402323,0.03292344763364692,0.3422955470758368,0.30023874013286933,0.4059884083282019,0.5114988114539079,0.0351827245873515,0.5099847966796461,0.45528260243738605,0.5641056292110411,0.5789886238229234,0.011411985137849825,0.5828877749930232,0.5573842012438448,0.5913673071567747,0.7341491395086663,0.011980579385365597,0.730675923220768,0.7191335615887577,0.7569790623403546,0.5756572997816432,0.024635073190965213,0.568443910785453,0.5466705660506631,0.6207342775194666
2155356,OHSU,1,2,2155356_S1_R2,37.8,0.0,37.8,37.8,37.8,24.40063106867305,0.5026150174052288,24.614099287986754,23.675422733394722,25.011089826257606,0.31920404947535874,0.018304175814577075,0.32730579533262044,0.29150819759395935,0.34074286063611425,0.5073739060358626,0.023906894828749442,0.512863995048739,0.46773808576656856,0.5368258379854806,0.5836241839165716,0.004871724362879815,0.5821544602246296,0.5784786039171861,0.5915529564652307,0.7232210348630377,0.0071529580009524,0.7273493846364889,0.7108579564874317,0.7298861445941224,0.6099967531105341,0.011988305819644208,0.609470810696993,0.5909140029646699,0.6250399645889944
2155356,OHSU,1,3,2155356_S1_R3,37.8,0.0,37.8,37.8,37.8,22.68446646249085,0.620306929565651,22.342467107584604,22.10417999091901,23.91877814782293,0.268837534343066,0.017902896942557273,0.2666051969061492,0.25128068197756814,0.30379820430500143,0.436402463051066,0.02630224233193857,0.4290946541352358,0.41040971741456356,0.48562635562693146,0.593988056561154,0.0028348710570037946,0.5949132089482941,0.5880070546737227,0.5965469228627114,0.7006465269296924,0.009060588167792965,0.6974040223556308,0.6919611603869756,0.7177532904225321,0.656544364429117,0.017459212100131134,0.6622284413313541,0.6213955928043747,0.6752348759352945
2174595,Peking_1,1,1,2174595_S1_R1,37.8,0.0,37.8,37.8,37.8,25.10342429797518,1.0629879135116398,25.094066363259365,23.12078823855049,27.418571809718483,0.32907125964138845,0.034380357859949376,0.32975590575920016,0.2618510411683453,0.397912217377563,0.4861881861071721,0.03921839335384121,0.48758229406412246,0.41152913900305615,0.5570763063811347,0.5849643530687556,0.008783524844703225,0.5863547758284533,0.5639756799405928,0.5962498839691794,0.7227117927066836,0.013700665000090512,0.7222389558317539,0.692511574267263,0.7465059002546551,0.5612558817805735,0.03193801518065283,0.5637057433650209,0.4899621549737517,0.6209659372887151
2196753,Peking_1,1,1,2196753_S1_R1,37.8,0.0,37.8,37.8,37.8,24.56212565928736,1.1963975298193419,24.38437275761052,22.567339979033722,27.04474218205402,0.3152093098331179,0.03905589011493039,0.31279721959294077,0.2517679829105878,0.3988469385747184,0.47841489310674973,0.043728743068643376,0.47876000179375644,0.39818420384322356,0.563236616264814,0.5865081629095257,0.009643506316195368,0.5891580803861411,0.5598858256752909,0.5974844518704162,0.714046930575108,0.015196069573149583,0.7158788217053547,0.6856217750274644,0.7514775523049758,0.5838574950629665,0.03420605314165176,0.5892222071218477,0.5082936976189004,0.6398553957417296
2207418,Peking_2,1,1,2207418_S1_R1,37.8,0.0,37.8,37.8,37.8,26.237998677463068,1.2999701554900682,25.947154310502505,23.942905415359295,29.41794431335048,0.36277491235072357,0.03817858358549356,0.3537688594276944,0.2951428915741941,0.44794576075878384,0.5322496804229034,0.04741556466627775,0.5303618806319765,0.4432367809810083,0.6428125227748337,0.5736786895616819,0.013193914816042023,0.5767474241158347,0.5376767315113304,0.5931588229833731,0.7321485455155933,0.011283829162511904,0.7299640740520887,0.7109458652772289,0.7603385223126548,0.5347913954742005,0.036174712515035345,0.5416424127682044,0.4565858001365067,0.5974583614606175
2208591,Peking_3,1,1,2208591_S1_R1,37.8,0.0,37.8,37.8,37.8,26.049366983017656,0.9396832909369077,25.868725845688267,24.44453280724977,28.346539028067337,0.3599117845080673,0.027650795443178368,0.3542022721616761,0.31005576762512527,0.42625457591310467,0.5354784615043816,0.053613460259971796,0.5137750155695235,0.471681737445503,0.6497124638717559,0.5756835630177405,0.012160033650363207,0.5811658776571007,0.5417441752529457,0.5912930474333923,0.7304065706739099,0.007565763080765828,0.7308586063999748,0.712829364318082,0.7450728057308639,0.5429404637273855,0.018827645950854472,0.5460991986712119,0.5069950696453348,0.5817103849483778
2228148,Peking_3,1,1,2228148_S1_R1,37.8,0.0,37.8,37.8,37.8,26.147299138602914,1.179480910095626,26.083776149624274,24.01555314691443,28.669375873239417,0.3596657013856084,0.038778536245464894,0.35460622341026066,0.2962704780990607,0.44028464305671966,0.5261074104144254,0.04829682262492021,0.5260612120737532,0.4460087752529601,0.6315481524432028,0.5774295268432994,0.011806027143348706,0.5784321915900755,0.5491246635106337,0.5926668523159712,0.7359644467833315,0.013854044288014893,0.7374831830993313,0.7129731903838623,0.7644495990670046,0.5312056116352865,0.03225880712436842,0.5349161709626383,0.4678886952157208,0.5990221330894464
2230510,NYU,1,1,2230510_S1_R1,37.8,0.0,37.8,37.8,37.8,25.787763413045887,0.9719190587057166,25.558103947263014,23.75914327219913,27.543845606477635,0.3539254278182266,0.03125563010812024,0.35269652513686084,0.28760498368671095,0.4099662437061053,0.5144601946826507,0.03646493087589419,0.5161094901340191,0.44833531754177103,0.5897784739800426,0.578864818495788,0.010615371352141214,0.5806507008261378,0.5540963519910862,0.5935394040657163,0.7325631841987688,0.011445532626618793,0.7313600969999371,0.7033085396761967,0.7586389959495201,0.5445465211843606,0.027267963974587882,0.5470417284029369,0.4935182023134712,0.6041168628579493
2230510,NYU,1,2,2230510_S1_R2,37.8,0.0,37.8,37.8,37.8,25.437772480145558,1.0529376893742135,25.298231974400974,23.70150830275134,27.715820988855864,0.34421531217506557,0.03415121702103082,0.3446280052979017,0.280485739212673,0.41263689919961805,0.5179133104825787,0.054151497436013676,0.5026002827240069,0.4265909943316515,0.6390268123138034,0.5802011734316546,0.011330027584433832,0.5832544323772311,0.5475178687459361,0.595655806182119,0.7287218411501437,0.011398961358913847,0.7288284091016555,0.7041140403260276,0.7513667664264634,0.5647896568844707,0.022050058435798336,0.5620539204717778,0.5276895176232342,0.599721883897561
2232376,OHSU,1,1,2232376_S1_R1,37.8,0.0,37.8,37.8,37.8,23.757193011777442,0.858841558467931,23.402035525598023,23.06029067478682,25.849996696020426,0.31298010227121825,0.029912767044941425,0.30213506106088056,0.2861980503716469,0.3807555587622074,0.4913413667238095,0.045097090356308954,0.4761543603455368,0.4498317538569001,0.5848338720788512,0.5850201635776594,0.01004428227998753,0.5878214053652495,0.5611018286456786,0.5925925925925826,0.7159773409050891,0.006688759521889629,0.7148876232714979,0.7088138057470265,0.7257904214127775,0.6343840808641785,0.016461206029720166,0.6382056827334035,0.5929153365001344,0.6497654277446442
2232376,OHSU,1,2,2232376_S1_R2,37.8,0.0,37.8,37.8,37.8,23.196704196197945,0.5666863770303141,23.077010479412582,22.369054910383728,23.971444723480626,0.292817550648117,0.014781805611720362,0.2899382786051277,0.2748458039371438,0.3129631766780012,0.4701705221631431,0.02348783365885018,0.4646671673901697,0.44135026150836426,0.504304128502112,0.5892003671730713,0.002483853636488126,0.5897057458460906,0.5844797178130483,0.5924904854729326,0.7108776564256236,0.00616229613945896,0.710499917730883,0.7038095115175084,0.7231092367813613,0.6463986027629524,0.017974785087309725,0.6492869549111648,0.619557262838003,0.6727660344474264
2232376,OHSU,1,3,2232376_S1_R3,37.8,0.0,37.8,37.8,37.8,23.482241073024205,0.826536565936022,23.429207021939128,22.46280508260978,24.565147369786313,0.2991209204730346,0.023826742986235067,0.28752801143190915,0.26546034654271494,0.33634635019277237,0.4740338281033658,0.030608747832468513,0.46599509368964975,0.43116579189437804,0.5251249671139174,0.5885036665738365,0.004670933234206927,0.5905968625266815,0.5800891116680539,0.593465144342334,0.7160585098689625,0.012716099254642028,0.7116958863408671,0.6993127682946402,0.7332639026167935,0.6380528234359175,0.02572364753624026,0.6319375139778618,0.6054789154153121,0.6686970601437716
2232413,OHSU,1,1,2232413_S1_R1,37.8,0.0,37.8,37.8,37.8,24.35133672921281,0.4692689062872147,24.31358932382182,23.790398111468868,25.380800085318715,0.3217447617429918,0.018127437615165394,0.32179115764246147,0.2982510989616667,0.35490654081417417,0.48671267969633153,0.01756426049257633,0.48031191465103024,0.4682475664442743,0.5165265010756894,0.587103561372561,0.0036754336203685175,0.5868188990995963,0.5806924719205326,0.5919892323401034,0.7291359913494211,0.008709755582026486,0.7299852632780941,0.7185877723580661,0.7418789685902408,0.598365747378661,0.0175237911005775,0.6035578677379397,0.5602021625167445,0.6170158805637365
2232413,OHSU,1,2,2232413_S1_R2,37.8,0.0,37.8,37.8,37.8,23.583712375442886,0.8517572530813652,23.767586061201598,22.35359642913467,24.789355241624932,0.3029133806339779,0.0262151022052746,0.3146735267712183,0.26304970708954023,0.3411522184749086,0.47200353667745465,0.030538614896743248,0.4759058501806817,0.4307108626198083,0.5170259875072755,0.5876821683839146,0.0061133703467532744,0.5868281815650147,0.5781862062563657,0.5953030724960505,0.7175125948604405,0.010359815900627898,0.7218313224137528,0.6990008119812383,0.7285595128713946,0.6289041825007926,0.024785879862235835,0.6262238135679091,0.5946449630109755,0.6638401763680186
2232413,OHSU,1,3,2232413_S1_R3,37.8,0.0,37.8,37.8,37.8,24.216966000739593,0.9913087503574256,24.191836941869635,22.843813061400464,25.45261856066553,0.32359143049029543,0.026980810477737906,0.3315767374107194,0.28469175797085183,0.36203651008245596,0.500271289819779,0.018734153572196065,0.5065359043435563,0.4629856344668603,0.5211024358651459,0.5852352073599549,0.004044827503097432,0.584191961384935,0.5785807110368383,0.5921563167177157,0.7253500108168641,0.015006736227060526,0.728524788029643,0.7072714561783345,0.7472187360660529,0.6151630889052982,0.0396430294592796,0.6268841037906933,0.5665073607234163,0.6569721324020228
2240562,Peking_1,1,1,2240562_S1_R1,37.8,0.0,37.8,37.8,37.8,24.53545087520057,0.6298198342968684,24.39389268034383,23.385141883398358,26.04278831105483,0.3105337136718167,0.019405269508594183,0.3071866639351576,0.273871415713153,0.3503539690949654,0.4716396951990294,0.0264435822958423,0.47296363953240683,0.42778553247393053,0.5234050410857723,0.5892871292956797,0.004175892385835852,0.5901605866518091,0.578654970760219,0.5950617283950574,0.7146532724333085,0.008419332477120947,0.7132043800368097,0.6997765283103432,0.7341240263807998,0.5811980895612598,0.018749640925844573,0.5835360674332257,0.5366521199710255,0.6169445637722462
2249443,Peking_1,1,1,2249443_S1_R1,37.8,0.0,37.8,37.8,37.8,24.91312613150581,0.8542149263800723,24.894560679636502,23.3211281876815,26.47046158815685,0.325467750181671,0.029919543813587506,0.32709352534853825,0.270775136184445,0.38050393504655666,0.4967144234749751,0.04973307601207766,0.48321591380024864,0.42838565335943507,0.6096158529703529,0.5854016251106481,0.007256436340424752,0.587283022370738,0.5710247841826654,0.5956372412512766,0.7232400220628613,0.012509709492493665,0.723957386732415,0.7018227233397485,0.7502713888018981,0.5742697673289384,0.019075552684012488,0.5673104974693058,0.5393565588361272,0.6136339623345136
2260910,NYU,1,1,2260910_S1_R1,37.8,0.0,37.8,37.8,37.8,24.3757235402096,0.6674328927514384,24.34300056068521,23.18357480764389,25.87308385121195,0.308105222928913,0.01974098810465786,0.30861802044651243,0.2694268679770892,0.35328730994933244,0.46348194788872765,0.02432249285049509,0.46181229773462784,0.4240027073903295,0.5205906181895832,0.5903806450993325,0.003727139510224486,0.5904576255453355,0.5813283208019939,0.5959528450756498,0.7147751004209051,0.008245351705508242,0.7143110250780476,0.7002537140981975,0.7351057697036394,0.5857440460126486,0.020290733193736497,0.5865796022181456,0.5403059174044489,0.6222849340333941
2260910,NYU,1,2,2260910_S1_R2,37.8,0.0,37.8,37.8,37.8,25.082944248494996,1.1820308982169692,24.805689506154312,23.526357681186575,27.53756751825935,0.32828664751571907,0.03793180611856985,0.3161877590151746,0.2749191259414098,0.39857982345571985,0.500523033204134,0.055428869994652845,0.4863637265208164,0.42785617711678214,0.5977396081378169,0.5819653539980137,0.012723968361045817,0.5855239951731044,0.5485686438317968,0.59541446208113,0.7165075335606588,0.009678011154157283,0.715908057077173,0.6964776008494762,0.7318516868127134,0.5735538174542988,0.0251454520006174,0.5741146209378721,0.5315902271897506,0.6095195600794604
2266806,Peking_1,1,1,2266806_S1_R1,37.8,0.0,37.8,37.8,37.8,24.874399974494597,0.9574384939994295,24.777099830853313,23.354922514840176,26.652917759042037,0.32319114303761953,0.03077894863017612,0.31895799576477224,0.2727407007144741,0.3863569319760271,0.4823448341415118,0.04570084639205044,0.4714774899129327,0.4177779022859704,0.586238230786074,0.5860228484490304,0.008944084397757485,0.5884711779448564,0.5635329063399162,0.596036387264453,0.716443667134021,0.010598262187407644,0.7155399507088701,0.6981483765833064,0.737628675523323,0.572216185825959,0.025062168755012434,0.5715327598762459,0.535968017737469,0.6176039629927321
2268253,Peking_3,1,1,2268253_S1_R1,37.8,0.0,37.8,37.8,37.8,26.187221620401154,1.132188740303553,26.533049944827432,24.13157399892807,27.823342083629807,0.36335619186985113,0.035399258773075024,0.3774922783668834,0.3004896252946675,0.4121732141301892,0.5298954810036071,0.044210414016375654,0.531183932346723,0.44679320761437663,0.6105032822757112,0.5737252797757603,0.012455740782686414,0.5737584702496771,0.5497373062285252,0.5926946997122413,0.7306721653653374,0.013724745931070448,0.7313272828532088,0.7035563367637626,0.7539466463247023,0.5386603138639041,0.028617261233516163,0.5281974794239893,0.49375135844479495,0.5993291122838336
2276801,Peking_3,1,1,2276801_S1_R1,37.8,0.0,37.8,37.8,37.8,24.96264616065062,1.002041155413656,24.84604700050856,23.1647211215998,26.81199389758863,0.3227335608599971,0.03134625301481749,0.31964273565175405,0.2672215811256638,0.3822384356334373,0.4853766102956034,0.04291072512749281,0.4838981014179284,0.41515915138034437,0.5783257962715945,0.5857819797913896,0.0085794502309533,0.5884340480831592,0.564773043720411,0.5958136080943064,0.7195593970831816,0.011153455831396231,0.720149107626111,0.696374477138076,0.7408744458727005,0.5663890097740281,0.02766712855013892,0.5660479621746453,0.5160523314656603,0.6166823860547298
2288903,OHSU,1,1,2288903_S1_R1,37.8,0.0,37.8,37.8,37.8,25.216366450201,0.6735002352824111,25.113630960489573,24.487172333190315,26.652038620020214,0.34067877300686555,0.019322508713795962,0.33641841332925615,0.3207236897776557,0.3758310705081492,0.5089352898300988,0.025811040248847485,0.49509333679025147,0.4852253220290121,0.5491383657125908,0.581109667172037,0.0059767222826772395,0.5840063120764815,0.569822704910416,0.5865311426714835,0.7265387466938744,0.003928596104097223,0.726542082623075,0.7208886230596631,0.7312273010526866,0.5709088673350089,0.018248478981443043,0.5736320767220731,0.5275308796238083,0.5894720544757965
2288903,OHSU,1,2,2288903_S1_R2,37.8,0.0,37.8,37.8,37.8,25.073299402660794,1.105082594676387,24.53182905724174,23.894234933351214,26.704449425245585,0.34609208287021154,0.031995761953876614,0.3284152225464976,0.31520682277190293,0.39463262624831685,0.520388560241572,0.025584613470841386,0.5168678863610175,0.48022844165386414,0.555523392553461,0.580273729591465,0.008100452952037715,0.5849252761533424,0.5679662118258605,0.5885454376682379,0.7365093965643963,0.012294520265859086,0.7303739795798654,0.7237987830918501,0.7559131554235934,0.5809507424102023,0.037967856565034645,0.5993036955819094,0.526731783737548,0.617250281281871
2288903,OHSU,1,3,2288903_S1_R3,37.8,0.0,37.8,37.8,37.8,26.137209332268142,0.7498075704760555,26.04864083026585,25.11921230554581,27.263988527498746,0.37968865250848594,0.024920733109173223,0.3791337085145465,0.34747626028693795,0.41362149176887836,0.5422246550702319,0.022382590203370998,0.5343004905502529,0.5174376052111542,0.5800803895802736,0.5695358767288612,0.007862533230054758,0.5709226770630275,0.5547192054209795,0.5775596398403466,0.7487559624935783,0.014536439636250608,0.753993162970257,0.7331581487493894,0.7698269503249149,0.5473177094167992,0.0248527647866616,0.5467323783445877,0.5056538057871696,0.584309783708216
2292940,OHSU,1,1,2292940_S1_R1,37.8,0.0,37.8,37.8,37.8,26.13056507459161,0.43984688495937346,26.086479724708358,25.392441415159325,26.9543590570751,0.371810851121266,0.018062143053870314,0.3637635172742204,0.3538392163887761,0.40691687234797447,0.5201548414113588,0.014392115521559622,0.5225475103514173,0.5005304774296867,0.5419103433841002,0.5786725043060245,0.004451968530073062,0.5777035180543899,0.5699665831244747,0.5840063120764782,0.7478663933681129,0.009524519537208283,0.7455613958253153,0.7370674414327825,0.7659567927773194,0.5254828819138546,0.01828651361808154,0.5228647027597292,0.49969005220549184,0.5546177086873959
2292940,OHSU,1,2,2292940_S1_R2,37.8,0.0,37.8,37.8,37.8,25.566759292005795,2.3203953149169085,25.095581946247503,22.70568879152599,28.697783459487713,0.3585276328071418,0.06576852838029423,0.3463475828406982,0.28138092753858873,0.450019035874169,0.5079776388522758,0.060441496497340284,0.5046796120176218,0.4291803023770312,0.5927235977766548,0.5755304928989053,0.018300975515532128,0.581370091896399,0.5481295832172908,0.594903926482871,0.7366195623450869,0.019230376895195973,0.7326170222982905,0.7106355499272157,0.7637686820769348,0.5576906870825942,0.07066024444783363,0.5712771254540552,0.45852286423258515,0.6438366247133038
2292940,OHSU,1,3,2292940_S1_R3,37.8,0.0,37.8,37.8,37.8,26.88293633858363,0.9300645588453684,26.916384314863304,24.818062060757686,27.80390020420677,0.3899011279970931,0.026484230545054596,0.39126876397872895,0.3300693306260239,0.41617457465728747,0.5608227728079651,0.03509876178413864,0.559804521945807,0.49048994388047135,0.6155329198933196,0.565095867240108,0.009509901826219408,0.5612187877100182,0.5544527986633249,0.5857096444815554,0.7466786669281597,0.01137088080674706,0.749902582990807,0.7258800131457177,0.7578218772054048,0.5253818377634356,0.025626636829244154,0.5220320230637776,0.4902386764104371,0.5795126034236824
2296326,Peking_2,1,1,2296326_S1_R1,37.8,0.0,37.8,37.8,37.8,26.473881016394294,2.235363000087046,26.380760406820396,23.281123284289713,31.210492828017788,0.37176526521743614,0.06684922506806842,0.37803424309473893,0.26810590072505686,0.5128159937643914,0.532762390962082,0.060877603031907396,0.5364224935257121,0.4194342808893892,0.6398259175847587,0.573802770573353,0.017291719448212062,0.5751786874593905,0.5303348317884815,0.5965562053281328,0.7368671692311085,0.02347360028201619,0.7334896534173642,0.6935825612070401,0.7764381675022982,0.5180735785777792,0.07936187591037602,0.5454505454627494,0.35547135706168304,0.6158272651303481
2297413,NYU,1,1,2297413_S1_R1,37.8,0.0,37.8,37.8,37.8,24.516244639675328,0.7113133589003908,24.67736469820926,22.740573858587364,25.73969616576245,0.31029545658446955,0.021879374452539617,0.3148540953315269,0.25750706123925665,0.3435513010288856,0.4755860213560043,0.02423151342596329,0.4758623397530283,0.4201734661098619,0.5225601210482581,0.587911989424383,0.00412033476645597,0.5883690708252074,0.5806739069896848,0.5954794393390886,0.7131191812512782,0.010258851877301743,0.7120045843698184,0.6875183384626813,0.7312338345085875,0.5853638701238968,0.022398081681565495,0.5795517733587724,0.5459334945220596,0.6409752920523091
2299519,KKI,1,1,2299519_S1_R1,37.8,0.0,37.8,37.8,37.8,22.913003712100007,0.9459097094027435,22.978707085157694,21.642523042465513,24.97108736728367,0.28304820640538886,0.027731275419792957,0.2828346833606257,0.24475948931484576,0.3360983429021449,0.4521223980336616,0.04046224938886318,0.44652015625415215,0.39641818914847116,0.5183065092549233,0.5908413822079516,0.005201939241068695,0.5918314304279234,0.5807296017822312,0.5971038707880807,0.7043742613871273,0.012564189539348392,0.7046602507630199,0.684015130687856,0.7221781827832969,0.656405291963849,0.024427845118371445,0.6510788642025631,0.6007883002850313,0.6903054675395958
2306976,NYU,1,1,2306976_S1_R1,37.8,0.0,37.8,37.8,37.8,24.1625263034432,0.4876874423933145,24.082861427884353,23.370521457258025,25.79375815705249,0.3043908291939076,0.017674661950328286,0.30409308241774413,0.27969095429076635,0.37055465041285884,0.46702513751909164,0.023611724784547476,0.4634345134023058,0.4367510261328713,0.5528285686295978,0.5900407148138481,0.00412708275852087,0.5910517033323944,0.5723243293418575,0.5949224914137168,0.7132560964100336,0.007246091114047305,0.7131841919830563,0.700067922880664,0.7310823842795156,0.5970125434128247,0.013735539263870352,0.5960313591974354,0.5662227868834634,0.6215434848116952
2306976,NYU,1,2,2306976_S1_R2,37.8,0.0,37.8,37.8,37.8,24.97579456224848,0.7862512360175303,24.834137584033765,23.545028957881424,26.802842775144075,0.3281745225273311,0.024225864670799062,0.3230464583803626,0.2873775356076893,0.38921480859862595,0.4877696670643965,0.035237909720635494,0.48131394018630497,0.4415864553020899,0.5739430827438724,0.585862325033521,0.0063684473670965,0.5877842755035617,0.5705885083078028,0.593632228719943,0.7225033673154597,0.008639268047295206,0.7224711203180564,0.7052663678304983,0.7416910516604941,0.5688088770525783,0.02088205451168179,0.5695253702698562,0.5249975360160218,0.6109420780981526
2310449,Peking_2,1,1,2310449_S1_R1,37.8,0.0,37.8,37.8,37.8,25.123183127575874,0.752271077262962,25.07015087039847,24.00706289630187,27.146088176024588,0.3320086226331552,0.023993922548956284,0.3362942765249556,0.29729098081447414,0.3924174433127417,0.48920135271276055,0.0342690552156717,0.4821297050044579,0.4398668761369274,0.5709003876934845,0.585037435503842,0.006855127295425797,0.5862990810359183,0.5674046226677777,0.5931031281908465,0.7233220394114515,0.009796798084011713,0.7237298765412938,0.7031230205325986,0.747529068924035,0.5629111844568295,0.020419183955766758,0.5636807706189402,0.5098643843425877,0.5962610797143786
2344857,KKI,1,1,2344857_S1_R1,37.8,0.0,37.8,37.8,37.8,23.037945162727123,0.8045634340158735,23.012226496715293,21.71487289604388,24.331425164247815,0.28457682635646336,0.0237718676890088,0.2800504180472248,0.246520301978348,0.32926429236940186,0.4492233673395254,0.02729525586291918,0.4510315933097291,0.40141479458942325,0.48760002270018726,0.5912980754354978,0.0034648616092672994,0.5913974751694031,0.5854358117515939,0.5961106469878371,0.7070453982155124,0.01185119506659139,0.7058663612799473,0.6859234580078993,0.7295357767342955,0.6474964746826208,0.025942126984640584,0.6476949728180923,0.6031574350119102,0.6905850686790617
2352986,NeuroIMAGE,1,1,2352986_S1_R1,37.8,0.0,37.8,37.8,37.8,25.262628323139808,0.8507865054869708,25.276794967525884,23.31070903414174,26.678890917175696,0.3341919021552866,0.027770551306490636,0.33007923635938186,0.2735775361622411,0.38571317463509863,0.49661699543222576,0.03666697424534163,0.49262988657420237,0.42097876451960986,0.5818537570979017,0.5851114299436151,0.006961656692457634,0.5866239673257131,0.5658312447786236,0.5961384943841079,0.7235320673611518,0.010833366474297074,0.7226741169513957,0.6998800959172459,0.7471533453481871,0.5576757298110032,0.02411987289424475,0.5576249993949572,0.5191810351764549,0.6168160765624517
2360428,KKI,1,1,2360428_S1_R1,37.8,0.0,37.8,37.8,37.8,22.445821531789786,0.7529682915343769,22.20255238068731,21.549131263557232,23.72575188498748,0.26899629597032776,0.022815557760952124,0.26838914387640844,0.2390960376268478,0.30668433374818665,0.4476740952199201,0.037043956865468956,0.43198883781124037,0.40337047353760447,0.5181818181818182,0.5923737218289337,0.0036690774457674813,0.5941520467836237,0.583486494012802,0.5958971502831127,0.6987854039302808,0.009986579354638305,0.6982723974329765,0.6834299900171983,0.7142049562589852,0.6757047643030447,0.02021619174436615,0.6785499260124142,0.6487685830189438,0.7036122020308071
2367157,Peking_1,1,1,2367157_S1_R1,37.8,0.0,37.8,37.8,37.8,27.643306639442393,2.5367165149221695,27.85387062148044,24.529523073999506,33.402865793203055,0.4053523295348712,0.06935181613737071,0.3996891377595061,0.32150653075312247,0.5602910730231061,0.5682147727658889,0.06845522184594814,0.5698378852051994,0.4749248089180762,0.7234821103862576,0.5601869224008907,0.029179417078970683,0.5620811287477788,0.47496690459519714,0.587877100157797,0.7423317096179516,0.015245011486019379,0.7408478710022597,0.7147784299715725,0.7653475065165537,0.48939542864461905,0.07359257732647115,0.48880348612557745,0.3318251983829276,0.5878048378954489
2371032,KKI,1,1,2371032_S1_R1,37.8,0.0,37.8,37.8,37.8,23.845802308253027,1.0178986518380306,23.557422552924407,22.385726796953303,25.99362792090366,0.3044692980144249,0.027831949143023362,0.2945446200099859,0.26353824720058583,0.36413969680648245,0.49242533909644765,0.05220964940978717,0.4804840222941177,0.42920829709574254,0.6041877850988343,0.5856766530523784,0.009345678825806822,0.5887264457439874,0.563076209041114,0.5951638355147091,0.7135367632389985,0.0073474559034299326,0.7130948441385667,0.7001095579058851,0.7293249304876049,0.6319999149914496,0.020620281607581566,0.6369953144106218,0.5942425315508235,0.6668491675673803
2377207,Peking_2,1,1,2377207_S1_R1,37.8,0.0,37.8,37.8,37.8,26.486857625295016,1.7434663244035102,26.399585557611363,23.11328829370047,29.70907553246147,0.3719814987867458,0.0520328942021294,0.375248059526635,0.27273362989128236,0.4626935370140302,0.5476095748957862,0.06291119118700399,0.535773963238645,0.41861680263625406,0.6793422688959514,0.5679572236825035,0.019765805535199223,0.5745892509050246,0.5236220180079985,0.5961199294532589,0.7292565728847428,0.015508209666674464,0.7279695628544346,0.6947408957939976,0.7684623709867305,0.5349408001894813,0.04249955838621774,0.5322770473453136,0.47158853210668583,0.6258433106798078
2408774,Peking_1,1,1,2408774_S1_R1,37.8,0.0,37.8,37.8,37.8,25.132425202553634,1.0142329828317995,25.50940477408861,23.36391163029169,26.944482139537207,0.33149627242200513,0.031730879033001945,0.3449207914051309,0.27924318305488055,0.3887754615710019,0.4932102245445885,0.0407860503720832,0.5019085781567503,0.4198466351928933,0.5844816585136512,0.583656385770196,0.008100909632279123,0.5824236517218834,0.5608317089018607,0.5954423094773926,0.7235082934650621,0.012702736907493989,0.7256703894614046,0.6981393816880532,0.7454811628837441,0.5635336455519613,0.02876354050165626,0.5554512978629195,0.5213450114729012,0.6198113278521366
2409220,OHSU,1,1,2409220_S1_R1,37.8,0.0,37.8,37.8,37.8,25.46499620543586,0.6467471922967555,25.78055548165974,24.32630747180236,26.087930486704174,0.3465029106002216,0.017511753387652377,0.35634673048863036,0.3186653515296538,0.36522349353523403,0.5060621757248546,0.022439100592489013,0.5152787139053314,0.46564500061409136,0.5343529102943106,0.584537991068201,0.003005429436938917,0.5842940685045915,0.5802840434419341,0.5899842198087761,0.7341217911767924,0.0064286543922597375,0.7365074058136886,0.7255311914200445,0.7419585821079078,0.5525764009703865,0.022847348089194325,0.5453439159600458,0.5238841740111062,0.5909984404613832
2409220,OHSU,1,2,2409220_S1_R2,37.8,0.0,37.8,37.8,37.8,25.445383525103853,1.8185040486125363,26.68850638552716,23.444687004152097,27.45068109035492,0.35380547253737626,0.04915079438025506,0.38924151724815886,0.29596794662749976,0.40601282082350826,0.5024474757075943,0.03673077779004073,0.5270219756438254,0.4465926362055509,0.5358105670525729,0.5785541013026313,0.010317897080995503,0.5725656734428541,0.5654608744082307,0.5911259630557822,0.7358034045771958,0.015483715969558975,0.7401945078763851,0.7179804296839752,0.7546760832919139,0.5636481167414816,0.06707778116165093,0.5340334426423893,0.47751485133562804,0.6388205054293632
2409220,OHSU,1,3,2409220_S1_R3,37.8,0.0,37.8,37.8,37.8,29.619605021518574,1.326124896858579,29.08812877316224,27.82176873997638,31.26681319977108,0.4717668160430959,0.03267031430530741,0.4582520941184692,0.4277774008824353,0.5134243558422469,0.6323731334167209,0.03174611870477384,0.6354536594109541,0.5951924222566425,0.6682057248753573,0.535698183829166,0.014282922619925217,0.5355047672090347,0.5163053356495513,0.5536210897614368,0.7620569180125019,0.00841954483034346,0.7616239301563652,0.7466297709817985,0.7732233857170432,0.45061014595183413,0.04855131330449641,0.47531742772761243,0.38548289445806966,0.5218913728797113
2415970,OHSU,1,1,2415970_S1_R1,37.8,0.0,37.8,37.8,37.8,22.918187488136237,0.3762512726116894,22.990944224909732,22.251703539020138,23.39081054863177,0.2849887851092119,0.009596313670670221,0.28559169676124585,0.27346726287992607,0.2995064998683393,0.44268241712955797,0.008041222952480899,0.44098253112678626,0.4311367492365117,0.45918247604146295,0.5923955980486191,0.0016689122148014098,0.5917850181008076,0.5901466629536823,0.5948389492249125,0.7031043756774912,0.006157955832418433,0.7054330711874462,0.692371801902021,0.7106120033162956,0.6509313188757672,0.01651867603736241,0.6444585274750394,0.6279986155710324,0.6779149565896561
2415970,OHSU,1,2,2415970_S1_R2,37.8,0.0,37.8,37.8,37.8,22.929671982715004,0.5642721840424615,23.05691452026367,22.097124561824298,23.5900048168082,0.28117819185231413,0.020409935868407975,0.2897851337209905,0.24530494425775642,0.30565676246006823,0.4462348903196786,0.03124878518427444,0.4551493251142523,0.39539726420852334,0.48193726654044927,0.5924440731458224,0.003058452626168215,0.5918499953587574,0.5884897428756996,0.5974473220087247,0.7014574482311365,0.008292434231273339,0.7009200371193528,0.6892296486368734,0.7111438744038004,0.6517849958228086,0.015378972921949462,0.653835590463002,0.6298216944997671,0.6764740630249829
2415970,OHSU,1,3,2415970_S1_R3,37.8,0.0,37.8,37.8,37.8,25.02286641754602,1.15876537660264,24.558354166934365,23.53254960618521,26.629207715862677,0.3457058042453443,0.031364155752837734,0.33424258986741867,0.2986101383999886,0.390111316628756,0.5261072117885214,0.020521910959014077,0.529905967132437,0.48897047365566937,0.5482573489023158,0.5762064626586957,0.00862938474190335,0.5798802561960398,0.5634734985612124,0.5872273275781924,0.7301176969832083,0.010889024205011148,0.727921748043967,0.7155047349137043,0.7466601741403379,0.5945367397687057,0.04308633945091584,0.6121997006920114,0.5354426671853805,0.6411946740996303
2419464,NeuroIMAGE,1,1,2419464_S1_R1,37.8,0.0,37.8,37.8,37.8,23.390293835597944,0.493328562666634,23.465646278858188,22.41554449702564,24.49374006296459,0.2765294668646747,0.014656130229421582,0.27794220768438027,0.2477213085010891,0.305488246018859,0.43270962776451066,0.02343824232716258,0.4337590483151812,0.39337971418216444,0.4871656512545725,0.5946414950419495,0.002070438302201893,0.5948667966211802,0.5898728302236994,0.5977722082985237,0.6983058379242416,0.007086138416254477,0.6980805693722094,0.6834527004142138,0.7133611957812489,0.6178062832841326,0.01728172280183509,0.6170326566113564,0.5716989746866569,0.6496212996685614
2426523,OHSU,1,1,2426523_S1_R1,37.8,0.0,37.8,37.8,37.8,24.77283568804027,0.995970731422506,24.856716058128757,23.11442797027136,26.408132746345117,0.33756330152367586,0.03172779054469894,0.33933988993577496,0.2883384061473547,0.38825504482506173,0.5140421796745347,0.03910830132371801,0.5248416658669993,0.4554220740085982,0.558287310999288,0.5802825995028728,0.008731067549115007,0.5800519818063699,0.566299081035927,0.592945326278658,0.7285144376763811,0.012203765819385913,0.730880227162192,0.7103250745328588,0.7454451135860332,0.5982588684010386,0.025559660407027673,0.5997639431391742,0.5532283655184951,0.6418205634925532
2426523,OHSU,1,2,2426523_S1_R2,37.8,0.0,37.8,37.8,37.8,24.977176285347742,0.4735357015590561,25.035106211587003,24.04926504461389,25.701244492279855,0.34334836928800944,0.013267080994909367,0.3416881866521177,0.31968896057747737,0.36165475136558045,0.5141776415995694,0.023528381840053576,0.5103896608939127,0.48795359219337464,0.555394743809238,0.5799603948141825,0.004870642907178921,0.5814861227141779,0.571683839227687,0.5864104706209834,0.7296478581154998,0.008977238372257827,0.7329464398497825,0.7126461373209707,0.7427198689477411,0.5894871517150442,0.022770227445818154,0.5825510382453103,0.5597572057401858,0.627440627595237
2426523,OHSU,1,3,2426523_S1_R3,37.8,0.0,37.8,37.8,37.8,24.71633833918655,0.5705926342450082,24.811744309726514,23.99168004801399,25.73625616964541,0.330795920399001,0.019144633235705998,0.3269430924130615,0.3090588868231621,0.3706417059973501,0.5128760573008561,0.04391134036214393,0.49360644018276195,0.4734773933462734,0.6051925463203555,0.5814445578967944,0.009212330265195972,0.5837835329063368,0.56254710851201,0.5907917943005636,0.7265654302779703,0.008372664576125198,0.7258149940091622,0.7154674140278813,0.7415551648583399,0.5988512269846191,0.016143492135830675,0.6028406731898457,0.5650663325694304,0.6131611193531039
2427408,Peking_1,1,1,2427408_S1_R1,37.8,0.0,37.8,37.8,37.8,25.279521451835,0.7219654487784765,25.30484170035312,23.892503783577368,26.724692537282642,0.3359142950910777,0.021956703916379786,0.34059322869040315,0.29182784960794234,0.3756747710419121,0.5000193290609025,0.027823057547942728,0.5022177931492663,0.44886650920853044,0.5476059803750098,0.5835660741736807,0.006087269143051169,0.5837928153717482,0.5705699433769369,0.5925090504037852,0.7255840282521835,0.008255279085246061,0.7240895903130178,0.7083950678379108,0.7433810273877859,0.5591916252103643,0.021277867761816567,0.5603953959449889,0.5102780209746874,0.6021166787277653
2427434,OHSU,1,1,2427434_S1_R1,37.8,0.0,37.8,37.8,37.8,24.912810209968637,0.32728807588204145,24.911883593860427,24.417588544519322,25.480004594200537,0.33692119179677943,0.010153743910580085,0.3326014312788761,0.32647219721023973,0.35295267384373147,0.5225691772579582,0.018248115438993393,0.5191049328335086,0.5010955671666948,0.5541563009350605,0.5792237796136354,0.004161466340135015,0.5814257866889352,0.5702311333890164,0.5830734243014923,0.7298053306317184,0.006048975732026681,0.7301956109183758,0.7204314831183221,0.7376064642931695,0.5990561160744998,0.013773723969269342,0.5988046561001868,0.5822923784599899,0.6213812022944806
2427434,OHSU,1,2,2427434_S1_R2,37.8,0.0,37.8,37.8,37.8,23.39990232255724,0.7535102699033291,23.226286520769722,22.611575381379378,25.05940200215892,0.293429333724208,0.022081888423380044,0.2898366209121867,0.26383644538027706,0.33524713502429987,0.46562405389738104,0.022892503677048034,0.47158315554786756,0.42668454483249585,0.49814522771240494,0.5894618232824818,0.0032476004952690816,0.5896036387264406,0.5829713171818395,0.594077787060235,0.7115560381249875,0.009741256142398486,0.7095415740733403,0.7011309315191282,0.7304318884234734,0.6352518766287615,0.02838398242673504,0.6464866252736905,0.5729006984412455,0.6566010868008241
2427434,OHSU,1,3,2427434_S1_R3,37.8,0.0,37.8,37.8,37.8,23.484083507109805,0.8928518642958758,23.3434823258927,22.274723608870254,25.22176871927161,0.2946661194365874,0.022560235627675677,0.29263171670884236,0.2612486675103991,0.33878750724782813,0.4745912080678101,0.02149546011606762,0.4644061382940624,0.4525608127569323,0.5138322107459701,0.5889850139752623,0.005327869935046326,0.5921516754850059,0.5788007054673618,0.5931866703796478,0.7115246836321724,0.010441915120948381,0.7096649647254839,0.6948804513195364,0.7310362219296508,0.6393074661901805,0.03109027069801155,0.6473478087921456,0.5763138423720232,0.6820497282216622
2455205,OHSU,1,1,2455205_S1_R1,37.8,0.0,37.8,37.8,37.8,25.49170284654662,0.9474792179229199,25.5534975673023,23.816061184908214,27.25129318174563,0.35556503883190976,0.02671621575395567,0.35570121882289313,0.311133301908282,0.40540619763111496,0.5412497008202337,0.03569221570143337,0.5272657187443657,0.49907182906500985,0.5914705439727724,0.5752567633074368,0.008510504139172695,0.5778288313375917,0.558922305764411,0.5849252761533378,0.7357306081564208,0.008513958161786753,0.738445141432079,0.7211843298883892,0.7464971166054275,0.5780817264358855,0.03215328172111811,0.5713915944530983,0.5332717711797368,0.635240861002498
2455205,OHSU,1,2,2455205_S1_R2,37.8,0.0,37.8,37.8,37.8,25.914256287736503,0.5984010030837689,25.644720865550795,25.225180637836456,26.768177865680894,0.36559784596999395,0.023138445113297303,0.3603283033678891,0.3395339191427389,0.40607917988303166,0.5375820157426904,0.025072883329771395,0.5322992790835473,0.509373941196401,0.5747284199570676,0.5733932568045544,0.005215674322055694,0.5731365450663577,0.566044741483322,0.5797317367492769,0.74025343821981,0.013737649552061464,0.7354996116368729,0.7249660974829164,0.7648529877288421,0.5597982367820353,0.019621310619218957,0.5611333967350679,0.5343751020963994,0.5947658132590546
2455205,OHSU,1,3,2455205_S1_R3,37.8,0.0,37.8,37.8,37.8,27.541158479835556,1.3440434870932267,28.241006039318286,25.41111969257656,28.802944635090075,0.4146489654064495,0.04421766743908892,0.4408580536704735,0.352483790517164,0.4590721074374458,0.5811949296738022,0.041947292190064135,0.602756734385403,0.5296968381263728,0.6293151620514094,0.5587359344864227,0.014624821780679519,0.5481815650236848,0.5443534762833131,0.5770769516383417,0.7558564366678412,0.01467945415437721,0.7588077992590384,0.7332634794012599,0.7742026908932322,0.5069273799690096,0.041606085249596116,0.4847351367411856,0.46772231381771395,0.5847918012984713
2493190,Peking_3,1,1,2493190_S1_R1,37.8,0.0,37.8,37.8,37.8,26.751033534165067,0.8863575902366209,26.788092794543818,24.994572816397014,28.543403619214107,0.3834091796166062,0.028524045691529,0.38919357424010126,0.3287593202318583,0.4345275136232106,0.5604711325545476,0.039978774914591224,0.5548191885535084,0.49026318357786525,0.6447432243982295,0.5689290978122781,0.010481486049336807,0.5701475912002179,0.5421655991831642,0.5870695256660071,0.741542003941019,0.011022426303060523,0.7395066317421335,0.7236280201531647,0.7619466368965717,0.5233676369643424,0.023965043865798744,0.5218057492987023,0.4780849512889504,0.5668218784032177
2497695,NYU,1,1,2497695_S1_R1,37.8,0.0,37.8,37.8,37.8,24.554541367660203,0.8242464123632872,24.606110510700628,22.941789188196786,26.15008406701841,0.3150311431184279,0.02819040521103645,0.3085010017477458,0.26297691084022157,0.37911045512720665,0.4813585052952758,0.040148818308712024,0.4752114215891186,0.41303111373259466,0.5623612239371785,0.5873862497879346,0.006249194582299514,0.5887125220458431,0.5731643924626295,0.59667687737863,0.7166445895865203,0.012145786808770511,0.7153633140758531,0.6935744751257391,0.7422413733708019,0.5858443117960538,0.020877866923826555,0.5844737156889492,0.5530745496559993,0.628436936435179
2497695,NYU,1,2,2497695_S1_R2,37.8,0.0,37.8,37.8,37.8,24.81806188828283,0.5653886435937623,24.729718197646893,24.006837059322155,26.117111683519262,0.31957192901092274,0.016747508659940645,0.32024041496893557,0.29187054340635904,0.35779868744664767,0.4874994107705272,0.033188985709926275,0.4789466814592443,0.4448136524931799,0.5517536046987459,0.5870728865586643,0.004734725697662868,0.5886289798570395,0.5758191775735578,0.5933630372226826,0.718863280197242,0.006785091054972202,0.7187437861177755,0.7072190680578401,0.7316481198666352,0.5744660092860343,0.01386404020366776,0.5760318079090357,0.5434864801970142,0.5960304615956368
2498847,Peking_2,1,1,2498847_S1_R1,37.8,0.0,37.8,37.8,37.8,25.28816240395447,1.4138595905452696,25.31116787571656,23.055252509995512,28.69212552622745,0.3310929940809929,0.04241928327484246,0.33651442441228147,0.2702152463637089,0.4349718547350798,0.49555222012905137,0.05488514862746605,0.4946648622623587,0.4067080834560276,0.5957996554922486,0.5818830047114109,0.012674226085471196,0.5841223428942662,0.5506590550450104,0.5974844518704149,0.719338361101339,0.015043392198592076,0.7187404707901703,0.694389211330289,0.7478904308837541,0.5594529464263692,0.03683921533646597,0.5620156190050773,0.4647770866847111,0.6269935915759598
2524687,Peking_3,1,1,2524687_S1_R1,37.8,0.0,37.8,37.8,37.8,25.71525597735302,1.4065757220455424,25.55874247864673,23.370006965022338,28.25509436506974,0.34733453772090184,0.04387567296936736,0.33981523772263594,0.2774116013022017,0.42610940045877255,0.5133072686733224,0.049650511009558404,0.5153503546619256,0.4246589650922309,0.5894888057959891,0.5782783743459775,0.013780967720414181,0.5815186113431683,0.5473127262600969,0.5959435626102271,0.7254805931411182,0.0146427741700371,0.7234740491117725,0.6989396524631192,0.7622257197110461,0.549200904036011,0.03778494601171639,0.5558628113546666,0.4836085143211458,0.6190440234766801
2529026,Peking_2,1,1,2529026_S1_R1,37.8,0.0,37.8,37.8,37.8,26.305235744517333,1.0820503335960439,26.586721210103285,23.80789546935182,28.215954240999725,0.3677431069366855,0.033529325093771205,0.37694444213164585,0.2901080167373466,0.42428366109679605,0.5388487352974051,0.042923827299051365,0.5358322053409911,0.4464242008908904,0.6375735165202977,0.5742561915176297,0.010447027185771538,0.573633156966487,0.5537826046598049,0.5948018193632184,0.7371464516001343,0.013393849964886996,0.7380767970961201,0.7062592330456308,0.7626046558442146,0.5319537691370334,0.03328695113271527,0.5260495057812443,0.4652339321496061,0.6064830789357565
2535087,Peking_1,1,1,2535087_S1_R1,37.8,0.0,37.8,37.8,37.8,26.852128566994747,1.4703746171059802,26.647776364025315,24.30189804717114,30.070761525003533,0.3809456852933552,0.043389436536859,0.3780002815877663,0.29814821016733883,0.47031742329056647,0.5649331577891165,0.05623344008393069,0.5618627326026,0.4561392640317185,0.6709668638535535,0.5639560153448467,0.018897686158515656,0.5632878492527538,0.5183369800161968,0.5921191868560208,0.7311958360315005,0.01287622936492472,0.7320230953691195,0.708767860886448,0.7582361434615488,0.5284801675275648,0.031521735448760274,0.5314797892971511,0.46159412125563826,0.5798587953403646
2535204,OHSU,1,1,2535204_S1_R1,37.8,0.0,37.8,37.8,37.8,25.593416809756853,1.0392807663804213,25.898510409656325,24.094480414767013,26.914032557136135,0.35122464141659576,0.027639536988038445,0.36274135864480883,0.30964449070571787,0.3828180786212276,0.5361289387326815,0.023313998403265902,0.5445227258557267,0.49688113995765215,0.5647855219415848,0.576658209309274,0.0059693672305131,0.5729323308270599,0.571748816485653,0.5856493084563148,0.7340746361068023,0.011486326304377605,0.7400835204188966,0.7172630063684895,0.7480541470713428,0.5655262126744526,0.04061983100836126,0.5679217708373063,0.5039869946213161,0.6169757480211027
2535204,OHSU,1,2,2535204_S1_R2,37.8,0.0,37.8,37.8,37.8,24.602034781341665,1.2546909831876065,24.27148124356019,23.244793554042516,26.96398022425802,0.3382900096363218,0.047975151650385295,0.32305628851594387,0.28563092445131255,0.422261057825899,0.5049642541708308,0.05026865629568809,0.4954926971118895,0.43905653929575206,0.5923618228632852,0.581675794424324,0.011503307175572835,0.5847535505430091,0.5599684396175584,0.5937343358395903,0.736507229256983,0.020973675394566346,0.7347760514054101,0.7114084707324432,0.7693793751233725,0.595266673674755,0.03275865621760548,0.598415615431813,0.5305777636320602,0.6308829382182296
2535204,OHSU,1,3,2535204_S1_R3,37.8,0.0,37.8,37.8,37.8,23.118210416823104,1.0745622032434552,22.469351403650485,22.020725418705688,24.84410564836703,0.28263684024092545,0.0270877167871623,0.2737534265625363,0.2545124521636703,0.3261723892049798,0.45028813560403314,0.04000308658883624,0.432168409466153,0.41083462568729734,0.5204096606542342,0.5913451323782674,0.005156969184607925,0.5938642903555164,0.5826371484266147,0.5966026176552474,0.7067118312017294,0.009972291663308602,0.7056673046847036,0.6939942074248352,0.7218168421096055,0.6409291562766197,0.03184661253500918,0.6579836923924703,0.5934030388630522,0.6734956486399079
2538839,Peking_1,1,1,2538839_S1_R1,37.8,0.0,37.8,37.8,37.8,24.604829520300814,0.8149219340519576,24.600196958843032,23.124348588993676,26.013954210281373,0.3152198906754583,0.025702688149399088,0.31261467599265197,0.2735526809506041,0.3642802415181353,0.4864552573059197,0.04033129388643585,0.4809867613478875,0.42584190325715365,0.5690328402760504,0.5880788239795446,0.0062086280262115675,0.5897800055694747,0.5732293697205828,0.5956650886475422,0.7175642577004029,0.010499535315719075,0.7177297920018466,0.698771023262538,0.7373512366775453,0.5824748121695236,0.02159986376147402,0.5780609471922099,0.5454471819582041,0.6293912154208714
2554127,KKI,1,1,2554127_S1_R1,37.8,0.0,37.8,37.8,37.8,22.382814689669914,1.1208443924891485,22.083806743119894,20.902619689702988,24.674814185970707,0.2713580129404959,0.03585558933678478,0.2604444895379426,0.22609371403203626,0.3391484506270682,0.4354243645962803,0.05091642973669201,0.4180077786787241,0.37824461456293396,0.545356508851197,0.5922066374513251,0.007429338767478704,0.595414462081127,0.5747424115845104,0.5979392926761331,0.6969341241611811,0.014653905889311212,0.6944873129931539,0.6748925989598649,0.7322310957185638,0.6734147813745812,0.02940740782152314,0.6770947823664565,0.6051062120066085,0.7187021815969366
2558999,KKI,1,1,2558999_S1_R1,37.8,0.0,37.8,37.8,37.8,23.09640989885257,0.8384355859263294,22.92227131300851,21.8255774178003,25.06871666469072,0.29042605575070823,0.022629981507237686,0.2870553771226503,0.2563120668664264,0.3447334970500102,0.46057672617312057,0.03419245422464093,0.4533281553304283,0.40960272668313347,0.5388178485200751,0.5903893607475444,0.004829538642713661,0.5921331105541563,0.5765617748073877,0.5963055787617162,0.7073390763073196,0.009960181566114773,0.7059701443171191,0.6899272381458222,0.7256003698543759,0.651865009001846,0.025008983507467303,0.6591986299299722,0.598989579605213,0.6885542144054358
2559537,Peking_2,1,1,2559537_S1_R1,37.8,0.0,37.8,37.8,37.8,25.05800198524693,1.6131565899310565,24.53370250400744,22.589547734825235,27.884754010878112,0.32944205741772276,0.049856450244168446,0.3115626644988294,0.25226779941421756,0.4181936140735014,0.4925617509222855,0.05917093209679204,0.47540629661615763,0.40085230107036474,0.6245647773279352,0.5827746873959923,0.01457115026289407,0.5896686159843957,0.5495442309477434,0.5978093381602136,0.7192823683388363,0.017638914767499164,0.7162263097669175,0.6875641943466972,0.7599879773904713,0.5683147831862959,0.04446957370881763,0.5810080544758028,0.4804891106312868,0.6411096098545168
2559559,OHSU,1,1,2559559_S1_R1,37.8,0.0,37.8,37.8,37.8,24.770495088546596,0.6864766325957448,24.605352337109416,24.106017844927937,26.197030435110392,0.33277291994655467,0.019928636565238255,0.3270456886268529,0.3122262773562035,0.37557333410199095,0.5114518029509983,0.023298355593653643,0.5101824220554633,0.4818637006459504,0.552333392919956,0.5796817145744991,0.006171778028574991,0.5814165042235233,0.5662721618861893,0.5853986818899032,0.7227519425877779,0.007212403577697907,0.72160413563751,0.7130729059017776,0.7341937022520082,0.6010065292341253,0.017734104186894237,0.6060253974854266,0.5621447812876839,0.6172761825192642
2559559,OHSU,1,2,2559559_S1_R2,37.8,0.0,37.8,37.8,37.8,29.340887391358095,3.026586155252079,30.276615603346574,23.943462646634956,32.78780319502479,0.45167311432590007,0.06179090880454283,0.4862339754642173,0.33021999835651855,0.49897328528987017,0.6418493976340134,0.06151208190850693,0.669576059850374,0.5373081835514503,0.7032037855868435,0.5285769766193241,0.034611606496371225,0.5262537295620333,0.48317045017550514,0.5810776942355789,0.7248366007620141,0.0403589623756594,0.7383419643726112,0.6608045888763393,0.767518139121058,0.4921250755463265,0.08175382826300738,0.45985182438079975,0.4110400561402017,0.6525549198750565
2559559,OHSU,1,3,2559559_S1_R3,37.8,0.0,37.8,37.8,37.8,25.603062343492844,2.1471621357896313,24.88185372666309,23.101657065278605,29.70554416869816,0.35034098328323154,0.06123326241096487,0.3258412116816208,0.2885467350696968,0.474831000386733,0.5028244848762718,0.05015588656008447,0.48734835122827963,0.44850273164186055,0.6078075458799401,0.5822137648648373,0.015733804353018434,0.5889538661468482,0.5438689315882396,0.5937807481667137,0.7360905132822048,0.0245457654315877,0.729379996010021,0.7094279107481822,0.7789615293984599,0.5395488824769926,0.07167247136353626,0.5584435519020858,0.42120886403051666,0.6326958268308202
2561174,OHSU,1,1,2561174_S1_R1,37.8,0.0,37.8,37.8,37.8,27.797888464606995,0.8581743411206043,28.1884617843126,26.054504991832534,28.838592157865826,0.43008581386517036,0.02120244540596936,0.4298962238829453,0.39188829344784554,0.4616187006332615,0.6025847423099094,0.02436773868875143,0.60708974524764,0.5550694211668401,0.6363720973521336,0.5548846985187836,0.00814558715096429,0.5540889260187571,0.5447067403959652,0.5680451127819433,0.7611524660879208,0.007722893801808749,0.7596783243454949,0.752135639643722,0.7730919403907035,0.5064704331944767,0.03820654768440668,0.48983507358207906,0.4708329264747834,0.5661358917400187
2561174,OHSU,1,2,2561174_S1_R2,37.8,0.0,37.8,37.8,37.8,25.922199654439737,1.2946012649901273,25.79567757405733,23.895180660172514,28.40812174395511,0.36650342850804785,0.03870568084046775,0.36446869553702627,0.3054860647830517,0.4363230082275428,0.5345104040995301,0.033835072674610805,0.5317732689696787,0.46046427880735963,0.570949901596871,0.5715202615592501,0.009755174328889352,0.5722639933166217,0.5589993502274342,0.5897846468021943,0.7404215758357,0.01695226242967562,0.7369229034082779,0.7208010655082054,0.772861958210419,0.5546846224818034,0.04754031446940267,0.569797389854531,0.4537899797754811,0.613082574212893
2561174,OHSU,1,3,2561174_S1_R3,37.8,0.0,37.8,37.8,37.8,25.58543250316765,0.6399581034071193,25.819516208297326,24.538562459067293,26.603459946105353,0.358215492364327,0.01768913331199347,0.36217130534813163,0.33241499351528736,0.38833422774294085,0.5204660491501446,0.01800854491337695,0.5189536556998955,0.49343434343434345,0.5430180652506067,0.5784641645265407,0.004554537248113714,0.5790633992388404,0.5713218230762075,0.5842755035737415,0.7397458533360227,0.007680910787597,0.7400581908393417,0.7295454580838826,0.7506718185629336,0.5598076216857835,0.022173939752528366,0.5577398940435329,0.523983027735184,0.5917314301092158
2570769,NYU,1,1,2570769_S1_R1,37.8,0.0,37.8,37.8,37.8,24.922774091833514,0.6613256285308388,24.864563729888513,23.933057662687805,26.588335478305815,0.32438665260900795,0.022660577563326796,0.32273363145683764,0.2830638157902942,0.3775745946227289,0.4856098058523551,0.031462862596990236,0.4905690323973259,0.42255750158261235,0.5545557773036955,0.5857864968935665,0.0069269178842443465,0.5874408242829207,0.5634307992202767,0.5951731179801326,0.7193049906348775,0.00837793367663421,0.7205495143648242,0.6985072297370215,0.7352839908660889,0.5709976040300709,0.01664894055671119,0.5708087769865292,0.5358081385538924,0.597089123516752
2570769,NYU,1,2,2570769_S1_R2,37.8,0.0,37.8,37.8,37.8,24.900531594517442,0.6350240994230876,24.900370678776188,23.502870456482235,26.10159542435094,0.3227341338049621,0.018726217729449022,0.32221083696935204,0.28025213119497455,0.3527117070408788,0.47638015586478205,0.02787851217011084,0.4732602198568284,0.42377181302123484,0.5369517276634191,0.587965763706833,0.004944998671324362,0.5889074538197296,0.5766128283671964,0.5952752250997836,0.7207828565935053,0.008025094529366018,0.7224256501055767,0.7016937346609452,0.7335762378438587,0.5666290886060616,0.018238811863351946,0.5639727322180866,0.528110088551154,0.6093174480820924
2571197,OHSU,1,1,2571197_S1_R1,37.8,0.0,37.8,37.8,37.8,23.796241601343045,0.5820946521736112,23.56736629950373,23.133497372112775,24.847447901023063,0.30968892747431265,0.017776845089203772,0.3013563291734128,0.29157562642692253,0.34317925708110997,0.4769170950015551,0.026945764413948747,0.46806622313271984,0.4491837486191236,0.5236980618753792,0.5877884010437565,0.003697902304399234,0.5891812865497013,0.5814350691543599,0.5914972616726923,0.7189910288675427,0.00643517393014168,0.7168032152449104,0.7119165480920775,0.7314663100263844,0.6237383145199593,0.019722629078595986,0.623836375693696,0.5948626249522361,0.646255723852794
2571197,OHSU,1,2,2571197_S1_R2,37.8,0.0,37.8,37.8,37.8,23.042560582830195,0.3730313878537865,23.022580194786975,22.314006220353278,23.505459068950852,0.2832664621564847,0.015729750025097154,0.2906921690600424,0.2529633077118751,0.3018488735615245,0.4598772748880109,0.02387541534814568,0.46875373401840126,0.412799497785373,0.490489687837989,0.5914776653568032,0.002868167075942789,0.5906154274575297,0.5874315418175009,0.5960827995915693,0.7059343064870061,0.005571916052762684,0.7046111442629044,0.6971971479564414,0.7159435603137898,0.6507008328409108,0.010831850430884726,0.6553059216961161,0.6352780040277807,0.6645664993998268
2571197,OHSU,1,3,2571197_S1_R3,37.8,0.0,37.8,37.8,37.8,22.947503359310808,0.4549518399693268,22.905082820277464,22.360104894010643,23.61507178105806,0.28506320625834863,0.01618503497173098,0.2868696813544495,0.2628615059039266,0.3047973930870439,0.455498096765344,0.021495104220400536,0.454155672823219,0.42672864613596745,0.4855693111802072,0.5919969677279568,0.0033282266505463534,0.5931216931216879,0.5877285807110285,0.596064234660725,0.7054760978861253,0.00891048206799866,0.7042628014682312,0.6960842047380841,0.719100648831018,0.6529298846219052,0.010792548360373539,0.6509474047293938,0.6370009795549154,0.6666839796996854
2572285,KKI,1,1,2572285_S1_R1,37.8,0.0,37.8,37.8,37.8,23.061926326011882,0.6271336820709201,23.039714606655274,22.011157739476154,24.342540463648344,0.28692039166207356,0.018983365350096273,0.28495528923910396,0.2509947109468754,0.3301332434798824,0.46083698653757904,0.02770452010810408,0.46934571037756634,0.4097687849147364,0.525228061197165,0.5901853398929363,0.004286522063774479,0.591306971131528,0.5788916736285041,0.5962777313654485,0.7073752393450579,0.008393207559981736,0.7065984274791539,0.6938600847367906,0.7291632527169228,0.6527371460773659,0.018107338521838743,0.6525485392069624,0.6143683185304516,0.6844641940336778
2574674,NeuroIMAGE,1,1,2574674_S1_R1,37.8,0.0,37.8,37.8,37.8,23.72817054453649,0.46224653958096323,23.711030606219644,22.739859403120843,24.646894816975845,0.28402451146622615,0.014649485608299885,0.2822240117338635,0.2512355417629523,0.3153507829553058,0.44143164415049446,0.022690167455641848,0.4399588630707213,0.4056267504031231,0.49074216042833224,0.5936677442398232,0.002699123099946169,0.5942402302051393,0.5869117237538211,0.5973080850273831,0.7014561368639834,0.006523910857134473,0.7006565117402124,0.6882353196359429,0.714785283750143,0.604357450897313,0.014334281852650572,0.6046907515221736,0.5759421917596125,0.635198715741639
2578455,OHSU,1,1,2578455_S1_R1,37.8,0.0,37.8,37.8,37.8,24.483020262167468,2.082260418786358,23.305236890441492,22.326790206055893,27.023325694862166,0.32843990595527395,0.05754657388296665,0.2868436418022796,0.2760493067266854,0.3972156163091458,0.5125482786424762,0.06257787374288347,0.47936471576375367,0.44093187014791485,0.58913950747077,0.5768378765844537,0.017164009238593275,0.5886150561589013,0.5548677248677099,0.5929267613478088,0.7173819812501127,0.017503374567356244,0.7089636786752517,0.6989258785863656,0.7440590671581122,0.6172836047329264,0.05851603441798816,0.6495481837097896,0.5367253671878229,0.6768361574808093
2578455,OHSU,1,2,2578455_S1_R2,37.8,0.0,37.8,37.8,37.8,22.355807111102934,0.7495358874274017,22.420224261597582,21.12698298065286,23.240404387210546,0.26221797386691276,0.01896707292973313,0.26591127388571206,0.22894049096243924,0.28448694498708416,0.4189709087486355,0.024395207771961504,0.42728598552598995,0.37499457473126835,0.44170191794324204,0.5952040595315427,0.0018360226196533107,0.5946625823818749,0.5931495405179603,0.5980228348649391,0.6964051058469387,0.010276716756390634,0.7004410837238702,0.6788823556913489,0.706100933625444,0.6646988144739824,0.025012708741016475,0.6625648719210108,0.6331850141361542,0.7048497001579033
2578455,OHSU,1,3,2578455_S1_R3,37.8,0.0,37.8,37.8,37.8,23.270622820324366,0.32731870970345933,23.11123343235568,22.97970093833773,23.925744611338565,0.28681909664264366,0.012624676776572096,0.28550304578388647,0.2705326739823913,0.31244117374831337,0.4418053794609133,0.018294638781326936,0.43875160429441606,0.4198334756618275,0.4789436441420679,0.5928705508627513,0.002510810858025827,0.5930752807945769,0.587696092082057,0.5961199294532608,0.7075961739817059,0.0055016604534557905,0.7055027604081862,0.7031586054040636,0.7210558925995221,0.633565371137927,0.007228802908621046,0.6362374280943773,0.6212313016039919,0.6415227625569869
2601519,Peking_2,1,1,2601519_S1_R1,37.8,0.0,37.8,37.8,37.8,27.112849604884527,1.5491871933424983,27.1621089364353,24.237263490024365,29.88153255048551,0.3905868852836247,0.04478908505209929,0.39268504994548475,0.30461279967766874,0.46460841330221153,0.5493616306909654,0.04517111572209104,0.5578913963750891,0.4519024512151946,0.633503859271226,0.5679039513870405,0.014209407152834813,0.5661375661375492,0.5366824468578876,0.5932052353104905,0.7431234285668776,0.014986511167862562,0.7441656454287755,0.7132818876917859,0.771094866570148,0.5013933415836558,0.050970175138222364,0.5061247662925614,0.39077783386144954,0.5875479708505321
2601925,KKI,1,1,2601925_S1_R1,37.8,0.0,37.8,37.8,37.8,22.501060774534363,0.45612301749642314,22.42537433128608,21.807617182166954,23.26228025743836,0.26876177990471595,0.013307119367211075,0.26630693706994657,0.2445001479375218,0.2944534081563082,0.43909036586012407,0.02570012700902582,0.44025827734642153,0.4031097604070959,0.4908642911296437,0.5939639547211073,0.0023028515285451337,0.5940685045948134,0.5885825675299258,0.5968161143599728,0.698647370413772,0.00564792323162168,0.6971235551088479,0.689159363430679,0.7069694174458206,0.6645724630668234,0.012390362142852548,0.6680480591817939,0.6416174661263354,0.6857799425941097
2618929,KKI,1,1,2618929_S1_R1,37.8,0.0,37.8,37.8,37.8,23.081911894076416,1.037393519778313,23.018974282553323,21.592408808281547,25.077422259355846,0.29410732815106133,0.03423681240821611,0.29585703376332084,0.23614126685245676,0.3594553103676927,0.4591196822987062,0.039215482029197064,0.46673930269413627,0.3964190058417867,0.5337367677577999,0.5895323103079317,0.006688702199960392,0.5910517033323971,0.574450013923701,0.5966490299823628,0.7107667716056213,0.01690168042618964,0.7128334908660764,0.6805013887236359,0.743481839007647,0.6500584793319003,0.029840696418106622,0.654589103719578,0.5941595933457929,0.6947372865424585
2620872,OHSU,1,1,2620872_S1_R1,37.8,0.0,37.8,37.8,37.8,26.47389395996841,2.5477505036558323,24.954111845869768,23.95130482598355,30.186189017170353,0.38688511397631714,0.06706826590207314,0.3470510837102951,0.31602319280099234,0.47866384693617214,0.5489815853108365,0.04955613583458962,0.5226668936294387,0.47510125184094254,0.6177837587216863,0.5693630165949809,0.01720450345803869,0.5783300844704353,0.5446820755592726,0.587542931402578,0.7486274218763852,0.02339293920152911,0.7374052280833471,0.7232807062697116,0.7795092841531214,0.5320900045352582,0.09550591924120218,0.5910968765612268,0.388975355951144,0.6130039353285683
2620872,OHSU,1,2,2620872_S1_R2,37.8,0.0,37.8,37.8,37.8,25.113821056154038,0.5831660745943028,24.896011513157895,24.58038676412482,26.361645465148122,0.34656963117768425,0.015542936654785728,0.34438225774007214,0.32789192121616845,0.37929281690269795,0.5200480929015527,0.017992789771140806,0.5242709582387349,0.4921084816835239,0.5504063187337889,0.5782559278855485,0.003880827516926409,0.578348649401274,0.5714489928524874,0.5849995358767228,0.7297040170839117,0.009675746795608852,0.7315137721141617,0.7140886636864571,0.7445209814601652,0.5871196243627159,0.020280478178360366,0.5951246107398086,0.5480153701558348,0.6065616894883719
2620872,OHSU,1,3,2620872_S1_R3,37.8,0.0,37.8,37.8,37.8,26.349988793699364,0.7752799807224505,26.587501840842396,25.206832687478318,27.41065330066179,0.3927646699945532,0.029732107366171864,0.3942313994649186,0.3467792515254755,0.43371952944131764,0.5539707565593223,0.0406066216152954,0.5522992613771742,0.4904767840857647,0.604617138190912,0.5683735057809041,0.010192068346212627,0.5711547386985877,0.5523224728487899,0.5828877749930219,0.7525535353219248,0.007700271389332277,0.7562822018536065,0.7391864516251704,0.7586677055590842,0.5486805548588678,0.013113159038508295,0.5487998408515684,0.5331589613608815,0.5700441533428352
2621228,KKI,1,1,2621228_S1_R1,37.8,0.0,37.8,37.8,37.8,22.61498711824087,0.7715907741439645,22.800109969314775,21.25360270424893,23.923034032395012,0.276879849829097,0.0223847275624148,0.27887484813021335,0.24044668771654254,0.32228757861326723,0.45924563381300443,0.0337220779211386,0.46548785683851723,0.39962346551700006,0.5035779455436689,0.5904825416367396,0.004070185034351401,0.5911538104520543,0.5842058850830751,0.5967789844982804,0.7017972881464082,0.011262767870349306,0.7042101340260658,0.6816901081512076,0.728155027309131,0.6724958994710448,0.022201690721178783,0.668427836504928,0.627164511320751,0.7106240597401313
2640795,KKI,1,1,2640795_S1_R1,37.8,0.0,37.8,37.8,37.8,22.201419237132217,0.7642787178878959,22.043325254164245,21.226529343190947,24.058256500645687,0.2618218898653996,0.02160564118362383,0.2555208844039214,0.2338665479434546,0.3138390940287465,0.4262591181604738,0.03175620628894664,0.41709053208736613,0.3939665280886899,0.5114326796585799,0.5943609022556353,0.0034603830236721272,0.595711500974657,0.5844982827438837,0.5978000556947913,0.6973233761505854,0.01181639330257819,0.6915698989569248,0.6828748778776161,0.7218680736543799,0.6750937307086595,0.021572320325996548,0.6824924302014824,0.6314299641728435,0.704324008582927
2641332,KKI,1,1,2641332_S1_R1,37.8,0.0,37.8,37.8,37.8,22.40015329765646,0.41340294953913853,22.40275505781174,21.64196632347609,23.133367797889207,0.2685711434020373,0.014469057479857985,0.2666881158859854,0.24314027304054617,0.291743661510408,0.4342705292269015,0.018814078383549735,0.43476890990450695,0.39788906641028177,0.461025393764063,0.5935494600699248,0.0022196461044718223,0.5941566880163351,0.5892787524366407,0.5965747702589781,0.6987500242631643,0.007030416862559222,0.6989852504683751,0.6855611237011521,0.7138130515566731,0.6709913841647644,0.01185894469097967,0.6714028894336932,0.6506960164152855,0.6941966502738178
2659769,Peking_2,1,1,2659769_S1_R1,37.8,0.0,37.8,37.8,37.8,25.13358004481863,0.6696618315250883,25.15705681537327,23.33239588737488,26.158488187037015,0.3301386751638244,0.02281654649552466,0.33183416477729855,0.27036436765931193,0.36595376242615973,0.498092823821137,0.03272322359983818,0.5024258964445455,0.42173583541337856,0.5649993129036691,0.584061667266627,0.005705247311450055,0.5842987097373001,0.5740555091432289,0.5955722639933126,0.7208242383837441,0.009198059822842932,0.7216659759942138,0.6940956888947806,0.7367608835371966,0.566526109019772,0.017211568669098443,0.566453406635482,0.5385987163585927,0.6204642595288083
2671604,NeuroIMAGE,1,1,2671604_S1_R1,37.8,0.0,37.8,37.8,37.8,25.045996488184077,1.0548753442340035,25.012415361404422,23.233794488091217,27.43599315881729,0.32653149112372143,0.03144818295974625,0.32196481551626666,0.270941205708684,0.39396631014056804,0.5127724491134424,0.05648523289495299,0.5105046584942843,0.41754686260593665,0.6087153367289191,0.5818221277832173,0.011091948931813315,0.5841409078251032,0.5535588972431049,0.5960920820569938,0.7140540916109908,0.008583802862790549,0.7135128521651546,0.6959691460238077,0.7348386435961263,0.5801913985114259,0.021557105407594597,0.5834126878568171,0.5318048329049251,0.6212741871857437
2682736,NYU,1,1,2682736_S1_R1,37.8,0.0,37.8,37.8,37.8,25.57229159931955,0.6101636162977663,25.38099564251147,24.353170515361587,26.84320861038409,0.3478117557833526,0.019840039671397948,0.34791553994347046,0.3063754375745631,0.38596383101147047,0.5145706566418853,0.03117589745139856,0.5063182060373238,0.4667401221421229,0.5879554479636484,0.5802896129211865,0.006225546132968885,0.5820245057087179,0.5663603453077121,0.5885175902719672,0.7290191131289103,0.008736087094162286,0.7306165263693187,0.7133577619479705,0.7507270468935627,0.5557878817329382,0.014972569093992107,0.5572820542350648,0.5279712972120467,0.5920514864531177
2682736,NYU,1,2,2682736_S1_R2,37.8,0.0,37.8,37.8,37.8,25.015836414105227,1.0085110318045365,25.041990329717336,23.261835916732487,27.059410548210145,0.328714319165666,0.02950426716239692,0.32856677389513844,0.27946724810489143,0.3858672554028622,0.506316109264023,0.04443848616929508,0.5071495113823222,0.4221132448693645,0.5974926317148205,0.5826110614979262,0.00860584659160474,0.5842383737120513,0.5612689130232811,0.5944398032117295,0.7183367071324749,0.01070731843687801,0.7208180425283965,0.6992441064522164,0.7353231877731359,0.5766612462721377,0.02631605705065007,0.5752345751268689,0.5322320384323281,0.624953199337532
2697768,Peking_1,1,1,2697768_S1_R1,37.8,0.0,37.8,37.8,37.8,24.359067877075027,0.7646377366223961,24.32547602026086,22.869112360791156,25.613244906224704,0.3040271954855486,0.02225253790604631,0.3026699166791741,0.2562057652985872,0.33913132424072484,0.4634158656761522,0.03045584376747638,0.45947866336432663,0.3979510578309623,0.527690280855141,0.5898629817542893,0.004739344757890978,0.591497261672701,0.579954515919418,0.5974101921470313,0.712147713154941,0.010832626311089754,0.71228674007137,0.6904494232196228,0.7309081222606248,0.5853239137680275,0.023547679104548098,0.5827043000319249,0.5465593247319357,0.6325143206504619
2703289,KKI,1,1,2703289_S1_R1,37.8,0.0,37.8,37.8,37.8,22.454476487471453,1.1382801328373349,21.989810325911172,21.378293244148555,24.364674784007825,0.2723986891864968,0.03036870553920086,0.2562137503814526,0.24008906319002712,0.32456400865448803,0.44260071079122415,0.05278418252677717,0.42218144750254843,0.394806151057744,0.5424120516990499,0.5920222095198961,0.005773124481734002,0.5951452705838697,0.5798663324978979,0.5971224357189258,0.6990450598156834,0.012890993263603724,0.694604307893559,0.6830442927670229,0.7189548883502294,0.6722559793405275,0.03176114610916664,0.6884084390319181,0.6163958278017037,0.70473340875888
2703336,Peking_1,1,1,2703336_S1_R1,37.8,0.0,37.8,37.8,37.8,25.143607148264127,0.655203389396246,25.159980272619347,23.833664319389744,26.66446923205727,0.33421148258405897,0.0212038894636695,0.33323629947708616,0.29548779048342955,0.3881078105539739,0.504119122429728,0.03348427461254696,0.49997679399030653,0.44810007048180817,0.5931854723017708,0.583593242365166,0.006349001595617299,0.5840573656363116,0.5627448250255201,0.5933444722918415,0.7248695069651702,0.007477190634177075,0.7248066941161463,0.7092339287990092,0.738803553195177,0.5674862651950094,0.017743836353500478,0.568793132948497,0.5271564799011069,0.606180786464049
2714224,Peking_1,1,1,2714224_S1_R1,37.8,0.0,37.8,37.8,37.8,25.373204592677535,0.67280077107098,25.430047067842985,23.982298570871354,27.084384387417842,0.340364180128446,0.024408158929082675,0.34497767361170467,0.28947083606427004,0.40026981352664914,0.5013739770431175,0.028190124975340104,0.5053712117924909,0.45151658670181,0.5583955301672018,0.5833247979931702,0.005849253358203678,0.5816624895572229,0.5704353476283213,0.5936693585816342,0.728437475830292,0.010993615549602721,0.73116727683061,0.7071015603467378,0.7561416397732327,0.5557102964441564,0.019203754012773334,0.554186339718291,0.4979819024581824,0.5889004023136186
2730704,NYU,1,1,2730704_S1_R1,37.8,0.0,37.8,37.8,37.8,25.56298944683992,0.7912674122816423,25.692618393270592,23.6985261979856,26.837333801545594,0.3431723560815695,0.024997404136497717,0.3474818060158039,0.2866662394490501,0.3803382420607376,0.5065611039104213,0.02850359884407664,0.510739035272876,0.4463457724408223,0.5688310798073792,0.5825379220720996,0.006214524367749085,0.5819966583124432,0.5678548222407794,0.5935208391348664,0.7282203663087725,0.01168180540748246,0.7292694208602455,0.70439407610328,0.7510321119888911,0.5493916634080629,0.024094233985469733,0.546213280669961,0.5124314143743331,0.6072014693495491
2730704,NYU,1,2,2730704_S1_R2,37.8,0.0,37.8,37.8,37.8,25.669059371245105,1.4997997582313582,25.484134120062777,23.302306258364727,28.557920366211942,0.35106941624896065,0.04350694918349599,0.34919393432729173,0.28175582781689246,0.43400143360067855,0.5167171127103553,0.05921810989557296,0.502097036795832,0.43906534783231965,0.6470794018378458,0.5766288006094317,0.01720261905749204,0.5827160493827115,0.533856864383171,0.5949781862062502,0.7277287350314567,0.01381473625332211,0.7275257527593386,0.7022551409925358,0.7507664401738628,0.5545501304061535,0.03709347310902157,0.5505914206559265,0.5015426112927623,0.6251296069422195
2735617,NYU,1,1,2735617_S1_R1,37.8,0.0,37.8,37.8,37.8,24.97123250301434,0.5344185988630648,24.960223857980026,24.060550813298477,26.234444696024845,0.3256127862488526,0.016915711338977533,0.32446827092396474,0.298183519142682,0.35694093686522255,0.4918212451395133,0.02727315575139698,0.48639481853370636,0.4518187487008938,0.5562129825292419,0.5857815035673435,0.004383245390917725,0.5870880905968574,0.5759676970203306,0.591803583031651,0.7215071376942972,0.006932478030743223,0.7224373147652194,0.7077909138296875,0.7373291648303516,0.5701410762074735,0.014713631933432381,0.5691020709530153,0.5342298439670425,0.5999475163292732
2735617,NYU,1,2,2735617_S1_R2,37.8,0.0,37.8,37.8,37.8,25.479639854167203,0.6131908707124696,25.695194687341388,24.325991191989498,26.54606611352218,0.34168779630209467,0.01884625000381878,0.34301682490942265,0.30509550189449186,0.37141463470852765,0.5026821644254942,0.024201768521419156,0.5022903144065649,0.45965441356263753,0.5609452140152423,0.5828484045362381,0.004563699708994783,0.5825489650051007,0.5722129397567933,0.5912002227791624,0.7287033779925323,0.009623394801931204,0.7292374925324919,0.7116168102820907,0.745589503232197,0.5524022514390899,0.022134507290806224,0.5525521447817219,0.5194567468497654,0.5887189556615527
2737106,Peking_2,1,1,2737106_S1_R1,37.8,0.0,37.8,37.8,37.8,25.108773069410788,1.0245784344293871,24.857769399567655,23.4020740320808,28.025507073653372,0.3275599639286041,0.03175667649278564,0.31810652090411556,0.2764362023053132,0.41478141848473243,0.4954160801545396,0.0491727649311621,0.4783395062138853,0.4284846071630656,0.6039813983845965,0.5848677475078796,0.010005711980072662,0.5893437296946007,0.5533175531421238,0.5951452705838647,0.7212361094741753,0.00973659076212625,0.7207952197812589,0.6994688109565208,0.7409611829626656,0.564372528046316,0.02567716234458852,0.5687763496515512,0.4973563837427444,0.6112717166762935
2740232,KKI,1,1,2740232_S1_R1,37.8,0.0,37.8,37.8,37.8,23.342115972775172,0.6968548420427536,23.528816086367556,22.009326502837634,24.40103859524978,0.2960335605645166,0.02285518145361358,0.29718108360086876,0.2516526803767618,0.3369422256379857,0.45955259564381334,0.028890811668834997,0.45463489868637985,0.41356624474887094,0.5197456332919729,0.5898537767420422,0.0047460532261497405,0.5913116123642363,0.5802608372783719,0.5960827995915707,0.710753299267887,0.009921262855026881,0.7108737870833033,0.6899944163814931,0.7286996778529622,0.6386630387707125,0.019998904749710247,0.629826181846487,0.6139315280732389,0.6773694020863265
2741068,NYU,1,1,2741068_S1_R1,37.8,0.0,37.8,37.8,37.8,24.35586354192718,0.6593467976169165,24.321971625403354,23.00236842569552,26.305438178463987,0.309266679905483,0.0211682188720242,0.30725012832476434,0.2707517102187406,0.3722738893313869,0.473828547619574,0.03066679438017713,0.47250074952530063,0.42044985555096986,0.5514662874313305,0.5890819001526736,0.005449101792824254,0.590114174324691,0.5694885361551928,0.5959806924719149,0.7136181217158021,0.008589460024550275,0.7135975434992141,0.6960536512170739,0.735668246520721,0.5907012517645193,0.0188807075827437,0.5904311371095264,0.5391093504923494,0.6290553610310253
2741068,NYU,1,2,2741068_S1_R2,37.8,0.0,37.8,37.8,37.8,25.242719747539873,0.8671969363384562,25.304055820640766,23.756001610504953,27.151253891618627,0.33538283096982724,0.02758546955897553,0.33930290899494725,0.2862033040435081,0.39453546842724646,0.4930380768441438,0.028646198506522724,0.4965251305832614,0.43755544534398816,0.5499143865132902,0.583191599688871,0.007883417470226431,0.5843079922027219,0.5613450292397599,0.5946625823818764,0.7262915547500756,0.011241596338193254,0.7248790533519798,0.7052057345667219,0.7559663654855381,0.5612567514866534,0.025272399886795048,0.5614084320757523,0.5073730343664897,0.6040818703436844
2756846,NeuroIMAGE,1,1,2756846_S1_R1,37.8,0.0,37.8,37.8,37.8,24.55865959478734,1.1484681648217279,24.526882124574563,22.86550946894445,27.320920052653864,0.310811338864413,0.03538324388199121,0.31327639662990187,0.2591728635055492,0.407566051963048,0.47256331213221364,0.0477742392205699,0.4659045178473561,0.40227563408139444,0.5821945422908797,0.5881841479705642,0.008961838095437349,0.5900909681611372,0.5608874036944105,0.5971224357189251,0.7132825843257619,0.01379329734782338,0.7145471322850611,0.6894220415611293,0.7460059064626287,0.5807745130824284,0.03170559782046225,0.5796017034443532,0.5117846719769176,0.6326983925825506
2768273,KKI,1,1,2768273_S1_R1,37.8,0.0,37.8,37.8,37.8,23.401768550351058,0.8041127001393026,23.327900123282483,22.182354602374527,24.840811263887506,0.29429692971109106,0.023526519460609595,0.294540406853475,0.2635773317359699,0.337076456237156,0.45674441707488167,0.026247484763696875,0.4557720038453322,0.4164873236852689,0.510947005235919,0.5903457474094569,0.004659011682840749,0.5909588786781742,0.5796110646987801,0.5959528450756528,0.7094124362235239,0.01094350245662034,0.7108911059112534,0.6938665862055081,0.7291640364584278,0.6332573176675172,0.025697266442155645,0.6303172893293121,0.5940291291954988,0.6784717422662356
2773205,NYU,1,1,2773205_S1_R1,37.8,0.0,37.8,37.8,37.8,24.913738780575528,0.9298204489996337,25.013088052523763,22.81499524116516,26.472582648929798,0.3234677582235735,0.029779396633257193,0.3308189699046024,0.26834842345601145,0.3666344160111752,0.48488361524148405,0.036383702782853564,0.5014352465663496,0.4220415918927478,0.5309847644620863,0.5856825652893337,0.006719725321414355,0.5849624060150292,0.574115845168464,0.5957950431634622,0.7203004211177867,0.01102803784579994,0.7213196434422494,0.6970262350789382,0.7365629421364678,0.5709597788057931,0.02745399927466388,0.5753715372888931,0.5185945896310947,0.6392606393071278
2780647,Peking_3,1,1,2780647_S1_R1,37.8,0.0,37.8,37.8,37.8,26.025703656367373,0.9548177708184472,26.18142356056916,23.988238798944575,27.858071947097777,0.35829461535091794,0.028070111293884318,0.35728197073444407,0.29629696660810173,0.413323587451332,0.5219254286692467,0.031525655694143354,0.5247397947219367,0.4535680770329267,0.5732422700454753,0.5786116601349707,0.006911533516177267,0.577819548872168,0.5636684303350872,0.5932052353104919,0.7347799787645396,0.012415014443976118,0.7335696304823116,0.7097286421214054,0.7604134841239196,0.5351031744847159,0.032111823366081385,0.5312794436488235,0.47647960567766495,0.59878994773869
2790141,OHSU,1,1,2790141_S1_R1,37.8,0.0,37.8,37.8,37.8,27.62264141346279,1.2034386391453835,27.521526391882645,26.088923566592367,29.32334467109881,0.41178529105780987,0.03467606749981579,0.40460681900331597,0.37274382489055324,0.46585107066910925,0.5735306041740371,0.014029318318691064,0.5671950495888786,0.5585605373130877,0.5970153898822028,0.5560003919263119,0.011114781913473253,0.5597790773229319,0.5384349763297128,0.5679754942912779,0.7491629629591557,0.008981738731764105,0.7477383760954416,0.7352355063118315,0.7653616990996599,0.5036372114461286,0.04170757137378943,0.49913134474636156,0.444062914133935,0.5551456251937146
2790141,OHSU,1,2,2790141_S1_R2,37.8,0.0,37.8,37.8,37.8,24.77180054013492,0.25159566106023695,24.83473143514834,24.388131224481683,25.278470878224624,0.3358553290718375,0.009284969658508418,0.3348917023997042,0.3233848422827313,0.35448645635714093,0.5086136349653823,0.014363968346178086,0.5068498306360557,0.4905617249852378,0.5384020751378558,0.5790211124519026,0.004327605717760637,0.5799870045483949,0.5711640211640202,0.5832962034716357,0.7278636897979204,0.005366259548277782,0.7285003842400315,0.720730850769802,0.7380925415144575,0.5999625015286084,0.008236236735167667,0.599027734867081,0.5878809091308528,0.6113397919876069
2790141,OHSU,1,3,2790141_S1_R3,37.8,0.0,37.8,37.8,37.8,24.86913023726982,0.7622032084323674,25.204745696720323,23.624905089328163,25.83183976976495,0.34030415185034124,0.023676598299642516,0.34697061962485914,0.30113105063753126,0.3696304593156969,0.4927879587535118,0.024503495726801945,0.4967886285864701,0.4545802465760914,0.5246049941136378,0.5826557133574622,0.005209952206020694,0.580724960549514,0.5765153624802678,0.591088833194094,0.7336593738117483,0.010993947425160038,0.7320188241181926,0.7149045019586144,0.7490273690936033,0.5857646431549708,0.022553658689702282,0.5832458029547564,0.5553843239329048,0.6206896313250613
2790141,OHSU,1,4,2790141_S1_R4,37.8,0.0,37.8,37.8,37.8,26.207167497782677,0.6559204282545383,26.318067491054535,25.263911801262907,27.484206559783534,0.37919367356963574,0.01860959673868968,0.37980835023162657,0.35033804358772974,0.41488352476455304,0.546741636956139,0.022019889896530316,0.5415228785112773,0.5307026095488481,0.6036439601145737,0.5693456893261941,0.006553098511985252,0.5700547665459875,0.5552399517311846,0.5790958878678154,0.7372863610157299,0.011316722168687468,0.7409695560214166,0.7171959794435199,0.751653077443869,0.5531865324174832,0.02623985390634131,0.5476375354727275,0.5190929196731389,0.5862928575972799
2821683,NYU,1,1,2821683_S1_R1,37.8,0.0,37.8,37.8,37.8,24.80276993695924,0.47879262928497923,24.8219571533956,23.812801933602284,25.69319941809303,0.3181421535561413,0.016632822991014356,0.3189966278592506,0.288087571383521,0.3556829621783787,0.4779996990741142,0.024935132346848143,0.47337837199414184,0.4352248057686535,0.52887690903106,0.5886009724182678,0.003802858873887033,0.5891766453169918,0.5794114916921822,0.5950802933259033,0.7191571887556844,0.008111512487631574,0.7223156444722015,0.7024983697006926,0.7324866183693614,0.5708204603741562,0.01351931670467919,0.569992906534051,0.5486217948727141,0.6005094275056934
2821683,NYU,1,2,2821683_S1_R2,37.8,0.0,37.8,37.8,37.8,25.78575666004863,1.1415862989425474,25.939106581713023,23.545105256532366,27.942118985401958,0.35131207072274206,0.0358847703600865,0.3544085514320514,0.28206399521414083,0.4111854890828391,0.5001492375650862,0.037406366353058766,0.4969441767757435,0.4353688371643008,0.5674911458928368,0.581921822436038,0.009265589014711183,0.5842755035737434,0.5585008818342294,0.5947182771744134,0.7330402100431818,0.01302353499728423,0.7374242741229527,0.7070013125452658,0.748492028465481,0.5364485075498534,0.03530209438635125,0.5279697096271456,0.4754100661495541,0.6139285760581809
2822304,KKI,1,1,2822304_S1_R1,37.8,0.0,37.8,37.8,37.8,22.54465966838879,0.5441035637414288,22.669554247354206,21.68377377045782,23.505724682933405,0.2744852785261152,0.017128615546628402,0.27827218242606366,0.2466808338378827,0.30298103286736955,0.44070584610447266,0.025065876082763245,0.4484827772045244,0.39788597365833933,0.4833362767111537,0.5927357379804257,0.0030445941265250984,0.5927875243664651,0.586791051703331,0.596732572171165,0.7014243429801257,0.008237188297127938,0.7043821594296046,0.6887620868179797,0.7124863441816867,0.6681605706284234,0.013518709886658478,0.6674972003978861,0.6471013848992717,0.6910067126499315
2833684,Peking_1,1,1,2833684_S1_R1,37.8,0.0,37.8,37.8,37.8,25.183573313656147,1.1154302131465648,24.915012459378495,23.53255998931433,27.854381627785532,0.3295390860607906,0.034666198352289165,0.3269286197317008,0.2758006381182055,0.4083271795427508,0.4952437256894657,0.04810176521572616,0.49055890524883283,0.43300555082014924,0.60679041414178,0.5839610543975061,0.010916031072876876,0.5874501067483462,0.5518973359324184,0.5956186763204303,0.7215551452949986,0.010849755117756286,0.7251761267655215,0.7008055036001759,0.7378622562076461,0.561957752364233,0.027547427164347525,0.5648379692490869,0.49809889900289317,0.6058182149785237
2845989,OHSU,1,1,2845989_S1_R1,37.8,0.0,37.8,37.8,37.8,24.731819223521047,1.201992484178547,24.622175466386896,22.78841316103935,26.69623308558213,0.32828563612822165,0.03935887905682923,0.31443918622492206,0.2696308376137752,0.39265425138349325,0.4840243830217412,0.04217104654859607,0.47366461574636515,0.4338207055467164,0.5577579492348576,0.5842779788978556,0.010199974322985719,0.5895850737955995,0.5651294903926308,0.5935672514619847,0.7269270656135927,0.016078365350784645,0.7212512892439817,0.7006189514673318,0.7480389126245119,0.5820565411694042,0.039254947366922435,0.5743060795751597,0.5316300067288137,0.6502430761135976
2845989,OHSU,1,2,2845989_S1_R2,37.8,0.0,37.8,37.8,37.8,26.0429352247227,0.6969599814133729,26.09419649964885,24.37655384289591,26.748449245879524,0.38263107774118976,0.021984098288725537,0.3844676983351994,0.33562452787656316,0.4066653303757751,0.5456394926790187,0.03336268799295782,0.5344566133108677,0.49705932104146877,0.6010096878615419,0.5729096403560295,0.006896122348509688,0.5746681518611307,0.5606052167455615,0.5839320523530921,0.7505356651611463,0.006611669734583989,0.753687100552846,0.7381080773399157,0.756683578836366,0.5446589378080264,0.024286653021168447,0.5425481826008877,0.5213192023031893,0.6047893534361304
2845989,OHSU,1,3,2845989_S1_R3,37.8,0.0,37.8,37.8,37.8,25.206794666616542,0.44326728759078843,25.223346321206343,24.212931504375057,25.722265193336888,0.346055723026679,0.012165599606421502,0.34946928560128093,0.3285891901639117,0.3640368723917648,0.5098723334725328,0.030165956221602754,0.5039464351945238,0.4756540495407737,0.5641742504207914,0.5818991924255036,0.005528771429294486,0.5846189547943872,0.5715863733407608,0.5867075095145202,0.7367948432815743,0.004885466658399661,0.7383509381404351,0.72634158266142,0.7417065297264532,0.5700530692010555,0.027464189485577432,0.5568526865047719,0.5397221590276882,0.6169752222686317
2854839,NYU,1,1,2854839_S1_R1,37.8,0.0,37.8,37.8,37.8,25.15354790159665,0.7776375465955766,25.203929780031505,23.65566135142979,26.340806989920768,0.33235929128532365,0.02657907150419818,0.33368978066227756,0.2822274888481288,0.3732836002970507,0.5022306689753653,0.0318553790971624,0.5081315751773624,0.4349559681843493,0.5475035188891595,0.5835820073811523,0.006470420443989467,0.5824050867910467,0.5716838392276838,0.5948946440174465,0.7220809867261846,0.010587816924374008,0.7243488615842854,0.7016693328347124,0.7436536700372143,0.5678497837373575,0.020289690190889356,0.5630559349783746,0.5306771219125268,0.6075045785891315
2854839,NYU,1,2,2854839_S1_R2,37.8,0.0,37.8,37.8,37.8,24.787553723472865,0.796125264428491,24.63074867537147,23.62415723361467,26.123144396982696,0.31908043658256485,0.024468798972302103,0.3124533974912576,0.28497770715738313,0.36026447460049,0.4871687697014745,0.039405720581092984,0.48229109020475924,0.4310312402047853,0.5609114861335089,0.5868974799706738,0.0066967232680846915,0.5896732572171133,0.5724496426250679,0.5954794393390866,0.7192078950300139,0.00964576378902565,0.717253545906689,0.7046620214296739,0.7382160742578874,0.5769558202024258,0.021039521447444625,0.5800393309741921,0.531601234751802,0.6097758485493439
2876903,NeuroIMAGE,1,1,2876903_S1_R1,37.8,0.0,37.8,37.8,37.8,24.25597145964543,0.8090252826970138,24.112112295627597,22.81568900754577,26.18007966405467,0.3035671097802123,0.025997871077614514,0.2960218097090821,0.2605424855036102,0.36649610374907987,0.46793712767687107,0.03214858160856396,0.4592660176318084,0.4201141816978322,0.535410619771214,0.5893338418510008,0.006259793410416632,0.5921191868560253,0.5711315325350377,0.596184906711222,0.7081599605579257,0.010906208937364935,0.7057244675244221,0.6892142724856309,0.7329549045681418,0.5942160119965907,0.021864809527973875,0.5960212155259508,0.5439084701437168,0.6366239707621317
2884672,Peking_2,1,1,2884672_S1_R1,37.8,0.0,37.8,37.8,37.8,25.318957932983956,1.3284186862676801,25.378406899226338,23.36383228552969,28.12504853072919,0.3378166289593732,0.0404576873007488,0.3375169186143606,0.2698225336805339,0.4274783259426003,0.5047682874966221,0.054922724177199726,0.49810923699901155,0.418934136625329,0.6340115773782874,0.5821771683046761,0.01210668495701597,0.5848231690336815,0.5500918964076876,0.5957950431634637,0.7237747807857331,0.015692339625751568,0.7219032416104914,0.6999425868298648,0.7587843148750657,0.560720584931767,0.03466864418901344,0.5613091155733115,0.48913908461547106,0.6101564989137105
2897046,Peking_1,1,1,2897046_S1_R1,37.8,0.0,37.8,37.8,37.8,24.640260500611024,0.7437669671239405,24.588915304761183,23.323105994337485,25.93409010046407,0.3156001827991642,0.023037296586473455,0.3120737217264891,0.2793481338391424,0.3534292465281187,0.48103285066663476,0.03815019160165801,0.471855405352557,0.42695987131730445,0.5573026562996791,0.5881800254928135,0.005659218932673591,0.5899470899470853,0.5769145084934438,0.5955351341316213,0.7159055464269672,0.009820672345674679,0.714218267272562,0.6994535332306887,0.7350057323094159,0.5797774956792895,0.018878238758820526,0.5813312839512306,0.5498357330879704,0.6155970661944249
2903997,KKI,1,1,2903997_S1_R1,37.8,0.0,37.8,37.8,37.8,23.75142373142012,1.0756268819373134,23.59778242581769,22.094343958089226,26.171970027371458,0.3088478480183039,0.032153759166423344,0.3021281053128366,0.261293358873084,0.3800574590124876,0.4836103692213985,0.05635451772684184,0.46836428710502986,0.4122507860699305,0.6195973995457038,0.5858410687211771,0.0103633161892862,0.5897684024876941,0.5560883690708073,0.5960178223336104,0.7140584688293224,0.010644741879479334,0.715194844809159,0.6949593058974276,0.7370169148901821,0.6345509687933618,0.023191958946066505,0.6390466980044804,0.5951100793332318,0.6743676967074432
2907383,NYU,1,1,2907383_S1_R1,37.8,0.0,37.8,37.8,37.8,28.418985498535655,1.7813901925572917,28.52953357257341,25.618339574337007,31.272540668437355,0.4303962055964914,0.04337543375381839,0.4349381393664658,0.35466674598516995,0.4937593151589948,0.5994735550401987,0.054913111420094494,0.59875435764816,0.5076683181019679,0.721960755288719,0.5510559330272456,0.02414773478395167,0.559141371948385,0.5010384205664442,0.5819502459853303,0.7488818311331851,0.024369536639614817,0.7562513295749829,0.6813726041385282,0.7861325694524361,0.47707682706993804,0.045707677444216846,0.464468470140275,0.39698416505209155,0.5486002605826501
2907383,NYU,1,2,2907383_S1_R2,37.8,0.0,37.8,37.8,37.8,26.51390910010156,0.8202713601490659,26.547490236633703,24.963355068156595,28.055662087390296,0.3723349808689537,0.024164424309629045,0.37364639059621463,0.33622476746639113,0.41858356554942916,0.5388461719535191,0.03829533155630165,0.5266530334014996,0.4802539351944567,0.6194181711625181,0.5733530825787286,0.008469995499897595,0.574403601596576,0.5552687273739918,0.5862619511742273,0.737716572330081,0.007031060233849595,0.7379831715306002,0.7269799909140033,0.7531724199842194,0.5254479794958586,0.025044439319783104,0.5222308927477319,0.46975888838445334,0.5682994194961597
2907951,Peking_3,1,1,2907951_S1_R1,37.8,0.0,37.8,37.8,37.8,25.150026119367457,0.7267238446212972,25.31173774380433,23.558503754201688,26.441095066070556,0.3301137574330765,0.023937985338049923,0.3382563921695125,0.2756514136538866,0.3675945260645553,0.49322721769217265,0.03141513545186986,0.4987930223989633,0.4350615857558439,0.563780737704918,0.585283103875309,0.006381486187220792,0.5856493084563118,0.5665506358488788,0.5949224914137173,0.7240077592648642,0.010506214355855196,0.7255511327046711,0.7001222227580219,0.7404645589371285,0.5612346744906728,0.019676837015147965,0.5598895356337097,0.5274420049721005,0.606520935639934
2910270,Peking_1,1,1,2910270_S1_R1,37.8,0.0,37.8,37.8,37.8,25.298771176442255,0.83956005021464,25.09681820367512,23.894150018692017,26.971386991049116,0.3331005885438033,0.02368284845267084,0.32714394910006006,0.2897677239901216,0.3848568222107601,0.5002681394218348,0.04151847792981554,0.4851354178617948,0.4444655801408996,0.593669644513957,0.5837125560060877,0.008877926719357472,0.5875800612642749,0.5598719019771412,0.5947182771744167,0.722104986422492,0.006096246565832809,0.7227562405489103,0.7051609720655286,0.7340960124518103,0.5597892716435593,0.019159466881987035,0.5613859432615367,0.5203921152767913,0.595944154609448
2917777,KKI,1,1,2917777_S1_R1,37.8,0.0,37.8,37.8,37.8,23.367645007750966,1.2300500518189037,22.946024128637816,21.72284067304511,25.62716736542551,0.30244179084643436,0.03917523402246204,0.28654201719524824,0.25711286181796933,0.3814087182236935,0.47310930933052725,0.05262032461385553,0.452412501726111,0.417086606563488,0.5864726510086032,0.5870128252730519,0.00989383918411004,0.591956743711127,0.5651526965561845,0.5948760790866018,0.7107453075481388,0.014591796805642694,0.7057304556404469,0.6894123759653357,0.7409033811594485,0.6469895866221537,0.031368037254024095,0.6540142876977079,0.5866929321659538,0.6981465935806682
2919220,Peking_2,1,1,2919220_S1_R1,37.8,0.0,37.8,37.8,37.8,24.937724464909866,1.0494878712500115,24.840366304548162,23.134051819224105,27.810264227892223,0.32385263091131367,0.03322745298845509,0.32150165394484764,0.26925108049784374,0.41654141932025346,0.48935254773894415,0.050054014890740135,0.48035297376439395,0.4355810557920497,0.6425893565498753,0.5853634085212978,0.0103455171396872,0.5882576812401336,0.5546551564095403,0.5952380952380928,0.7200037566926633,0.012410671885136025,0.7205952066516376,0.6929856603300771,0.7500804291347807,0.5713802674171383,0.02648915949608481,0.5738884641711873,0.518169725608507,0.6273470166764595
2920716,OHSU,1,1,2920716_S1_R1,37.8,0.0,37.8,37.8,37.8,25.114475814396872,1.4052690070528477,25.58613010582171,22.965770740885482,26.628205520228335,0.3464274412274892,0.04271191099061288,0.35773017471877144,0.27872462850769464,0.3884691657704389,0.5142834004045892,0.03558337143608745,0.5359003075391535,0.45393712833747957,0.5489224098557326,0.5776353435027825,0.009319112335448194,0.5735264086141179,0.5691283764967934,0.5923512484915944,0.7270839457656526,0.014205031574306852,0.7297797644460243,0.7073430776004317,0.7489500648615465,0.5885828098701499,0.04604634957886241,0.5691445337667069,0.5361212740300326,0.6514130787476295
2920716,OHSU,1,2,2920716_S1_R2,37.8,0.0,37.8,37.8,37.8,23.04180724533678,0.7713954647608893,22.839221879369333,22.25277303520002,24.306085312993904,0.2863368400136296,0.020112931160863205,0.28298343966436884,0.2603562371260901,0.3233380968946484,0.4462364786860628,0.029506831131995072,0.43850910340089316,0.42004505266291003,0.5000905791443082,0.591783471023235,0.004081227284391021,0.5934372969460684,0.5844147405550915,0.5945604752622273,0.7052675507436338,0.010658239055974222,0.7045841095030031,0.6918383622724026,0.7234415978774349,0.6468873509196915,0.02402951317280166,0.6546317122600697,0.6120944490342445,0.6759448036082573
2920716,OHSU,1,3,2920716_S1_R3,37.8,0.0,37.8,37.8,37.8,24.71164729807809,1.4908397932945314,24.06305336324792,23.595583223041736,28.274824741639588,0.3286227994646933,0.04152966793305209,0.31299424590564257,0.29221612514264755,0.41726733076506,0.5004950269457311,0.07378426162782002,0.4739221397770617,0.43463179801971874,0.6610733561310176,0.5811311199810195,0.018032751236627544,0.5888610414926141,0.5373600668337571,0.5942355889724266,0.7198961526472201,0.013696044411322623,0.7153161207026401,0.7072656240947374,0.7448296824626247,0.5946306581994257,0.02963936412015054,0.5956159615908383,0.5391693406767647,0.6526970874247395
2929195,OHSU,1,1,2929195_S1_R1,37.8,0.0,37.8,37.8,37.8,27.173265219013594,1.9081225892384657,26.530209006133834,24.307539328775906,29.422300037584808,0.40225392260149095,0.05890671838752952,0.3934223500610463,0.3100527631023613,0.4745854685967997,0.595895034849594,0.0610468380791269,0.6038128161460055,0.4902190599341355,0.6608775005403329,0.554177728271295,0.020938399360570605,0.5542513691636405,0.5281383352561478,0.5883319409635102,0.7341418371071649,0.011165293098979106,0.7310047896911293,0.7180997971110019,0.7522181105740567,0.5444117034409999,0.045589061076374,0.5622774058648452,0.4890640385965556,0.6014695835790738
2929195,OHSU,1,2,2929195_S1_R2,37.8,0.0,37.8,37.8,37.8,24.934334124180307,1.2996563265125964,25.226172986783478,23.217409285118705,26.44292936827007,0.3365089983799652,0.042357006591445805,0.3469357356282538,0.280961698111605,0.3917240471990555,0.49227746820156987,0.044609002482321705,0.49673249317916074,0.4312647289866457,0.5456533037042347,0.5823148405994324,0.009742342729459013,0.5817692379095794,0.5697577276524546,0.594217024041578,0.7303324575370905,0.019344488101662137,0.7351838640790727,0.7053814623336471,0.7549344064792975,0.578651662389478,0.03995122369953583,0.56988970592008,0.5266543685244638,0.6282750026159252
2929195,OHSU,1,3,2929195_S1_R3,37.8,0.0,37.8,37.8,37.8,24.351705574292186,0.6688241170124887,24.43727175436522,23.10957074980987,25.393927217784682,0.3232533263580012,0.02305731959037362,0.3154545572725144,0.2906480437993816,0.35645035492656524,0.5046054643338418,0.03329835973731264,0.4953554911029239,0.4587199037183497,0.5570258457514541,0.5825479336200513,0.005742577830195483,0.5838345864661537,0.5721386800334124,0.5901977165134955,0.723006902877393,0.01094218557522541,0.7232583767825871,0.7074736382306932,0.7352330369875318,0.6132705760979964,0.020162661145606747,0.6075524794560759,0.5871529529633146,0.6540259133322064
2930625,KKI,1,1,2930625_S1_R1,37.8,0.0,37.8,37.8,37.8,23.675186271614646,1.044569965482597,23.122659433829156,21.975202267734627,25.656760228935042,0.3039280304953432,0.02948847798336796,0.29273372283427623,0.25293579866326077,0.35882022742881736,0.4918149933647644,0.0480743494614383,0.47633408136626393,0.41068663960835183,0.5842907360569297,0.5858691563215976,0.009294880742196377,0.5904204956836491,0.5637501160308144,0.5964262508122138,0.712054553331621,0.008370399081471613,0.7115721940378864,0.6923440311080098,0.7241236860311373,0.6387635104088801,0.021330704735876026,0.6461335157624396,0.6010281136924926,0.6767265430136797
2940712,Peking_3,1,1,2940712_S1_R1,37.8,0.0,37.8,37.8,37.8,25.510802696643346,0.7426833922661644,25.5534823505502,23.727695130674462,26.671605958436665,0.3441028112817014,0.021120911354506864,0.34524621435867325,0.2903710064236042,0.3867029547026805,0.5228472188018526,0.038026154656848735,0.5284312697717728,0.4317093541202673,0.5912758855365071,0.5811530859669399,0.006732616290932115,0.581746031746018,0.5640350877192823,0.5941056344565091,0.7268787529442688,0.007911535951900705,0.728931933297729,0.7092306813204793,0.7373343197486952,0.5593816239208795,0.020222541960194133,0.5558475766962732,0.5291309563969543,0.6165817253804081
2947936,OHSU,1,1,2947936_S1_R1,37.8,0.0,37.8,37.8,37.8,24.34345450840498,0.7934301060641484,24.183099624985143,23.239587723581415,26.04506923023023,0.31912289565284063,0.020097187306897434,0.31952696751964355,0.28667293235686,0.35921354970580066,0.5082017947790379,0.04118064675194808,0.48658676150277497,0.46931379500512094,0.5716594798653213,0.5810793444516593,0.007832779252788441,0.5849438410841888,0.5685278009839345,0.588155574120478,0.7165187881926182,0.00626110623063445,0.7173706023753634,0.7070396685975999,0.7250475788314551,0.6184245291621626,0.024010382283279053,0.618553813992354,0.5702437210966039,0.652911031818828
2947936,OHSU,1,2,2947936_S1_R2,37.8,0.0,37.8,37.8,37.8,22.544691794692422,0.39035602167221073,22.4934878559489,22.004203935045943,23.16813941911647,0.26975876288107664,0.01246528252842075,0.2684637880950206,0.2516960557589295,0.2927107184674382,0.44300943387617275,0.015858815139589786,0.43779076864649313,0.4287505481254111,0.4758966423053916,0.593147477747864,0.0018972810825352356,0.5931309755871127,0.5892044927132567,0.5957671957671953,0.6988124258217548,0.004978817168393151,0.6998159280627002,0.6919695070908373,0.7063767927060302,0.6667252170515443,0.01546481802515894,0.6690191188369147,0.6440672481451749,0.6842885264029778
2947936,OHSU,1,3,2947936_S1_R3,37.8,0.0,37.8,37.8,37.8,23.469095977251992,0.6488258409094707,23.58630072599963,22.582989063702133,24.468242789569654,0.2993156787272826,0.016061518885939745,0.3034146742496054,0.273690450049584,0.3225306399365512,0.45315863999088024,0.017751486928744967,0.45275241466600785,0.42285678864392423,0.4807720573497775,0.5911703126128034,0.001976662694702816,0.591098115659515,0.5881184442587831,0.5936507936507904,0.7126132114549977,0.009537485066193643,0.7145984281443745,0.698041969430536,0.7255831839288738,0.6295997279921713,0.023371071983576675,0.6225576993699394,0.5951330930268456,0.6593587986674689
2950672,NYU,1,1,2950672_S1_R1,37.8,0.0,37.8,37.8,37.8,24.982562322679318,1.0517549630487553,25.131688958092738,22.744963975642857,26.522516593807623,0.32870478629627875,0.03519030130385883,0.332384117423657,0.25939574848451685,0.3840208222336058,0.48820962754457675,0.04006781230816682,0.4910973379263099,0.40306530367493787,0.5488735626730871,0.5849227794902248,0.007529458404395529,0.5843915343915325,0.5713840155945351,0.5967511371020111,0.7231502055065503,0.014192472361878292,0.7242985076531686,0.692708243372079,0.7478561004484667,0.569810496408981,0.02963257216566265,0.5655217715738478,0.5239308158125063,0.6340838582809175
2950672,NYU,1,2,2950672_S1_R2,37.8,0.0,37.8,37.8,37.8,27.20007848538418,1.6459778434079266,27.279164079615946,22.901913604297135,29.819138344338064,0.39685783373164996,0.049601052548136744,0.405560392522695,0.2665514960647619,0.46969274962747465,0.5570067460289321,0.05269821129659486,0.5626222478559607,0.4149307992476348,0.6645757572600056,0.5667337564857191,0.014472422328721236,0.5660308177851839,0.538011695906456,0.596054952195298,0.7494899356662695,0.019287080336306786,0.7533734109936728,0.6972053362394965,0.7748695684804412,0.5026178205869177,0.0498506150873103,0.5022492196791619,0.4268410519782098,0.6305728351329569
2950754,Peking_2,1,1,2950754_S1_R1,37.8,0.0,37.8,37.8,37.8,24.890914033366716,0.8918831525799034,24.950665621381056,23.068731325551084,26.439635344555505,0.3211063279301881,0.026896445427367195,0.32498961841571883,0.26380016704292725,0.374314626953915,0.49106307885954953,0.04345960162276856,0.4849283447148216,0.41276493833073885,0.5809869407210102,0.5859334424588971,0.007180299726835413,0.5872180451127833,0.5684071289334461,0.5965469228627115,0.7167871255582734,0.010956720771748583,0.7188689923299518,0.6926179967102667,0.7350317520881113,0.5744856984387353,0.022875413652382045,0.5707562902716666,0.5336866983229388,0.6311667392775727
2959809,OHSU,1,1,2959809_S1_R1,37.8,0.0,37.8,37.8,37.8,24.552202148012253,0.9465146108339546,24.693315569350595,23.14969961643219,25.938601683942895,0.32762044781272454,0.027146204446644596,0.33583151221575774,0.2860456847930436,0.36636055928172645,0.5118504743325999,0.03328255152760895,0.5125606649435653,0.4477627236763892,0.5520247669205038,0.5825206019163054,0.005741542743149682,0.5823679569293481,0.5733361180729486,0.5915343915343889,0.726290859285426,0.00920845205643289,0.7280681290458154,0.7123050773313447,0.7366025245849821,0.602218600451133,0.030045768426589178,0.6020509006053549,0.5578202498619751,0.641045706584506
2959809,OHSU,1,2,2959809_S1_R2,37.8,0.0,37.8,37.8,37.8,24.707469978980853,1.4834206816982498,24.380160091425243,22.81825246308979,26.804468309879304,0.3291530243194878,0.038423149404228106,0.32428781636884124,0.28069483862915473,0.38470319577339046,0.49785937533149305,0.036119903415333485,0.492735960381483,0.44622695950303815,0.5430178627973252,0.581490248254371,0.009538275091490477,0.5851248491599327,0.5670054766545891,0.5919428200129957,0.7231170022588466,0.01143566320888176,0.7216002816183854,0.709055561556743,0.741787990131166,0.5958852202827976,0.049248498867960955,0.60157683019816,0.5243852955921219,0.6593185795080493
2959809,OHSU,1,3,2959809_S1_R3,37.8,0.0,37.8,37.8,37.8,25.355886885645795,1.2057939557775252,25.763606508782036,23.25088807971854,26.819331158462322,0.355248066282611,0.03363835368540288,0.35903716010452985,0.29145393093727956,0.398134053288308,0.5160073092229814,0.03287962326014644,0.5224288979177247,0.45092093061036614,0.5564808969762957,0.5765550708045729,0.008102975623113394,0.5759955444165905,0.5655713357467653,0.5910517033323978,0.7354820025545298,0.013066093973712771,0.7364121477412257,0.7088937542459168,0.7514675079545976,0.5731694223528956,0.04518093632103007,0.547839904120293,0.5243745222857854,0.6428743396718931
2961243,NeuroIMAGE,1,1,2961243_S1_R1,37.8,0.0,37.8,37.8,37.8,25.1024679354863,1.0198661759165946,25.217856947371835,22.995207152241154,26.804903944542534,0.3273242171119942,0.03174294062331473,0.33457356620601497,0.25626558067068383,0.37995941692071583,0.4975328729304527,0.04083569307510016,0.5017048663723938,0.4068838697904238,0.5810635325059588,0.5845404977822855,0.007141179371539861,0.5842453355611142,0.5675067297874022,0.5963798384850966,0.7183859740105069,0.012759163325762992,0.7212290292638599,0.6898822922438914,0.7400471705425287,0.568353724749651,0.030836098234724597,0.5661916424241513,0.5100232002330802,0.6259058567996942
2983819,NYU,1,1,2983819_S1_R1,37.8,0.0,37.8,37.8,37.8,25.39643440506203,0.8761060248102192,25.575706070975254,23.613152576120275,26.84535513677095,0.33952180892152933,0.02698343796999971,0.34249601707945254,0.2855935535976411,0.3838176299486688,0.5183759901872328,0.04007490153349431,0.525455263009528,0.43707181626644714,0.5930287083832647,0.581196317741988,0.0072299286954688605,0.5798941798941734,0.5685556483802053,0.5941334818527789,0.7281643449867975,0.010715964997265882,0.7274250763971262,0.7064801889719651,0.7482511627476365,0.5634521788633478,0.024735142178457577,0.5645795610647486,0.5158870215238021,0.6102673616641014
2983819,NYU,1,2,2983819_S1_R2,37.8,0.0,37.8,37.8,37.8,24.71623948275935,1.3900865692406756,24.222463458462766,22.92078088396474,27.168599976363936,0.3201755074120529,0.04230693861690309,0.30466281569337456,0.27105167572861044,0.4001994268930837,0.48814752990873295,0.0550821342092475,0.4762936298772257,0.41829574638281153,0.5877941160369199,0.5853177003812143,0.011424988116855769,0.5907825118351321,0.564967975494276,0.5960549521953004,0.7154740764811014,0.016976860157455295,0.7104217687695203,0.694977130449768,0.7613898733693948,0.5825874897294214,0.0384758069233002,0.5937528811500983,0.5102972298769259,0.6393309356906692
2984158,Peking_3,1,1,2984158_S1_R1,37.8,0.0,37.8,37.8,37.8,25.45094069658715,0.6293999787671054,25.446075234287665,23.779622794452468,26.630798470973968,0.3426475197106599,0.021059429616694714,0.3427149926261383,0.29346058500410616,0.38212800734293445,0.5085536164431431,0.028465309505944267,0.5094230323627095,0.43979035899985497,0.5580986637453793,0.5833619731351792,0.005756711688070419,0.5842987097372989,0.5717395340202196,0.5933908846189508,0.7296399173958424,0.009289327313613467,0.7299012284963617,0.707800704606929,0.7483424158261827,0.5543104258370768,0.01731871731928488,0.5536636194589244,0.515984811171354,0.5993735960667859
2991307,NYU,1,1,2991307_S1_R1,37.8,0.0,37.8,37.8,37.8,24.694116756595847,1.1531151133475723,24.39783737973163,23.103335226836958,27.05904391062887,0.31785278754308405,0.0308905219666179,0.31650075636224556,0.2687200472070088,0.3814639580435662,0.4953635525779264,0.0522896977339851,0.49073591154457974,0.419481804213761,0.6083577467781842,0.5839990781551536,0.01234084020805835,0.5893808595562956,0.5547331291190903,0.5966954423094764,0.7114755876879936,0.009704470100687344,0.7118208857521444,0.6808035361425594,0.7289260054169056,0.5884857148201919,0.02508988358430375,0.5956906127783622,0.5401280260524256,0.6263108565511228
2991307,NYU,1,2,2991307_S1_R2,37.8,0.0,37.8,37.8,37.8,25.122106154406353,1.1771480150331386,25.15838856822566,23.347162829888493,27.305932242619363,0.33275821657392785,0.03790563464385758,0.3393587241911694,0.27767222208248443,0.40565919179914456,0.4982172014781537,0.04320687801428983,0.5077610640137862,0.4285451197053407,0.5586694871156761,0.5829640192435067,0.008914759689752099,0.5831059129304722,0.5663789102385459,0.5947554070361069,0.7228898485420918,0.015643984975998677,0.723161775467926,0.6963790324355551,0.748924857661873,0.5674696683013685,0.033971348408451126,0.5651141852829258,0.4976088643671576,0.619317375141344
2996531,NYU,1,1,2996531_S1_R1,37.8,0.0,37.8,37.8,37.8,24.343903192363936,0.9585963097262876,24.465015161664862,22.704817898963626,26.05048403551704,0.3111842082090744,0.03039952683010474,0.31542051313330094,0.2568937868869864,0.3576928056188884,0.4745015753401257,0.036387080716534334,0.4775427672754116,0.40619870824718096,0.5371068132497079,0.5881009996254971,0.006685339127251894,0.5890374083356517,0.5742597233825326,0.5972523902348451,0.7124666180066883,0.01318739805047771,0.7162125316003327,0.6876180595867215,0.7331583877193341,0.5927277255594473,0.027486837953004287,0.58902598089642,0.5468077904996816,0.6381886071413216
2996531,NYU,1,2,2996531_S1_R2,37.8,0.0,37.8,37.8,37.8,24.566044527194894,1.0472950681130386,24.53601441634329,23.085833658983834,26.79422757311871,0.3168331663348195,0.03589729866332056,0.31484022964840774,0.2704000062133695,0.39960693338862496,0.4794544691585679,0.03609957035125449,0.4828715944361421,0.4242208702497773,0.5481749601304496,0.5868812836689349,0.007846532996935158,0.5881370091896349,0.5683003805810697,0.5962220365729128,0.715405611744228,0.014643905850326178,0.7132363940425961,0.6942086283209465,0.7510433000405278,0.5852944012506771,0.029739539581296562,0.5865786266141003,0.5218012438415319,0.6257881816716222
3004580,Peking_1,1,1,3004580_S1_R1,37.8,0.0,37.8,37.8,37.8,26.855571259552462,1.7048184634264036,25.895317482320888,24.47209431811383,30.574937157881887,0.3779665700128233,0.048846005972004385,0.3542095558623277,0.3131043697756752,0.46897643212510576,0.5494654003705198,0.06184787990122334,0.5230927835051546,0.46926763415457307,0.6672575671045117,0.5665919719777922,0.022851747649794342,0.5789055973266299,0.5110583356740942,0.5904297781490736,0.7292902316970563,0.009903466603476681,0.7290464682750695,0.6956731399210256,0.7515640830355129,0.5218868180926746,0.03414608334233238,0.5387502354620824,0.45572392130190204,0.5778474675052114
3007585,NeuroIMAGE,1,1,3007585_S1_R1,37.8,0.0,37.8,37.8,37.8,24.64443975151676,0.6841555765431949,24.56448631129767,23.508918455399964,26.114425451504555,0.3123437127482406,0.02101153816225666,0.3077616055452541,0.27331182743815324,0.3516997540860324,0.47627098483836605,0.030366305569413037,0.468230694910472,0.4180620619210313,0.5436587054139279,0.5884155840486837,0.005365468030051224,0.5898008911166749,0.5740740740740718,0.5959249976793805,0.7141596405138061,0.008684501715310976,0.713417182611924,0.6992819069637495,0.7344266090594569,0.5787972395872603,0.01802199572949052,0.5817403958222886,0.545617706488182,0.6062631132392888
3011311,NYU,1,1,3011311_S1_R1,37.8,0.0,37.8,37.8,37.8,23.877296359785674,0.9130717706572672,23.53564933256099,22.660838917682046,25.56193017457661,0.29272543599254597,0.029509874229242814,0.28683161257146644,0.252804633836876,0.348665456290784,0.4619772307404334,0.046561817213965885,0.450274594887789,0.39642381586456155,0.5566472703646923,0.5908029972760712,0.006543992644129542,0.5936693585816353,0.5748445187041584,0.5978557504873272,0.7051039713783297,0.011980820611130708,0.7027287882368941,0.6861265615027369,0.7284898729781494,0.6088467610388432,0.021293568509754578,0.6143812602574166,0.5662683976689145,0.6388982511104497
3011311,NYU,1,2,3011311_S1_R2,37.8,0.0,37.8,37.8,37.8,23.76831874117228,0.6602570285349278,23.45532968232506,22.95019138643616,25.195094414133774,0.29340238154804743,0.019884167120429078,0.28627396027186836,0.27194564983054037,0.34173982157007876,0.4605277386829506,0.03691926483242446,0.4413774458450204,0.4200777767764923,0.5296242774566474,0.5914956612476238,0.004329662345629393,0.5931588229833836,0.5814768402487588,0.5954423094773945,0.7039143831568253,0.008075028371893627,0.7007017849869084,0.6946927460059745,0.7218643498611111,0.6123618251263342,0.01691786104684222,0.6176011574530594,0.5762394127856387,0.6346427549080277
3048401,OHSU,1,1,3048401_S1_R1,37.8,0.0,37.8,37.8,37.8,24.887459666652287,1.0076777886125998,24.99841771941436,22.832528391323592,26.02445695588463,0.3430926012287831,0.03503210458237312,0.3467591979896786,0.27761353917237763,0.3886335142602207,0.5376383337746483,0.059407962946317894,0.5372710376509369,0.44367684503483806,0.6192294183223127,0.573704322534719,0.012557856258163526,0.5748352362387328,0.5560660911537825,0.592221293975673,0.7246700061947083,0.011574677055173854,0.7232216337529863,0.7036463900899063,0.7421817320656517,0.6113781721232541,0.018664119264325922,0.6052036560966059,0.5931551814577235,0.6534396338300166
3048401,OHSU,1,2,3048401_S1_R2,37.8,0.0,37.8,37.8,37.8,22.581427845655128,0.2893721634077246,22.550658510546935,22.055649376856653,23.092975838874516,0.27305449766552264,0.007602291549588692,0.26936568888038687,0.2647882580217864,0.28681839345741894,0.44054218912876014,0.011669897773815227,0.4367134657360748,0.42797303309263884,0.4608294628995172,0.5930412450880255,0.0015901150464983748,0.5936786410470603,0.5907917943005622,0.5949781862062542,0.6999155944081866,0.0034506825068656754,0.7002052204789952,0.6940516800341224,0.7044041993206642,0.6669615858818894,0.010170988170240506,0.6675236591868532,0.6511677507768597,0.6843300076886758
3048401,OHSU,1,3,3048401_S1_R3,37.8,0.0,37.8,37.8,37.8,24.503464225858277,0.9563365102928788,24.724265433612622,22.63721681174479,25.42903508826306,0.32391087737897833,0.027233206863117237,0.3315035424449414,0.2738456619168659,0.3523715158074003,0.48868124626745224,0.03533763485410728,0.5029179304803841,0.42380982066787193,0.5194241078266197,0.5843198531307575,0.00664649484656058,0.582799591571504,0.576812401373791,0.594903926482873,0.724118403673708,0.013281755700484402,0.7250922491943093,0.7006317187602774,0.7400667452279283,0.5966139114533044,0.026686527002111982,0.5894858332504903,0.5680442532667108,0.6503406441649897
3048588,NeuroIMAGE,1,1,3048588_S1_R1,37.8,0.0,37.8,37.8,37.8,25.320122098465806,1.0989940732432026,25.316689801843545,23.354208248853684,27.88968146474738,0.33561433539580393,0.032905056987865895,0.3387634933066559,0.2748132273963938,0.40036614672971255,0.5009056551394582,0.03994370512257329,0.49725614719888345,0.42878361039830415,0.5833722665998154,0.5829740212043734,0.008643339803824607,0.5827926297224468,0.5590828924162211,0.5950524459296357,0.7220542476389132,0.01313110396969925,0.7222268352286418,0.6970424955628576,0.748989027927347,0.5605509341105523,0.03391805373752419,0.5600442416802053,0.4862250616609536,0.6291985870054989
3051944,OHSU,1,1,3051944_S1_R1,37.8,0.0,37.8,37.8,37.8,23.764443383335372,0.3964104446011257,23.72670229610644,23.24700285949205,24.688931744977047,0.30412679012812255,0.013964202928003133,0.3022068960107647,0.28777010112701407,0.33684257177424953,0.4616593327786447,0.0177525765406023,0.4528630319059217,0.4474194773831167,0.5035437664465519,0.5895608362469902,0.0034022046454449738,0.590025990903178,0.5818481388656802,0.5927875243664668,0.7138435726829219,0.006298072245724953,0.7119288988365747,0.7073774670546608,0.7265908293811673,0.6211313244193168,0.011710496491017736,0.6241515666005738,0.5993421052498792,0.638868980666981
3051944,OHSU,1,2,3051944_S1_R2,37.8,0.0,37.8,37.8,37.8,24.90201947640257,0.9080669124922714,24.526087713868993,24.06512222541006,26.58075400967347,0.34045496331899017,0.022733898374921235,0.32799914874941566,0.31990051386033813,0.3800806887043488,0.5398234358122596,0.043648654650962106,0.5245090384961865,0.5031632969074902,0.6211586437239704,0.5768293160885686,0.009625418926389174,0.5792072774528896,0.5580608929731723,0.5849252761533433,0.7297766618193134,0.0071798539135513526,0.7270399891564315,0.7195216646648843,0.7423965859505707,0.6065898852875196,0.016797861675660924,0.6022173533828702,0.5823107249223565,0.6272897063308159
3051944,OHSU,1,3,3051944_S1_R3,37.8,0.0,37.8,37.8,37.8,22.348093614278483,0.4984020419300206,22.299326439280257,21.585806183438553,23.382868388452028,0.2617722399700674,0.012855000485870068,0.25881155958112695,0.24702456142013576,0.28891090309423895,0.4249552472438134,0.018411082608132928,0.42252310187191566,0.39769796440370886,0.4606304763823144,0.595207669379207,0.001847360915370305,0.5955165692007768,0.5914740555091401,0.5973266499582284,0.6978465058932816,0.00609184135886199,0.6972627816003516,0.6877070226524151,0.7085011431978155,0.6685376589111018,0.014615827724386233,0.6680253833441042,0.6383477951981702,0.6896712685852986
3052540,OHSU,1,1,3052540_S1_R1,37.8,0.0,37.8,37.8,37.8,22.941225858668833,0.6711753964127651,23.024658888578415,21.83047725087718,23.799790533592827,0.2829340367565729,0.022899489993169247,0.28889270291554986,0.2506006642276855,0.310695514079185,0.46216123487364225,0.03265105351036374,0.4674289974108266,0.40589355601598964,0.4981588996864231,0.5914178450240806,0.0036571238381243594,0.5908474890930953,0.586735356910798,0.5967511371020101,0.7087284060717035,0.01182460944845452,0.7130486965991223,0.6909363615300448,0.7238042434366074,0.655608715678601,0.017940430536538217,0.6541787244008133,0.6315973741485029,0.6873272847959969
3052540,OHSU,1,2,3052540_S1_R2,37.8,0.0,37.8,37.8,37.8,23.929175262249004,0.7297303288690864,24.048219170695855,22.866136584470148,24.752901098602695,0.3096148801812475,0.023193071738453305,0.31650365249256457,0.2787993321075012,0.33673598841383295,0.49176726928128783,0.017609843294470358,0.4986890503888302,0.4558937616939716,0.5118685070118133,0.5851119568468446,0.005070751593999548,0.582771744175249,0.5801726538568527,0.5931681054488063,0.7112671810001946,0.011975695287858653,0.7093639888546523,0.694147333898624,0.7273561636306192,0.6241184278525442,0.024949978104068155,0.6299373259586865,0.5902680115094261,0.6629258301274021
3052540,OHSU,1,3,3052540_S1_R3,37.8,0.0,37.8,37.8,37.8,23.938654246978594,0.4700989879790317,23.877256223088818,23.26285566467988,24.597858743918568,0.3073488385233573,0.015365598219536009,0.3063226159226058,0.2883451203851244,0.33248595104388634,0.4827775887373378,0.02283931079191138,0.4873237088012519,0.4496631698897342,0.5173162785085073,0.5870370370370277,0.002438400265777279,0.5868235403323038,0.583894922491397,0.5913301772950802,0.7177785096530719,0.00761833636227573,0.7150641510987935,0.7087285753803808,0.7321497683171214,0.6210672194575086,0.011632920097312259,0.6179394531801065,0.6059257249253203,0.6391672566155476
3082137,NeuroIMAGE,1,1,3082137_S1_R1,37.8,0.0,37.8,37.8,37.8,26.120754197485386,1.7511558827839584,25.554555048440633,22.89819180808569,29.720124243435105,0.356544362086575,0.051086619402665304,0.34217577164422947,0.2666416237614908,0.4506138160149377,0.5328464480692721,0.07074433734512763,0.5332015455135044,0.41071883762426714,0.6584036436944672,0.5746571858678158,0.01691999852323806,0.5799104242086534,0.5314151781570517,0.5963798384850985,0.7267868570834864,0.016744129017249386,0.7266993868716021,0.6922281657336228,0.7660007278873622,0.5404648285216119,0.04629019779028628,0.5537756571727223,0.4571048473787321,0.6326903663598472
3086074,Peking_1,1,1,3086074_S1_R1,37.8,0.0,37.8,37.8,37.8,24.329591217250666,0.5178276621736855,24.27071071925916,23.372989949427154,25.61459245619021,0.3059962109854492,0.016803909296679288,0.30318052569774956,0.2701145852976319,0.3489681575021381,0.466594699326683,0.026009561116188025,0.46131870490088256,0.4134059566248633,0.5331385039326294,0.5903757813685017,0.0035691927148217024,0.590893901420215,0.579379003063206,0.5963984034159456,0.7145079978839259,0.007581578943640785,0.7128475583971526,0.6963281263797847,0.7364400502191566,0.586444332848194,0.014484561504028113,0.5878719837909222,0.5507597617703339,0.6095490622639955
3103809,KKI,1,1,3103809_S1_R1,37.8,0.0,37.8,37.8,37.8,23.09454716655769,1.2403360657460198,22.580090338305425,21.584623954170628,25.29477890353454,0.2875807520747852,0.03665963166932843,0.2761553924190947,0.2422987128577221,0.35903731123661503,0.46297288921249574,0.056731036444057956,0.43835015457280485,0.40387123007248915,0.5784099238477851,0.5900226646864032,0.007337123730876321,0.594384108419193,0.5759584145548967,0.596556205328135,0.7076057072014202,0.01574910826135765,0.7038164458748241,0.6885929891145054,0.740101330987613,0.6522104010543351,0.031886587636974585,0.6624570337444984,0.5927476136241574,0.6958596832106221
3108222,NeuroIMAGE,1,1,3108222_S1_R1,37.8,0.0,37.8,37.8,37.8,24.97612381289016,0.7149824927852543,25.009833223255058,23.734008379986413,26.410054518047133,0.3215927247865286,0.021838144373233198,0.3201249945721389,0.27695262131091064,0.3574752458860671,0.48722296994480946,0.03770612536389073,0.4851559704702523,0.42876649977241693,0.597963690305615,0.5872437736854139,0.005471651382064711,0.5879026269377075,0.5748305950060204,0.5962498839691801,0.7185311395864344,0.008965387215154367,0.7189221151467544,0.6979143730851642,0.7346526351806913,0.5671999860934666,0.019442119622239698,0.5656677702614539,0.5357216939923491,0.6039914744373683
3119327,KKI,1,1,3119327_S1_R1,37.8,0.0,37.8,37.8,37.8,22.733672808646634,0.6859233811774444,22.991842718030277,20.959162390545796,23.64203669711163,0.2813037762463486,0.020627187167671642,0.2897843997132167,0.220523880590078,0.3039159014559463,0.45302135450354325,0.029067657985355076,0.4532916653955714,0.3898643173270721,0.5077107103422893,0.5916935471394487,0.0030713507681138803,0.5920588508307763,0.5845261301401542,0.5974194746124547,0.7031601629505824,0.01000469307205851,0.7046445126992491,0.6752438856747055,0.7172367571784797,0.6635199144443883,0.022706327644480065,0.6592526156875425,0.625490212827232,0.7198402160490764
3154996,KKI,1,1,3154996_S1_R1,37.8,0.0,37.8,37.8,37.8,22.909204157336596,0.6259153245387636,22.92895628590333,21.714313781261446,24.015344327374507,0.2825494032690554,0.020203641041640734,0.28517326626898587,0.24528433918333825,0.3191089684923988,0.44828553007814476,0.021495396337275034,0.44383032111491644,0.41673045994367464,0.4912206353021544,0.5913597346191936,0.0028824248244590863,0.5921841641139842,0.5852594449085612,0.5960827995915704,0.7082338728819926,0.007562113966979658,0.7094786191117649,0.6928578353643473,0.7226637689353448,0.6546788102910007,0.019796164012392085,0.6515354798219225,0.6209377366963352,0.6936512494893898
3157406,Peking_2,1,1,3157406_S1_R1,37.8,0.0,37.8,37.8,37.8,24.583348311064942,0.5289051490583714,24.640847194194794,23.62251340213575,25.62818900534981,0.3131783141631106,0.017264859104913797,0.3088346329394969,0.2820604562492078,0.3491872446807813,0.4733110651510942,0.027806330122103148,0.4722973630436898,0.43126277869730306,0.5274614808180871,0.589216831600224,0.003922091766738846,0.5894087069525604,0.5812076487515063,0.595182400445554,0.7170356565950006,0.008032036925356324,0.71707868697927,0.703112463126892,0.7354314047681425,0.5795148939694837,0.014109650181997236,0.5756798334687375,0.5546856386520111,0.6115353989870028
3160561,KKI,1,1,3160561_S1_R1,37.8,0.0,37.8,37.8,37.8,22.628667582780647,0.6817116829051633,22.573630012807094,21.608747157297636,24.116847873361486,0.26918294523118264,0.02144785051359224,0.26898465637903735,0.23960727787605623,0.3138018135854603,0.44505455885559814,0.03877682342082442,0.44525523121832766,0.3987106057613633,0.5154497904750253,0.5928644914755999,0.003270977314331723,0.5933351898264156,0.5835050589436547,0.5966490299823609,0.701312571153636,0.01092834122694247,0.6996563069410466,0.6855925142528813,0.7206662661559539,0.663981520484555,0.017791504814256644,0.6685230466548329,0.6282241896944304,0.6938438710264097
3162671,OHSU,1,1,3162671_S1_R1,37.8,0.0,37.8,37.8,37.8,23.530625237498366,0.4857391122835434,23.7410297908281,22.824956595897675,24.0398456272326,0.29982389651066915,0.017566958574314007,0.3079073892667741,0.2695704103827775,0.3194633299775818,0.466214216523279,0.021113480677872328,0.4708817521181474,0.4370578492446137,0.49410594633191585,0.5875692317212721,0.003777570697947372,0.5866703796528326,0.5826093010303454,0.5938735728209338,0.7099411247232307,0.006130858015850067,0.7104173432915293,0.7012754929664148,0.7184413679247426,0.6344598419488725,0.013073483215559725,0.6371124055235541,0.6116660946692242,0.6520300997810687
3162671,OHSU,1,2,3162671_S1_R2,37.8,0.0,37.8,37.8,37.8,24.398641220345137,1.3733854632059954,23.97484776377678,23.346377897262574,27.184037830955102,0.32526180950678785,0.03984015250538866,0.3144065631954013,0.2942278741888846,0.4020252375739527,0.5097204676360348,0.051319458269415266,0.4988883605567193,0.455826390338854,0.6082006296420821,0.5800677619975815,0.015980460691670365,0.5863176459667622,0.544953123549612,0.5914694142764263,0.718485160367204,0.008901480831629163,0.7184475877192192,0.7082763120424103,0.7375103972402349,0.6180055250492702,0.028989597808613585,0.6272080890301109,0.5663984069018203,0.6437699373752351
3162671,OHSU,1,3,3162671_S1_R3,37.8,0.0,37.8,37.8,37.8,26.74266677962409,1.3569486163167195,26.821318797061316,24.692897612797587,28.22982317146502,0.3917241788056722,0.032336420755557704,0.3871375751464389,0.34461476020178916,0.4267460641116398,0.5904480514974826,0.04745086644816735,0.5996004038247063,0.5192651512387346,0.6419210707411213,0.558315541941266,0.013345088945550195,0.5548955722639938,0.5439868188990935,0.5787199480181786,0.7381061517723279,0.010274468333908352,0.7394492150414873,0.7193940761172213,0.7496279942748444,0.5531920304130646,0.0384045140865984,0.5635048738663923,0.5048404148248403,0.6092117559375354
3163200,NYU,1,1,3163200_S1_R1,37.8,0.0,37.8,37.8,37.8,25.194678496048798,1.9137264791552924,24.688194407914814,22.920101670215004,29.603217047766634,0.33285142136236173,0.05302072392340662,0.3214972596498528,0.26630393449111356,0.4499350404625748,0.5033952993711133,0.06840546384694496,0.480608440994836,0.4074204152735242,0.6443478981995098,0.5782387825063418,0.020776949951757724,0.5865682725331824,0.5208805081487012,0.5971410006497722,0.7139330417483242,0.013461131420608575,0.7138625343833193,0.6917209715967956,0.7432055778839833,0.5763459904113702,0.044464695130071584,0.5813545061565315,0.490388846586621,0.6298697597417483
3163200,NYU,1,2,3163200_S1_R2,37.8,0.0,37.8,37.8,37.8,25.964498957228965,1.988515088415656,25.83100910563218,22.97784686527754,29.63019376114795,0.3563149578322873,0.058615589972292596,0.3565545578664466,0.26087652088341107,0.46442910008569527,0.5377535420635372,0.08652815593751671,0.5151589891477575,0.4161947904869762,0.6964954867903184,0.5721793628387709,0.022110341053301612,0.5796064234660682,0.5311983662861057,0.5956372412512736,0.7218886751312297,0.015220691034838441,0.7227168587172197,0.6961166861375526,0.7572791106771409,0.5580529161201465,0.041617995219527026,0.5567928932430817,0.4787042257647035,0.6301519951293211
3170319,KKI,1,1,3170319_S1_R1,37.8,0.0,37.8,37.8,37.8,21.921392233054725,0.39261093655116786,21.939275072122875,21.288162090590127,22.886957161363803,0.25642013770762373,0.013955707544907622,0.2545158739835096,0.2349096709607624,0.29525330326537264,0.418425232644651,0.026982115475776766,0.4123980357106166,0.3941047726630895,0.49717268377555457,0.5951596828328087,0.002438502908221205,0.5960735171261452,0.5883087347999455,0.5974937343358361,0.6910328273760851,0.006559587376057163,0.6903947655027767,0.6808345288756547,0.7040499972969544,0.6865453389683565,0.010903885978498291,0.6885955631367777,0.673084752818928,0.7081255259204462
3174224,NYU,1,1,3174224_S1_R1,37.8,0.0,37.8,37.8,37.8,23.993324573513817,0.6803538475982492,24.11771313767684,22.669656613939686,25.190027472847387,0.297416040028035,0.023644416257198878,0.30135525278567693,0.250977630395167,0.33893963547674677,0.46125515070038636,0.03265015654904383,0.4655747711088505,0.39362167198194004,0.5135953154533213,0.591452609813161,0.003906040488569825,0.5913951545530456,0.5812587023113174,0.5975215817321059,0.7085060746366705,0.011429187485557782,0.7096827940035194,0.6883738945645995,0.7304735512301526,0.6018280983739295,0.018839524973869835,0.6042875546792927,0.5672944562344191,0.6353317035535888
3190461,NeuroIMAGE,1,1,3190461_S1_R1,37.8,0.0,37.8,37.8,37.8,23.602811905073356,0.6766634437250517,23.527209555004774,22.496435507661417,25.35926944080152,0.28209204703056523,0.01991407811523001,0.277992853898261,0.2539448414724371,0.3375037911840805,0.4351881019911081,0.026660518608188844,0.4321094572623049,0.39326879735559894,0.4912032724738313,0.5943979312209643,0.00304822252547702,0.5952288127726701,0.5863269284321815,0.5977257959714097,0.7005582738236484,0.009971865866028566,0.700343824158959,0.6850627721764455,0.727503354506091,0.6085472851239315,0.02207384899463014,0.6104615658770627,0.5498690435395736,0.6507686384555458
3194757,Peking_2,1,1,3194757_S1_R1,37.8,0.0,37.8,37.8,37.8,24.79517264686745,0.7142967769327339,24.76131974395953,23.30427168356745,26.450511092888682,0.31971328710941244,0.022743928507305698,0.3182077594544569,0.2748664768245017,0.366660950972126,0.48040183782119783,0.03056988943154218,0.4781411018628617,0.42240036394215524,0.5480182087042246,0.5877846151059631,0.005429651910191723,0.5895386614684879,0.5720644203100171,0.5957022185092349,0.7191845264209457,0.010358351015381973,0.7193036630300637,0.6979448826987006,0.7438074630800875,0.5732090464106282,0.021865422075151852,0.5764763249357707,0.5212608964554084,0.620003270115304
3205761,Peking_2,1,1,3205761_S1_R1,37.8,0.0,37.8,37.8,37.8,24.174476268585288,0.6062348745291903,24.08544397103159,22.95806471172132,26.23269755024659,0.3009355226366112,0.018958510143959245,0.2983097640467648,0.2679321132462261,0.359100560542749,0.4590051182113782,0.02938452061840185,0.4500982703075084,0.4166789979917556,0.544223859252761,0.5910562766446323,0.004269381244458463,0.5923141186299025,0.5781815650236528,0.5959064327485376,0.7101615358254432,0.007842269857199984,0.7085975642180219,0.692483611564104,0.7343333211646407,0.5918272339524298,0.01767059865123158,0.5933634456304148,0.5317711142071506,0.6372144335261031
3206978,OHSU,1,1,3206978_S1_R1,37.8,0.0,37.8,37.8,37.8,28.184227363617097,1.8179970568956727,28.690887948713804,25.769270783349086,30.393953569311844,0.43573992823636387,0.04907517195235861,0.44472992518783727,0.37251534979652595,0.49824122503161566,0.6019998009796469,0.057801422857825614,0.6281038196816057,0.5300385782239035,0.6720571661284059,0.5483293477668411,0.02119125826541838,0.5436331569664972,0.5204016655395342,0.5739023484637568,0.7524333225937374,0.00781664697930832,0.7513097306566769,0.7406261882504677,0.7640243756995949,0.4937904176077168,0.045884867420908984,0.48111565359387015,0.43341645417987584,0.557973762486048
3206978,OHSU,1,2,3206978_S1_R2,37.8,0.0,37.8,37.8,37.8,23.36765479731281,0.5145773142840482,23.144833354887208,22.85401503631943,24.30096204845529,0.2993795233184618,0.015055917521163748,0.2954153340689479,0.2840490472090309,0.3327813291532083,0.46592650072955333,0.01892414897297528,0.46129883196708094,0.44685802948021724,0.5068497478736714,0.5893050527553396,0.0030758594582916306,0.5903276710294206,0.5827763854079462,0.593038150932886,0.7145234679686474,0.006347425618983806,0.7136344044738895,0.706206709867335,0.7273363791572433,0.6373309689792114,0.018864283931715686,0.6396794653028474,0.6142292432020182,0.6615402764279475
3206978,OHSU,1,3,3206978_S1_R3,37.8,0.0,37.8,37.8,37.8,23.367903948945607,0.39021071031668203,23.420613185669247,22.800093367538953,23.900994079677684,0.2929933791350755,0.015222040715042264,0.29376438677321,0.2715363669980709,0.3162270777281524,0.44969733484591473,0.01733212641524588,0.45196913888186535,0.42218351973477136,0.47329915084206475,0.5914601318110047,0.0023893019117160446,0.5906525573192195,0.5885918499953505,0.5948389492249115,0.7128277192239632,0.008689940800316997,0.7172107817028461,0.6999872201011702,0.7216445531971806,0.629127948351981,0.01180102097939179,0.6278308491708839,0.6120455270555816,0.6464532551875655
3212536,Peking_1,1,1,3212536_S1_R1,37.8,0.0,37.8,37.8,37.8,24.71969496863338,0.8452959730626457,24.526368709614403,23.27922322405012,26.65138581928454,0.31762502232736617,0.028572606264411955,0.3116965997329721,0.2685821968690309,0.3811682042462844,0.48133271080475076,0.036774719590306475,0.4738480072281899,0.42237678294026265,0.5693901613572349,0.5873220766459899,0.007900375248056193,0.5892601875057993,0.562406015037585,0.5962870138308719,0.7181389137059028,0.011085005288251529,0.7158680596035745,0.6983035334263693,0.7424292562224629,0.5764353708770431,0.02197763218841332,0.5812930776063063,0.5237710735519694,0.6177696003318995
3212875,OHSU,1,1,3212875_S1_R1,37.8,0.0,37.8,37.8,37.8,25.448413204658795,0.4907345933901509,25.35390575747741,24.5148926904327,26.07987864644904,0.35823138689849454,0.011779130465479591,0.36514771478215124,0.33268289536602424,0.3679727786463033,0.5262326698376234,0.023222048279485832,0.5317976016822323,0.47711314968255675,0.557990155579087,0.5758879709561794,0.005010540541300134,0.575837742504399,0.5681518611342902,0.5860577369349189,0.7374604932184087,0.008675707791143917,0.7417770847159595,0.7240479928005615,0.7455419658339225,0.5754982321697384,0.015163161515488412,0.5734264166598797,0.5504322450660922,0.5977368064824335
3212875,OHSU,1,2,3212875_S1_R2,37.8,0.0,37.8,37.8,37.8,23.404207619693544,0.6967733492150252,23.386943251521963,22.332457961847908,24.130132890375037,0.29834137457811427,0.01943332249867858,0.3056854253956512,0.2669030977246416,0.3219508883194267,0.4593653981889829,0.024000912064399648,0.46552420440471703,0.4171479805667341,0.4891718783424983,0.5899883453489648,0.0033966027282821346,0.5891487979207221,0.585426529286172,0.594950338809989,0.7151605069423904,0.010144695643073092,0.7193309790922595,0.7005762905728301,0.7258082171187913,0.6344095449954952,0.02244204392241209,0.6425306991128595,0.6090411294539039,0.6644435071440601
3212875,OHSU,1,3,3212875_S1_R3,37.8,0.0,37.8,37.8,37.8,25.06747033418271,0.7348196245176589,25.27403543434645,23.584125059843064,26.058673589480552,0.3458107942906872,0.021078128587618268,0.35039158970520073,0.2950681892481822,0.37021099361004806,0.5232372436435371,0.03201325285152107,0.5196483314488188,0.45379150969841586,0.5593339856454884,0.57598636508967,0.007326848256730867,0.5766499582288996,0.5645326278659543,0.5890652557319082,0.7308492558248324,0.009949234778798182,0.7308767966607701,0.7099631625667917,0.7418786014443934,0.5932140480777098,0.01862777840857698,0.5819139337911475,0.5732061482212797,0.6256734219659043
3224401,Peking_3,1,1,3224401_S1_R1,37.8,0.0,37.8,37.8,37.8,25.70186973211854,1.0950991258611418,25.579187340485422,24.025835356586857,27.697593450546265,0.34766978519247904,0.03475525288814916,0.34376059294300354,0.29672665510355073,0.4158858004905792,0.5172957329161495,0.05124765714983828,0.5136313032917542,0.44193647298220184,0.6318648452024896,0.5802539093895462,0.010925952011704078,0.5826139422630647,0.5564884433305493,0.59404065719855,0.7297892459558957,0.011937065974966451,0.7285528034151235,0.7105685449934165,0.7557071065760781,0.5485294293436214,0.02663893605120176,0.5498122475831763,0.5080064775584568,0.599350262222699
3233028,Peking_1,1,1,3233028_S1_R1,37.8,0.0,37.8,37.8,37.8,24.45237982588341,0.6029825004174791,24.596392713095014,23.15838554564275,25.74871568617068,0.31148173783084443,0.021074571170231645,0.31389833843137843,0.27002864816406236,0.3476828696866227,0.47667272857490706,0.030399128888513156,0.4800015430412056,0.42140848565048383,0.5557803018515637,0.5887350490046216,0.004499235091963208,0.588912095052443,0.5754850088183333,0.5958228905597294,0.7141652524043602,0.01023810300335294,0.7144891837977362,0.6954063076340993,0.7308409391504873,0.5867920360378086,0.017999182373934598,0.5846951406667971,0.5603714395386036,0.6244387535705636
3235580,NYU,1,1,3235580_S1_R1,37.8,0.0,37.8,37.8,37.8,25.693111142348464,0.8360491394492994,25.839507249154543,24.23091232964867,27.006369411945343,0.3525736987929202,0.02521207572597356,0.34631188950311453,0.3029125014915668,0.3962107445710523,0.5138738954588781,0.03526411952855624,0.5054082473260152,0.4643270156292198,0.5893238319066819,0.5799926700531592,0.009044508604550864,0.5826510721247454,0.5604260651628997,0.5918407128933366,0.7333857833869494,0.011615694407538363,0.7308283414053726,0.7094037824832212,0.7590497625058744,0.5486164187790102,0.02571976982806073,0.5564684414193013,0.5041926944298984,0.603288200790588
3235580,NYU,1,2,3235580_S1_R2,37.8,0.0,37.8,37.8,37.8,24.796279871950563,0.7695125746169778,24.67378860523826,23.522901529387426,26.55425279014989,0.32095770682541536,0.02183905992178475,0.31723260390828484,0.29007947503342774,0.37187493594670906,0.48444000565392864,0.028694395638742883,0.4799378205298541,0.43685779438430683,0.5446648225531163,0.587050064497123,0.005365226978647149,0.5886104149262013,0.5757263529193182,0.5940406571985434,0.7203486120899796,0.009457382402342266,0.7207161654495889,0.7043555498557967,0.7450959496511323,0.5739402686218633,0.026652158311299967,0.5746572750187691,0.5114586323424987,0.6179809110123479
3239413,Peking_1,1,1,3239413_S1_R1,37.8,0.0,37.8,37.8,37.8,25.3834607749527,1.434018260533303,25.16523499175122,23.177960940724926,28.330293651003586,0.3387901612440076,0.042283683649171004,0.33326839873266206,0.271653245419973,0.42855042147111333,0.5066019815191668,0.05417366652497479,0.5075631218726635,0.4117647058823529,0.6092474624871699,0.5809178999893517,0.012381705630249826,0.5825489650050999,0.5489863547758315,0.5968068318945496,0.721899582305988,0.016758250746994267,0.7200351432821098,0.6922498794872394,0.7532055111560241,0.5605682353685921,0.0406752840644036,0.5726678601183688,0.47087532296814116,0.624796945714778
3243657,NYU,1,1,3243657_S1_R1,37.8,0.0,37.8,37.8,37.8,25.409247727521752,1.087819909774709,25.241703467620045,23.709930747433713,27.462314256868865,0.3428947840021498,0.031589780211071464,0.33373279393251204,0.29465029512611285,0.4077445367040295,0.5105087577089603,0.041470660373365005,0.5223354969549404,0.4497227356746765,0.5756606057850253,0.5799204588738716,0.010877559260295516,0.5828460038986328,0.556532070918032,0.5935208391348702,0.7263984424686,0.01079141106350143,0.7238482572504236,0.709267100390101,0.745983269372243,0.5626133409122719,0.030290048019360888,0.565746894247251,0.508174714574705,0.6144210978840361
3243657,NYU,1,2,3243657_S1_R2,37.8,0.0,37.8,37.8,37.8,25.20534536191643,1.5271000511299975,24.791048197369825,23.26856897536077,28.52518352583835,0.3328642672164865,0.04447981186880091,0.31919319181998995,0.27569875145322487,0.43224972348805446,0.4981669458816546,0.053656196103685334,0.4885810047156943,0.4252078719759328,0.6086800223907808,0.582131094018565,0.014588203528600753,0.5871901977165112,0.5438392276988725,0.5957579133017701,0.7187748246765547,0.01366140180098174,0.7160980750088972,0.6973190757454107,0.7549122967086906,0.5672675555432241,0.04133116192345398,0.5824156715523994,0.4650952882934035,0.6208149397449552
3244985,OHSU,1,1,3244985_S1_R1,37.8,0.0,37.8,37.8,37.8,24.374398650899966,0.8812714376398688,24.439033579826354,22.824887992520082,25.408448966553337,0.3228093131123335,0.026127365708608324,0.32310760756809487,0.2792502640335169,0.35398049912552737,0.486965982627559,0.027131093212398445,0.4903581620547023,0.4312103858556655,0.5173792794139632,0.5848871149066028,0.005028901351704862,0.5836442959249907,0.5781258702311249,0.5933259073609927,0.7267953761749926,0.01392008657775602,0.7278898792122835,0.7026582382484767,0.7441640774348457,0.601016239086005,0.030016178730173596,0.6024905001841625,0.5625291457152307,0.646697285159721
3244985,OHSU,1,2,3244985_S1_R2,37.8,0.0,37.8,37.8,37.8,23.56354677502872,0.5742885785384545,23.41511992529819,22.916882823642933,24.87433496588155,0.2947814433774726,0.018817109503875207,0.2870457237187878,0.2719575365811459,0.3334221450828439,0.457360038504926,0.024739356016589095,0.46672509610979424,0.4290282392026578,0.5003469194192124,0.5907670410594323,0.003101156255199954,0.5901234567901096,0.5848046041028341,0.5939107026826286,0.7139561307652106,0.006636506084395532,0.7127326290885387,0.7040705160050946,0.7259072743167017,0.6253449582477073,0.019439729563667598,0.6303341682775211,0.5837615713340198,0.6483145277103785
3244985,OHSU,1,3,3244985_S1_R3,37.8,0.0,37.8,37.8,37.8,24.456312555562683,1.6176334945233832,25.322762060792822,22.04528086028601,26.121409849116677,0.3268851319731643,0.049612158346523154,0.34877356192925135,0.2551448799892075,0.378481461723926,0.5060863452156171,0.06301463021217052,0.532218889244838,0.41101450884338636,0.5731890560207283,0.5793279495033737,0.01226102279803798,0.5791933537547386,0.5625638169497675,0.5948111018286395,0.7219495196792298,0.018349158342538124,0.7282626994104712,0.6927908697293292,0.743177390829816,0.6119532081959784,0.042713144645714574,0.5874895140673915,0.5705380154200431,0.67605895313072
3248920,Peking_2,1,1,3248920_S1_R1,37.8,0.0,37.8,37.8,37.8,24.88889535868275,1.1211992705270195,25.07762467923917,22.938787514912455,27.357395790125196,0.32234169586535716,0.034057852380270384,0.3266382533849619,0.2633295446663173,0.39778139494636183,0.4876895293543859,0.04830838999512468,0.48359388757361715,0.40665465720038146,0.5951267413411447,0.5861632853588312,0.008618894348100084,0.5878724589250909,0.5653624802747578,0.5966954423094769,0.7194716673791353,0.013683727946673104,0.7198119241622087,0.6925476263688221,0.7465897632878219,0.5706033950484962,0.03290044418188869,0.5709978799971324,0.4883898072905343,0.6291986516659985
3262042,Peking_1,1,1,3262042_S1_R1,37.8,0.0,37.8,37.8,37.8,25.072182979716878,0.7585688477586972,24.956935780926756,23.734835787509617,26.720698024097242,0.32692779928851945,0.025161330331603275,0.3271366952350015,0.28197512403470826,0.3812725531040636,0.49480227762980133,0.03425977517861513,0.4866496974104569,0.4384336053989356,0.5918725826338102,0.5856936831690727,0.005923198851278509,0.5875800612642716,0.5678965933351825,0.5935672514619831,0.7206295811035275,0.010588750313602195,0.7210357410657962,0.7000111099544196,0.7414751211891314,0.5667795487383054,0.01964245995148217,0.5671419390892458,0.5313737020058341,0.6051021565039222
3269608,Peking_1,1,1,3269608_S1_R1,37.8,0.0,37.8,37.8,37.8,25.01709690259265,1.5521246626073097,24.92452380468971,22.71386885235184,29.330405538960505,0.32796108918860334,0.04642115968300379,0.32702922494415076,0.25341607475978223,0.4479223883537177,0.4929542976412519,0.05428205575852972,0.49002500834661444,0.40461707325709023,0.6203480505746412,0.5831257489445574,0.01303105115744161,0.5845771836999822,0.5421480951054858,0.5968068318945517,0.7183691368205068,0.01649274091252925,0.717076955540313,0.6882492680784906,0.753913055820138,0.5703598797513617,0.04384513238874292,0.5791826030365507,0.4486884082601914,0.6342742973982674
3277313,Peking_3,1,1,3277313_S1_R1,37.8,0.0,37.8,37.8,37.8,26.130167321292667,0.9596465795400746,26.162094100525504,23.919556618991653,27.9133224135951,0.3613660394488912,0.03193112921961564,0.35855249611799545,0.29059105446075945,0.42700951872696863,0.5223287651083061,0.035142241726214475,0.5270615165221223,0.4366679265885515,0.6049200205969802,0.5780969587473536,0.008784769215674688,0.5787106655527517,0.5567715585259427,0.5948018193632195,0.7367436799043983,0.013967962300946712,0.7344810807106849,0.7058816608882458,0.7721180890267265,0.5304000412547982,0.029299860048025934,0.5291177305561757,0.47205039506767227,0.5950751705476415
3286474,OHSU,1,1,3286474_S1_R1,37.8,0.0,37.8,37.8,37.8,23.167920858574192,0.8428342743990898,22.971929227678398,22.04569072629276,24.21617685681895,0.2842472145457624,0.023612881557249683,0.2834650098411718,0.25310446219627536,0.3144457986868372,0.44209236297063953,0.024842194964553102,0.44808026448337174,0.4052807782199482,0.4701433383975164,0.5927689594356238,0.0032444772881935844,0.5924440731458253,0.5888331940963486,0.596537640397288,0.7061125898579662,0.010656291451930935,0.7068832260221706,0.6923920574764701,0.7207513987708964,0.6370083142945796,0.028820331659120874,0.6474465417450299,0.5991692290535813,0.6784982568455487
3286474,OHSU,1,2,3286474_S1_R2,37.8,0.0,37.8,37.8,37.8,25.79145265950097,1.2221122500940087,26.236382588587308,23.4580395685999,27.162058079870125,0.36455669753013464,0.045787812358142395,0.37180769290275506,0.28653813449713567,0.4242324929913866,0.5262286629434975,0.044657491970057014,0.5241702741702742,0.45969638216245207,0.5903028587602605,0.5735202203038399,0.012472516753183996,0.5708623410377717,0.5553142114545694,0.5933630372226806,0.7393606019696414,0.0201148602705748,0.7372955620512502,0.7090544235059193,0.7676790163093438,0.5506447975981291,0.034304482901687805,0.5344165553624369,0.5156499787082051,0.617495798616481
3286474,OHSU,1,3,3286474_S1_R3,37.8,0.0,37.8,37.8,37.8,25.702267774155263,0.5999252980203996,25.805859502993133,24.393777023491108,26.33684184739464,0.36023799108920546,0.01580995600943642,0.36284758416525675,0.3298691091362819,0.380461936240909,0.5126295919402118,0.016770277763740904,0.5082718678578849,0.4935689237975699,0.5441558015041544,0.581138030260829,0.0032850855291054184,0.5820105820105743,0.576014109347435,0.5858535226956263,0.742105589999182,0.008897683146877939,0.7408075364419229,0.7322369846640173,0.7557381342014496,0.5475073237087015,0.02205064736184196,0.5388222194355333,0.525435470153747,0.601157727592737
3291029,Peking_3,1,1,3291029_S1_R1,37.8,0.0,37.8,37.8,37.8,26.209318189871937,1.5734146282368635,25.71286840376101,24.37070137576053,30.220619028492976,0.36211936216727947,0.0470834811040296,0.34896165471293356,0.2951701932633574,0.48911429426638303,0.5291277460131217,0.06369454031850975,0.506920800377141,0.4343375380847974,0.692320803761239,0.575596566587453,0.018287924445181035,0.5833751044277262,0.5165798093116662,0.5945419103313773,0.7326778695499482,0.01145698458516986,0.7322395361700754,0.711703197833378,0.759827824972819,0.5320882478884209,0.03698820991058791,0.5381251645167868,0.444869948060889,0.5902896414490936
3302025,OHSU,1,1,3302025_S1_R1,37.8,0.0,37.8,37.8,37.8,24.827628249173973,1.0089733281205273,24.44168343857715,23.520492621785717,26.262631510433398,0.34625889090293865,0.03233769538632032,0.3303577729842939,0.30946569070681307,0.39086361016029364,0.5201105762202964,0.025786042092717447,0.5074192180789294,0.49372284226661767,0.5694910181300196,0.5771378033561212,0.00961094924004137,0.5819084748909257,0.5614499210990397,0.5856678733871634,0.7355817083643869,0.014666745509114842,0.7306761716800261,0.7174670602732928,0.755629373059626,0.6004601228288423,0.03127098789723851,0.6072401477579485,0.5541182605810598,0.6516705570895504
3302025,OHSU,1,2,3302025_S1_R2,37.8,0.0,37.8,37.8,37.8,24.297203276241035,0.590315541564765,24.378690647451503,23.50054250673244,25.400997968096483,0.3249228827389074,0.02227011241222113,0.3284994608508293,0.29085539164023383,0.36255300809971536,0.509889523461154,0.025291057764720192,0.5182324367699215,0.4730950277554357,0.5594285236861893,0.5824561403508723,0.006990625572718205,0.5827903091060928,0.566573842012441,0.5901977165135025,0.7256578787541071,0.009973844939007858,0.7267628106359165,0.707982190779005,0.7375444454412627,0.6144888534791996,0.013777947270669897,0.6124642803854213,0.5962963026501414,0.6403845065900191
3302025,OHSU,1,3,3302025_S1_R3,37.8,0.0,37.8,37.8,37.8,24.02514815076053,0.3030706248524677,24.016242560587433,23.63110690901154,24.507168361387755,0.309345454563506,0.01215604697313521,0.31052833626326365,0.2928527111406996,0.3306380441270165,0.4983306003048751,0.032344879712915754,0.4882100614244378,0.4613664199371639,0.5538461538461539,0.5854435471394432,0.004268658195476809,0.5848324514991037,0.5788638262322405,0.590397289520083,0.715110828690209,0.006744200371842919,0.7158000083113079,0.7011882763636806,0.7240280173195027,0.629007760423286,0.008628166072179484,0.6268046335668094,0.6180848550112658,0.6439616356378012
3304956,NeuroIMAGE,1,1,3304956_S1_R1,37.8,0.0,37.8,37.8,37.8,24.88617109107344,0.9990168440513851,25.00257977560947,22.911403305906997,26.81859048353998,0.32158834022017224,0.031169117569023692,0.3250206478460802,0.2613696020251367,0.38157711538619526,0.4898007682840905,0.04611603212113741,0.4885951214090763,0.40312807425255565,0.5808635500240977,0.58595734505345,0.00816411572555738,0.587250533741758,0.5667362851573255,0.5976051239209113,0.7173493834100431,0.013191024428378152,0.7169436522687166,0.687378579620481,0.7433324759750514,0.5744779545100205,0.026267327899815982,0.5735319471714457,0.5290952400489293,0.6301063963428111
3306863,Peking_1,1,1,3306863_S1_R1,37.8,0.0,37.8,37.8,37.8,24.69683024043143,0.4928148451729982,24.79962349188955,23.460245957813765,25.568924498558044,0.31705629702509885,0.01534390273039276,0.3181783875129021,0.2798414722259931,0.3477362573741876,0.48098299342937306,0.028381694653994777,0.4799548125932999,0.4229044280209715,0.5388159057437408,0.5881485556710143,0.004281975130526389,0.5881973452148876,0.5762368885175757,0.5954144620811265,0.7178880373887958,0.007084055020001772,0.7187830032816932,0.7020367035513208,0.7342166146361573,0.5759761011502281,0.012694070218120596,0.5749875019799033,0.5487655372315547,0.6073143336939566
3308331,Peking_2,1,1,3308331_S1_R1,37.8,0.0,37.8,37.8,37.8,23.13009828572402,0.5656696538546047,22.98584745965506,22.12551357369674,24.420123195648195,0.2661229387387105,0.016606182749350773,0.26352397948350337,0.23866219233443617,0.30437403771502447,0.4189364125439373,0.026143382217320935,0.4134691511621331,0.38260770701134805,0.47930561403985383,0.595779421453359,0.0019345061472816703,0.5961941891766448,0.5920170797363764,0.5982734614313552,0.6942005170971229,0.008713080414606337,0.6927900031263512,0.6801319749336382,0.7161420663014306,0.622391746585362,0.017482116656675147,0.6261481819760996,0.5825868994171857,0.6571067354151945
3310328,KKI,1,1,3310328_S1_R1,37.8,0.0,37.8,37.8,37.8,24.513777546770356,1.3347385112997023,24.153019185442673,22.28303732966122,26.66437598780582,0.32949507968573377,0.03711606569262668,0.31652251885120963,0.278675667745549,0.3924363978814253,0.506360639700398,0.042946198365059904,0.4903606115850521,0.4533177457066839,0.5911901812149591,0.5807352201165566,0.01115225979244859,0.5858813700918963,0.5564327485379865,0.5921377517868686,0.7220508921497603,0.012453581914400698,0.7190947636653964,0.7020066649218814,0.7446781568175752,0.6096124050721317,0.043493930398426695,0.6163910513600079,0.5308421030877128,0.6943197043816448
3322144,NeuroIMAGE,1,1,3322144_S1_R1,37.8,0.0,37.8,37.8,37.8,24.913932273364722,0.9820264636052218,24.634619536211616,23.62682129960311,27.304885436359204,0.3221053465918642,0.03257539180208857,0.31413377109741975,0.28101765213547225,0.40363839173170546,0.4849272964277396,0.04571366777211476,0.46863855745291694,0.4283966320562983,0.594710745577515,0.5857098664535649,0.01045011173210172,0.5894551192796703,0.5576626752065149,0.595572263993311,0.7173925991941834,0.010754444965679476,0.7156880066236256,0.6991799694425986,0.7441438819137746,0.5715327779000242,0.02340639388454739,0.5753248410250144,0.5205657799275132,0.611574843710958
3349205,NYU,1,1,3349205_S1_R1,37.8,0.0,37.8,37.8,37.8,24.539697310680054,0.9034804776257372,24.285353310484634,23.383419994931472,26.319542295054386,0.3159064874585581,0.02691234429013221,0.3121549483139263,0.27939783022374354,0.3614727025836707,0.4757639492187469,0.03073584772318574,0.47192412628296737,0.4306137184115523,0.5296948749396068,0.58820534734025,0.005038779635335755,0.5886196973916227,0.5791979949874624,0.594783254432376,0.7170194596418551,0.012506209407085939,0.7141977854244163,0.6993836174799439,0.7395235020697006,0.5822289314335177,0.029352075978201626,0.5901200833641962,0.5175604705058974,0.6242711137775856
3349205,NYU,1,2,3349205_S1_R2,37.8,0.0,37.8,37.8,37.8,26.075054127919046,1.9902242171701952,25.486347958916113,23.887663251475285,31.450540436569014,0.35788419949281736,0.052632373017137794,0.3427357107988048,0.2928758080824154,0.48476308991923145,0.5241219636162581,0.06702824573875249,0.5056126088070523,0.4509586619526788,0.7037822090042813,0.5761257938679922,0.021677750651541757,0.583950617283943,0.5128237259816542,0.5935301216002958,0.7292122438275517,0.014438088934040498,0.725351121499231,0.7064838469844467,0.7685451687752264,0.5381331497773013,0.05094997476295308,0.5511580310701759,0.407687555150181,0.6009019508928816
3349423,NYU,1,1,3349423_S1_R1,37.8,0.0,37.8,37.8,37.8,24.887466221820635,1.1016675233691253,24.750987259337776,23.275764415138646,26.868805122375488,0.32599259629460875,0.037142671120866375,0.31823375443247914,0.26756954920606324,0.39837235293359896,0.48530998892161537,0.03876789882816485,0.48160968427940454,0.4239994024256088,0.5724846253369886,0.5844421078238311,0.008753379601443297,0.5890466908010719,0.5682400445558163,0.5945233454005309,0.7199101860158875,0.016308785301862475,0.7180424499961243,0.6950616337647009,0.75391105113626,0.5745385983960433,0.03258612922678723,0.569738133021365,0.5095501251819571,0.6214204005098249
3349423,NYU,1,2,3349423_S1_R2,37.8,0.0,37.8,37.8,37.8,25.206303344923874,1.1344023141407924,25.027455347462706,23.776261811507375,28.653627537426196,0.3342178343967845,0.03211446054631613,0.32980523655578353,0.2946843290976132,0.42779640129932817,0.5053516161490459,0.04804485742710428,0.49064329397913464,0.44671442772426556,0.6275011018069634,0.5818832521917747,0.01160251939618782,0.584925276153342,0.5433463287849302,0.5925276153346275,0.7192785651581052,0.009481228780209228,0.716587992712375,0.7053902526469309,0.7431880926745148,0.5702138829912251,0.0278806869643291,0.5756393226266604,0.4892353278818452,0.608740361616227
3358877,OHSU,1,1,3358877_S1_R1,37.8,0.0,37.8,37.8,37.8,24.15014126548293,0.3947117724635963,24.158063164510224,23.678939075219002,25.075983311000623,0.3203388707406627,0.011263536157263491,0.3174671217678008,0.30669551427650465,0.34707314051066257,0.5131012319101094,0.017204623544730173,0.5082962289868241,0.4894742767083193,0.5456785714285715,0.5840460204007879,0.002987404985923881,0.5852130325814449,0.5791887125220397,0.5873944119558094,0.7189886203294945,0.007948128736525253,0.716301458817231,0.712538595121329,0.7376014279395963,0.6251869206811175,0.018717329589033712,0.6263163131414035,0.5874406439552264,0.6453833356271444
3358877,OHSU,1,2,3358877_S1_R2,37.8,0.0,37.8,37.8,37.8,24.26516520848051,1.260129157886191,23.92282294191812,22.879044470975273,26.46040620301899,0.3257011838199838,0.03629022827900021,0.3179817691699523,0.28419587809224783,0.3873045349931822,0.5213006485299329,0.059368060243321565,0.5205179282868526,0.4514768212800446,0.6038686702457712,0.5799598791216624,0.010884135493313555,0.5839459760512286,0.563320337881731,0.590866054023939,0.715261389957583,0.010080546515055756,0.7159331240527519,0.7008466656614297,0.7335268094162507,0.6276336471197308,0.026670077980723045,0.6361635960582503,0.5702402224151645,0.6554326276366208
3358877,OHSU,1,3,3358877_S1_R3,37.8,0.0,37.8,37.8,37.8,25.722875226519957,0.6787673345740812,25.842935821884556,24.507070723332856,26.802935454719947,0.36483891950835123,0.019416236686962875,0.3671178269465299,0.32742156267721134,0.3914020479972382,0.534514609094029,0.022912163320355092,0.5299175535901663,0.48949244350192267,0.5631481769080775,0.5733609744525829,0.007640596076967995,0.5728441474055478,0.559003063213584,0.5849716884804491,0.7392137650629358,0.006172687849669622,0.7408674130267136,0.7285463692983263,0.7459908517944882,0.5699512455346041,0.01832969474849568,0.564588480581981,0.54726683075997,0.5987711813615179
3385520,Peking_3,1,1,3385520_S1_R1,37.8,0.0,37.8,37.8,37.8,25.630888047649865,0.7184612891962646,25.7534391321634,23.569367130806572,26.687481224536896,0.34587074001637236,0.022981245332303557,0.3469435451578131,0.2847663834203446,0.3906129156121359,0.5083839967403014,0.03216959005488731,0.5053923536037495,0.4300338484987882,0.5905622705753927,0.5815275542061954,0.006257619038732504,0.5812215724496244,0.5664578111946468,0.5944119558154615,0.7298918438668888,0.010465189655609533,0.7304314582231745,0.7045606021018245,0.7495306849511114,0.5478901507830479,0.022068811498994055,0.5451742033744649,0.51121092506917,0.6098020497785243
3390312,Peking_1,1,1,3390312_S1_R1,37.8,0.0,37.8,37.8,37.8,25.331295092076786,0.7516751713505768,25.349514363941392,23.630564127784027,26.942103801275554,0.33403146327763955,0.024258806450195004,0.33354672222356196,0.2792992707259039,0.3897556936913911,0.5155574360861683,0.045189656416762404,0.5050119362791333,0.4309454453669152,0.6241546214029969,0.5827965577901278,0.0072682512797598775,0.584396175624241,0.5648974287570525,0.594152046783624,0.7248181980808415,0.009431612491676577,0.7254166355066846,0.702799982640102,0.7494740963447917,0.5635305372220615,0.01831362030757107,0.5630331040225431,0.5188737408393141,0.607279427964121
3433846,NYU,1,1,3433846_S1_R1,37.8,0.0,37.8,37.8,37.8,25.33548209951707,1.3855180542224894,24.863801032618472,23.095825567370966,27.759211456775667,0.3390356194645745,0.04556969372244027,0.3197847900833418,0.2631147205837241,0.41708688069558836,0.506947497714737,0.06303428598412122,0.4954022988505747,0.4139629443326626,0.6213604398014002,0.5810030824186863,0.013422325208756629,0.5870509607351665,0.5508307806553431,0.5962962962962945,0.7269923473446765,0.01777406952620011,0.7222887547397457,0.6946462569098099,0.7577042036464104,0.5625761670874498,0.033036718105697666,0.5704092849333351,0.513928214689046,0.6229749379052455
3433846,NYU,1,2,3433846_S1_R2,37.8,0.0,37.8,37.8,37.8,25.460750916475828,1.182319471615681,25.33396088826029,23.060698641601363,27.48533943954267,0.34165980139666374,0.03491644862297232,0.3452092868957394,0.2696815228456314,0.3978018586262195,0.5178165701544152,0.05487757448990846,0.5180867150131152,0.42208890515081016,0.6225472167535643,0.5796710486305096,0.01065770564513046,0.5807063956186662,0.5611018286456891,0.5962127541074871,0.7250419673501917,0.012066082227564166,0.726715765211811,0.6951988484453481,0.7432395594935665,0.5627531818882637,0.029223546767680582,0.5600210163992316,0.5159958720505985,0.6318850164873558
3434578,KKI,1,1,3434578_S1_R1,37.8,0.0,37.8,37.8,37.8,22.107662207384905,0.41785119419652095,22.067821541742276,21.357770237169767,22.729354409795057,0.25949265860751486,0.013140434463111148,0.26309074044559627,0.2352855655804091,0.2795651301309038,0.43097317534426716,0.02544719837061883,0.42946637700931345,0.3875789623110228,0.4811397660560025,0.5947608218076023,0.0019062992294836,0.5952009653764032,0.5889074538197326,0.5972895200965339,0.6944249818046063,0.006653075829078119,0.6955015608387352,0.6825100405821024,0.7039670835446514,0.6830910567850895,0.01043114196148577,0.6809867030596275,0.6652272371703355,0.7037731366630916
3441455,NYU,1,1,3441455_S1_R1,37.8,0.0,37.8,37.8,37.8,25.012573520057646,1.1388907396817076,25.18005913370534,23.09918411844655,27.330986854904577,0.3280412902918803,0.036997068663989885,0.33309465521629267,0.2631828023288452,0.3949856536134348,0.48604299406675444,0.046829426384246184,0.48586204184363696,0.4098169646640115,0.6003543433909588,0.5851412695211793,0.008737746518668082,0.5845493363037124,0.5593752900770361,0.5962220365729115,0.7214249809287107,0.014861478219835,0.721961081932345,0.693631357505038,0.7447583691208903,0.5677869123378242,0.0320203755225893,0.5624813216836696,0.5222475282397652,0.6271826715812614
3441455,NYU,1,2,3441455_S1_R2,37.8,0.0,37.8,37.8,37.8,25.32313346841158,1.3963488236111603,24.722070981326855,23.620914153362577,27.869611984805058,0.3368682559641776,0.04380193144712532,0.31752978240758417,0.2831035296299554,0.4188899303798123,0.49396384111601777,0.053149714300919505,0.48738453053908726,0.432571005462496,0.5919606216591862,0.5826521284053002,0.012720433149729331,0.5893808595562947,0.5572301123178275,0.5948389492249144,0.7253501455821211,0.01594218415676433,0.7214792462191874,0.7031144574066942,0.7560921318697595,0.5553421369225806,0.03825150994369557,0.5733204582248084,0.4816793590261225,0.6037497363775031
3446674,Peking_2,1,1,3446674_S1_R1,37.8,0.0,37.8,37.8,37.8,24.47921501763825,0.611919024733364,24.61678433167307,22.9598957039808,25.750092699653223,0.3110825605840466,0.020282566088211895,0.31296641275115733,0.26934083076987364,0.3491672859323213,0.4672508265120917,0.026128275690997585,0.47164948453608246,0.4155703060931246,0.5107340741515131,0.5898782638619999,0.0038613480091375927,0.5898635477582787,0.5817413905133111,0.5957764782326153,0.7156368450571837,0.009291841359642608,0.7152174854705003,0.6951357305934643,0.7322901541352453,0.5809101037544622,0.019058739442358606,0.5799158417657371,0.5342377734463117,0.6302548763546828
3449233,NeuroIMAGE,1,1,3449233_S1_R1,37.8,0.0,37.8,37.8,37.8,24.453141654158348,0.5818720788456334,24.506130072317625,23.06563326747794,25.76167594006187,0.30750197418718384,0.018416456643596438,0.3064184940741512,0.2633133598330169,0.34628016527228533,0.4737007964404154,0.033316713975619174,0.47182428361464246,0.4145956908886327,0.571486328824406,0.5889632293293579,0.00522519416709689,0.5896662953680435,0.5730752807945733,0.5960271047990294,0.7115353808338957,0.00702195143914765,0.7123844538805819,0.6907094294728802,0.7233012175189008,0.5862606327295038,0.01396294817467837,0.5854202014212819,0.5605684457864977,0.6253161494660863
3457975,NYU,1,1,3457975_S1_R1,37.8,0.0,37.8,37.8,37.8,25.881962250062212,1.8580084815782976,25.333482096697153,23.480017119959783,29.822872718384392,0.35077594006038676,0.05152924282653539,0.33516216546647404,0.2841596461450447,0.44761039722823537,0.5277152102833699,0.07077859248310679,0.5187303019403923,0.4374664408739829,0.6785156414911133,0.5736543900345619,0.022467495412402304,0.5817460317460247,0.520240968382188,0.5942820012995407,0.7200396991318477,0.009493396220350553,0.7196897367853083,0.6977581229851111,0.7338488127788052,0.557003735675384,0.037719796829434646,0.5598994148570958,0.4662347474857746,0.6171302115093928
3457975,NYU,1,2,3457975_S1_R2,37.8,0.0,37.8,37.8,37.8,25.14305984121485,1.446483451450811,25.69967019306986,22.98019729727193,27.11950220246064,0.33449234182006304,0.046252036413046996,0.35513776533971625,0.26402693036694264,0.3944838626328094,0.4960674920639341,0.05961173520514678,0.5111950861439002,0.404136197440585,0.5800592798133316,0.5813948984850298,0.012675372607446295,0.5807574491784866,0.5530539311240953,0.5968718091525117,0.7212757476620987,0.01902136572108,0.7200792694083937,0.6937344129958354,0.7588939679261407,0.5701031930837155,0.03788041117511887,0.5602776393920922,0.49258099571638075,0.625026783766238
3466651,OHSU,1,1,3466651_S1_R1,37.8,0.0,37.8,37.8,37.8,27.042034793388076,1.6894465720906018,26.383542695798372,25.37789854564165,29.32439616165663,0.39993398090100907,0.04633881833714598,0.38958523549917795,0.34606556150877604,0.4631416522862801,0.5590107125404414,0.04951442304368775,0.5317740593510215,0.5073681741781652,0.6294546929861907,0.5614364099549303,0.01928661635855158,0.5716921934465715,0.5354126055880648,0.5790587580061213,0.7455356765057902,0.010962078093212872,0.7494360390257556,0.7324115447965259,0.7645131114664663,0.5250881120460658,0.047689978332858984,0.538836142068054,0.45866476513820914,0.5760416985222039
3466651,OHSU,1,2,3466651_S1_R2,37.8,0.0,37.8,37.8,37.8,24.739465998697003,1.0331654018840846,24.805091776345904,23.00941079917707,25.86928728944377,0.34234345774207997,0.03436825474093667,0.3339854134654749,0.2842262373388861,0.38658390006881055,0.5322993303272637,0.04540939531076836,0.5262958824035072,0.45443979392617645,0.5933848671949697,0.5741734995925892,0.011600684765354594,0.5790541167734028,0.556167270026901,0.5913951545530426,0.7227275442280526,0.012467251562582233,0.720230161035285,0.7061092704618581,0.7447564863996249,0.6136365392069485,0.02307065193070377,0.5982235780833857,0.5914740762980129,0.6510859900233275
3466651,OHSU,1,3,3466651_S1_R3,37.8,0.0,37.8,37.8,37.8,26.105175614426706,1.9236654577251833,25.31281191110611,24.613979371597893,30.24555124609094,0.3774521231425142,0.05735144836057198,0.34905560552836457,0.33435592808229936,0.48590036915867113,0.5621849442550864,0.032327629432252605,0.5514684138810774,0.5254279200492153,0.633955782765341,0.5667145229328453,0.014396800018782263,0.5705188898171407,0.5365849809709581,0.5792908196416913,0.738956701657203,0.020072605639555412,0.7308763842219336,0.720289624956709,0.7792476628837934,0.5621221489391246,0.06849936631630263,0.5925992090202115,0.41403303952045806,0.6107198063691855
3470141,OHSU,1,1,3470141_S1_R1,37.8,0.0,37.8,37.8,37.8,24.573255842645267,0.9213611587566399,24.7974290364667,23.378861993551254,25.776304660972794,0.3231960977232175,0.02576408230888726,0.32561542345406574,0.2888796432389242,0.36440336805972434,0.47645474774090285,0.014532894276417858,0.475164254064001,0.45468031860689206,0.49599474974424307,0.5875027073857431,0.004232172504730346,0.5866100436275811,0.5788823911630885,0.5921748816485614,0.7278978997783556,0.007993421515917861,0.7282564466582359,0.7169492268698202,0.7439820026716001,0.5810888250335032,0.037081881828539505,0.5658319249354973,0.5375291621243512,0.6311434625467196
3470141,OHSU,1,2,3470141_S1_R2,37.8,0.0,37.8,37.8,37.8,25.556750073140126,0.3736629201819732,25.51518678476936,25.021431941735116,26.110178476258326,0.3541379149778097,0.012867235104145522,0.35434612892619605,0.33595144846218633,0.3733671915502332,0.5579650234982131,0.017655492666934326,0.5490373026303835,0.5408579075543124,0.5927369262971598,0.5755087306744187,0.003937797710336913,0.5757170704539114,0.5696509793001063,0.5807760141093499,0.7361015781843476,0.0060588318175476205,0.7341277932511846,0.7271327281445042,0.7448457563498574,0.5744172502022878,0.013092429145067613,0.5762730358404491,0.5502433556827853,0.5891432763639847
3470141,OHSU,1,3,3470141_S1_R3,37.8,0.0,37.8,37.8,37.8,27.71057925266132,1.128912762208554,28.194002408730356,26.091871320573908,29.04903473352131,0.42152637070473475,0.03353689611475018,0.43883485847920695,0.3710019963399608,0.4607084921184236,0.6030577171549119,0.04687434237141707,0.6014141037009381,0.5480609037927562,0.6848557373904385,0.5518008645953486,0.0200163466030623,0.5537649679754859,0.5143036161833433,0.574386893158812,0.7503273015058501,0.016048955486285023,0.7513769959351331,0.7239538740251031,0.7767293205570136,0.5168626253744093,0.029317363308413044,0.5220529229751838,0.4663666905981025,0.554678795457849
3473830,Peking_3,1,1,3473830_S1_R1,37.8,0.0,37.8,37.8,37.8,25.033749525859204,0.6024898287805226,25.049548979181992,23.953431820869447,26.205118971749357,0.3257990337863508,0.021395794836576235,0.32513616145842267,0.2837401781585852,0.3740126745626732,0.4833459887120129,0.026025331961415803,0.4814197091426828,0.42710521324350714,0.5514146730077493,0.58714129497184,0.004682005201551364,0.5881277267242077,0.5736053095702077,0.5941984591107381,0.7228742018568565,0.010059398892532464,0.723686658250231,0.7042782853337056,0.7439017065780588,0.5610132644664328,0.018678973105548186,0.5574745498637043,0.5262890982548196,0.6007908371556473
3486975,KKI,1,1,3486975_S1_R1,37.8,0.0,37.8,37.8,37.8,22.94526952102244,0.6832119105443687,22.753509435528205,21.814508048797908,23.978043777691692,0.28968249627518045,0.018395692810342278,0.2835168322923907,0.2640465744253215,0.31975090838315207,0.4525819270505857,0.02574748711261338,0.4480106631122959,0.4047390943348023,0.4913713209238653,0.5910756423221762,0.003727738628235202,0.5916086512577692,0.5846514434233693,0.59604566972988,0.7074315717397993,0.009419467500139863,0.7061687782229442,0.6942238693434167,0.7217374211348053,0.654595289068609,0.02066415354894598,0.6583935964592185,0.6237536517367394,0.6864484854459564
3494778,Peking_2,1,1,3494778_S1_R1,37.8,0.0,37.8,37.8,37.8,24.577141346628462,0.6620080765203279,24.384451630240992,23.660104758174796,26.329601988666937,0.3136976421707675,0.022088831206673987,0.3091195542113358,0.2787561152083581,0.3672666145844794,0.4790558119906357,0.034816608072926,0.47226697803667295,0.42992830064282184,0.5741287252008666,0.5879784148718625,0.005846089787087259,0.5887496519075394,0.5713125406107801,0.5947832544323729,0.7154275331777816,0.008648657010864478,0.7149117580556131,0.6972686390632049,0.7348647656567319,0.5826396466943535,0.017442092977384346,0.5880106240087682,0.5465748641458403,0.6081884037548704
3515506,NeuroIMAGE,1,1,3515506_S1_R1,37.8,0.0,37.8,37.8,37.8,25.157261293069446,1.1479502644775033,24.73654679844254,22.99590482523567,27.77858262752232,0.3268879557495751,0.03483450201919543,0.3142138337387693,0.25464370352604876,0.40490842082782547,0.48710259808046785,0.04678698760690087,0.4699308975738298,0.39939987365761215,0.5906367706834378,0.5854789752158118,0.009019409034789719,0.5886869952659396,0.5625053374176053,0.5974101921470335,0.7195581274103879,0.01256445378909181,0.7182976705167241,0.69104708442035,0.7484824083075611,0.5604429604988972,0.03098373610699434,0.5711217106019378,0.49762613139621265,0.6192087993386793
3518345,NYU,1,1,3518345_S1_R1,37.8,0.0,37.8,37.8,37.8,24.725246125686837,0.7691971281910791,24.946720410648144,22.680658323513835,26.071762818411777,0.3196111916425271,0.02503471580795606,0.32505024071561944,0.25128531325442294,0.3569621794224452,0.483074442743709,0.03413630342025699,0.487956173399761,0.4011614385487656,0.5486330223594221,0.5869232468143494,0.006141821304444134,0.5871901977165057,0.5740090968161082,0.5968996565487776,0.7170464523377341,0.009167413115256692,0.7185456353368923,0.6878602534578756,0.7293884431074271,0.5781154373075038,0.021745666136080276,0.5748856097866453,0.5387626653592655,0.6376677827578141
3518345,NYU,1,2,3518345_S1_R2,37.8,0.0,37.8,37.8,37.8,27.511185367613653,1.470852200909101,27.055300229474117,24.903322060484633,29.827270709840874,0.40573492734599836,0.046557363232732865,0.38562307947141705,0.3286435661208308,0.48878564547977343,0.5699015338032987,0.06068818912522861,0.5567305357369997,0.48651275980875164,0.6867105810123749,0.5646246202991447,0.01635318221377064,0.5696649029982253,0.5359797642253885,0.5878771001577885,0.74977691429,0.014389256532000813,0.7466800250906257,0.7282635231239343,0.7762538199479522,0.4928885311855287,0.044475531609241316,0.4892648647037996,0.41938000417160676,0.5739498240341552
3519022,KKI,1,1,3519022_S1_R1,37.8,0.0,37.8,37.8,37.8,22.315742235170507,0.6348407354703458,22.216434086623945,21.318348547032006,23.34219500391107,0.266150871574702,0.01911442662168709,0.25926879932986535,0.23909660682325706,0.30615288719971984,0.43809957723680937,0.03294328214262907,0.4233433289690417,0.38853336353725704,0.4918461482584535,0.5936195263988382,0.003346885143769258,0.5948946440174478,0.5867353569107894,0.5974473220087233,0.6983545452088539,0.00983017593080054,0.6992557120786864,0.6812028256612364,0.7177099641753817,0.6755872990601289,0.01674461712059578,0.6746106549462579,0.6423098931170479,0.7008718750796189
3542588,NYU,1,1,3542588_S1_R1,37.8,0.0,37.8,37.8,37.8,24.772214070725138,0.728965313942717,24.94106645019431,23.002802745919478,26.036204689427425,0.31817980986779304,0.021163202279441906,0.31950372157301976,0.2702657322732427,0.3527479069328888,0.49098149147772796,0.03402791582188708,0.49345164595538976,0.42983659723088435,0.5527873077596975,0.5863810227996483,0.005529446229474646,0.5873479996286936,0.5743293418731933,0.595377332219433,0.7180239169641163,0.009161073276182567,0.7201339546295905,0.697719912339268,0.7351785939635599,0.5783356240169572,0.021612593136251988,0.5724841141129762,0.5476580955065316,0.6360331638614237
3542588,NYU,1,2,3542588_S1_R2,37.8,0.0,37.8,37.8,37.8,25.204477723151065,0.9247417227979112,25.308842355326604,22.888840734017524,26.868713334359622,0.3347955413892828,0.029183394072286546,0.336532663982618,0.26676996056177077,0.39548267473219956,0.4984418453445658,0.034222951303124104,0.5041413226349165,0.41429354933974605,0.5512968119920371,0.5833776971163446,0.00711066727237042,0.5834122342894094,0.5695952845075549,0.5961849067112193,0.72431334749158,0.013110340874533584,0.7232167239820401,0.6976479104781975,0.7584874434655662,0.5648517819410037,0.028861136206479898,0.5629004275755642,0.5060414315332313,0.6348222681271668
3554582,Peking_1,1,1,3554582_S1_R1,37.8,0.0,37.8,37.8,37.8,24.428004475735577,0.6078229886412773,24.505367705696507,23.172411433019136,25.444352174432655,0.3089722377908991,0.021060361191451587,0.3112627426503423,0.2710448558911961,0.3468572516218002,0.4706940083945749,0.030516543407048687,0.47552583180070224,0.4190451766728122,0.5217293795165712,0.5898172486319625,0.004258103053523888,0.590299823633154,0.581500046412319,0.596621182586093,0.7142171949397772,0.009039773535241494,0.7164071687340345,0.6974865019281037,0.7360067594835951,0.5840156347622425,0.015881622741105227,0.5802540705715903,0.5544808322425275,0.6174079063359624
3560456,OHSU,1,1,3560456_S1_R1,37.8,0.0,37.8,37.8,37.8,23.210933113376996,1.2030184334250469,23.121625729924755,21.691116901761607,24.844635297750173,0.28737453158705867,0.031636272201974194,0.285205328207792,0.2428016081674271,0.3261721056451939,0.45251898581774275,0.03602965497454786,0.47037228208271503,0.3987781801688152,0.4894138492977056,0.5904452489247777,0.00586511670575126,0.5917757356353824,0.5816996194189101,0.5974380395433008,0.7080494101998194,0.01654591152736757,0.7085260077664406,0.6859711709062322,0.726850505397772,0.6403570090613413,0.039871014117526,0.6452201611980427,0.5876468580567846,0.6896827573780893
3560456,OHSU,1,2,3560456_S1_R2,37.8,0.0,37.8,37.8,37.8,25.637073684400985,1.669609511169756,25.844039651594663,23.486012637301496,27.823853325216394,0.35494780068557374,0.057406316706022684,0.3637264781672544,0.27841024253820223,0.43260297944906884,0.5232001436271781,0.05775964715876174,0.5458009507281371,0.43927627566578575,0.594998469960219,0.5764816361892343,0.01415817908331739,0.5759537733221847,0.5545140629351255,0.5933908846189507,0.7386273028013011,0.023830071222269288,0.7421419331371744,0.7065306708884516,0.7738796858629736,0.561159478391455,0.04404265643966402,0.5574090105847906,0.5030550649723148,0.616088689090614
3560456,OHSU,1,3,3560456_S1_R3,37.8,0.0,37.8,37.8,37.8,25.202272696174376,0.39184451349910143,25.273103955544922,24.420133722455876,25.706443955396352,0.3501259882759746,0.011223974222461032,0.3512903423549836,0.32895202940196966,0.3702590944996033,0.5470848264655017,0.017080851129906885,0.547365805168986,0.5130449068311207,0.5677918126172027,0.5774394834823567,0.0026999226368251486,0.5768448900027715,0.5742968532442062,0.5828320802004918,0.7397671243770415,0.007082090542110703,0.7396651874011643,0.728532039821806,0.751802849327593,0.5874118233155657,0.016447597586862296,0.5848058592207549,0.5631455006389623,0.6196381803476455
3561920,Peking_2,1,1,3561920_S1_R1,37.8,0.0,37.8,37.8,37.8,25.715520858274957,0.9450579724118204,25.65648288413098,23.98255570374037,28.142330989712164,0.3474660137808861,0.03360172904629914,0.3399322957225395,0.2885541955981039,0.43125492360437945,0.512452704452682,0.04498489624033294,0.5093741445496273,0.43544639893793563,0.6078016191467642,0.580664239641556,0.011525069779490282,0.5841733964540916,0.5452910052910018,0.5944490856771512,0.7295555980428144,0.011503408682311584,0.7274601451681533,0.7081350464046484,0.7583170359560044,0.5444133802462514,0.021341246010139894,0.5432542843328682,0.4990381790614998,0.5879974567435373
3562883,Peking_2,1,1,3562883_S1_R1,37.8,0.0,37.8,37.8,37.8,24.55314143399525,0.8094004273516565,24.6050031687084,23.010335033190877,26.167139867104982,0.3145355321971824,0.0250577377075716,0.3154927518142112,0.2644536213155646,0.3583113903973156,0.4779436980878365,0.03557350720746998,0.480408484105625,0.4162924598473787,0.5478525106984884,0.588544418861058,0.005293637163185979,0.5885454376682392,0.5763389956372311,0.5961106469878368,0.7187375240101888,0.012443833667523965,0.7204009940193757,0.69264475377507,0.736511451158993,0.5792951787630024,0.023376580485369943,0.5816766686640022,0.5363825870436634,0.6242391993245252
3566449,NeuroIMAGE,1,1,3566449_S1_R1,37.8,0.0,37.8,37.8,37.8,25.203063848150947,1.4146540243415542,24.865623708775168,23.109530987551338,29.017972349493128,0.32801215154943153,0.04655124496269427,0.31565735347464624,0.2702977525186173,0.46622221298857197,0.484143202071382,0.04107414207425486,0.47414500436993035,0.43277755632224985,0.5975309924510007,0.5855896124022906,0.010648188616029168,0.5894551192796735,0.5508416544005432,0.5957857606980395,0.7232999615023397,0.019109569840910567,0.7191854442843174,0.696322723554476,0.7790146261041341,0.5560953666642358,0.045613960644645166,0.5655860670626711,0.43078059234249994,0.6280961701578498
3587000,Peking_1,1,1,3587000_S1_R1,37.8,0.0,37.8,37.8,37.8,24.948787662428977,1.1875549604565796,24.889582925721218,22.977583648342836,27.47270024136493,0.3261149287304618,0.03707017502915495,0.3260010386772442,0.2622761029368298,0.4078589630174931,0.4946140005747028,0.05477017994236504,0.48312447243685475,0.4138364165439663,0.6191820187817519,0.5843414090782443,0.011156972175900984,0.5880905968625216,0.5550078900956021,0.5964448157430587,0.7192416396489704,0.013070804975862436,0.7207538704806034,0.6913925290778011,0.7418673900764455,0.5736551916331027,0.03010467830025974,0.5739355949862891,0.5099910525417832,0.6275907944899288
3593327,Peking_1,1,1,3593327_S1_R1,37.8,0.0,37.8,37.8,37.8,24.640308911572372,0.5345559764180468,24.645550847680944,23.321041973327336,26.04775514414436,0.31470278080954606,0.017298418058748672,0.3116102940898597,0.27639217388557896,0.3625626942797569,0.47138939269400354,0.02347098378016634,0.46871304986806506,0.4192859322551114,0.5231823257779253,0.5891904558143279,0.003559305429041161,0.5900491970667391,0.5812401373804846,0.5961941891766459,0.7174948724474263,0.007412437020376577,0.7165133889153611,0.6993485679303505,0.7371270648283467,0.575283019578004,0.01669368707940306,0.572728838123209,0.5273276984675022,0.6146140203755468
3601861,NYU,1,1,3601861_S1_R1,37.8,0.0,37.8,37.8,37.8,26.46942694782129,0.8561859492679078,26.555893259299427,24.888807697045177,28.14797872116691,0.3712691909725702,0.025838237343517444,0.3733415457624223,0.3174761686136846,0.4211108327150905,0.5418451617356875,0.04350404573378972,0.5376070493953258,0.47788299131545,0.6537851069312033,0.5720767435830908,0.0107994616353263,0.573368606701928,0.5479922027290492,0.5879235124849146,0.735327205318614,0.008670551939527,0.7369491019864307,0.7174357396604754,0.7489543325776697,0.5307384856872087,0.021576168992897497,0.5248452967569642,0.4995566961526937,0.5844152406708705
3601861,NYU,1,2,3601861_S1_R2,37.8,0.0,37.8,37.8,37.8,26.54378467776598,1.3758093182485587,26.229938313208127,24.36406451777408,29.120330171208632,0.3753072203088277,0.04033540233671023,0.37602265796302203,0.3106349377687653,0.4569270520550016,0.5257732134334359,0.0320461873992617,0.5311709369893437,0.4675283187136449,0.6069772884302495,0.5742959249976695,0.010521008530923031,0.5730279402209213,0.5508159287106706,0.5904112132182218,0.74150241602323,0.015933903315995424,0.7342513508587081,0.7172561782594802,0.7749072230892292,0.5154006551950562,0.052723252283020564,0.5352991392206794,0.4107710694443446,0.5869812885422256
3610134,Peking_2,1,1,3610134_S1_R1,37.8,0.0,37.8,37.8,37.8,25.107835990948,0.7464107882579384,25.118387039084183,23.38218628450444,26.655263679278523,0.3293204732721625,0.021874118143352606,0.3285436190671971,0.2798317904391997,0.37909770466927617,0.5083511763007579,0.036414875308129445,0.5162855382895898,0.4253317199365768,0.5747264172555377,0.5839690690139895,0.006044684045657778,0.5845539775364221,0.5677573563538307,0.5946997122435699,0.7227158683766376,0.008465859154104239,0.7229947203916425,0.7014687515564128,0.7375345288268684,0.5696727243167063,0.019166489267791215,0.5687219650690285,0.5349453242101964,0.6125599065968267
3611827,KKI,1,1,3611827_S1_R1,37.8,0.0,37.8,37.8,37.8,23.78616815262224,0.6797062568227503,23.833556266521153,22.427530774003582,24.890872019215635,0.3108065455937998,0.02189763602159845,0.3121564313168022,0.2623237776586859,0.3393925231891255,0.4871857252501502,0.027298594103611254,0.48799527561961353,0.4206948325478584,0.5255875652106669,0.5856475985284768,0.00456035937178139,0.5868931588229741,0.5771326464308824,0.5943376960920792,0.7168452463096912,0.01033290017083848,0.718800098635643,0.6974491448558073,0.7301493721835315,0.6327093193620458,0.021695321836017252,0.6368577644938515,0.6012940958793765,0.6692570973890002
3619797,NYU,1,1,3619797_S1_R1,37.8,0.0,37.8,37.8,37.8,25.004660855544675,0.8330487712932476,25.058874330395145,23.024942436343746,26.639094016426487,0.32943738246308185,0.0277875161692162,0.32614102343723744,0.27014299755320886,0.3944901905929181,0.4847808165815634,0.02981546962803306,0.4821607267827827,0.4161769449781904,0.5445436907200394,0.5864168723212839,0.005857127637612819,0.587793557968989,0.5729137658962195,0.5967325721711649,0.7241277187416154,0.012374983477425425,0.7253969383527389,0.6960751224396254,0.7571018562244484,0.5659745049266683,0.024920156322515832,0.5615213410630594,0.517091090305374,0.6212439826125058
3624598,Peking_3,1,1,3624598_S1_R1,37.8,0.0,37.8,37.8,37.8,25.638820147682676,1.146469284444257,25.519607527005046,23.781549345819574,27.888563472973672,0.34381576975050115,0.033871611868084385,0.33829829221603025,0.28634005340392676,0.40109105277166374,0.5217735105718814,0.05449639406002637,0.5214878315113024,0.43459950973202877,0.6281831865888612,0.5790512188329856,0.011234485794862548,0.58240044555833,0.5535542560103892,0.5945233454005362,0.7217191978290859,0.010677873963193269,0.7197902749609287,0.7015094174506644,0.7424768492220349,0.5563083007740727,0.026965133270991627,0.5626554595697095,0.5018346173323087,0.6027782729411649
3650634,NYU,1,1,3650634_S1_R1,37.8,0.0,37.8,37.8,37.8,24.340899573869585,0.7951625168812841,24.228638630791714,22.89221115739722,25.822528739979393,0.3054403514930991,0.026197295798833543,0.3059105974662854,0.2566452109281269,0.3503795626779129,0.47263778312144517,0.03953875659140066,0.46520036155468514,0.405985068961154,0.5592950330348458,0.5889255386230516,0.0064584655345308484,0.590587580061259,0.5741529750301572,0.5971502831151941,0.7098673133293488,0.00990194778914647,0.7103704591150964,0.6903390425112057,0.7289678850173725,0.5926123038823888,0.01909255606507705,0.5943956332198759,0.5529483950128133,0.6262973314239866
3650634,NYU,1,2,3650634_S1_R2,37.8,0.0,37.8,37.8,37.8,24.233231840083906,0.50377160213972,24.244511369027588,23.021940378138893,25.262070857223712,0.3033462364050164,0.015666631548767202,0.30437829151415724,0.261777183801638,0.33573172157215897,0.480437387681946,0.033622616931540374,0.47373425089902466,0.417076818299901,0.5579370872127178,0.5894559194922107,0.003896265413593394,0.5904947554070328,0.5769934094495492,0.5965283579318621,0.7097864808482216,0.0070971666087007584,0.7101210878267862,0.694770323700694,0.7248210153107626,0.5989404807938854,0.010431439540218815,0.5976322025782681,0.5849276061012897,0.6270224840287145
3652932,OHSU,1,1,3652932_S1_R1,37.8,0.0,37.8,37.8,37.8,24.369182594826345,0.7310793831589251,24.63805099035564,23.125229756769382,25.045536636051377,0.3270872262303684,0.02525882996737402,0.33813106477421423,0.2908681534411312,0.352280410846419,0.49671917051810294,0.02238170886465338,0.4972111848762309,0.4529187386415833,0.532980522989451,0.5832683560753703,0.005302423532724516,0.581532535041306,0.5746078158358784,0.5914972616727008,0.7220482280010068,0.008156275386212762,0.7270091401532349,0.7106397242188269,0.7309628014811184,0.6087847564560437,0.022916750477205858,0.60297293992336,0.5823392006488471,0.6466100889937322
3652932,OHSU,1,2,3652932_S1_R2,37.8,0.0,37.8,37.8,37.8,24.232499947603685,0.5487769759139521,24.53032003578387,23.037244332777828,24.663649937353636,0.3195143617005516,0.018002194470748262,0.32468164607896943,0.2805034120632723,0.3356358954705319,0.49538219884415224,0.021768392224359702,0.4994401177639939,0.44838951210707173,0.5152930346732126,0.5836786410470562,0.0038763903469169352,0.5823679569293468,0.579773507843676,0.5910424208669809,0.7211220129024788,0.006341365583191971,0.7216831554579742,0.7086359189568149,0.728960189231541,0.6143667306663295,0.014236237562723176,0.6080766749362101,0.6024822078319487,0.6444085427709557
3652932,OHSU,1,3,3652932_S1_R3,37.8,0.0,37.8,37.8,37.8,23.720717633990517,0.7268554132222108,23.816716889331214,21.92296605455248,24.547056294742383,0.318633127364225,0.02203511130265913,0.3264641509236287,0.26139341964001145,0.33084456101649196,0.4922348455336226,0.028045352892251362,0.5014004576659039,0.4260196905766526,0.5145876912914236,0.5849840651010141,0.004349949398065344,0.5844240230205081,0.5794718277174287,0.5939756799405865,0.7251885891186282,0.011801269299444559,0.7276164490629623,0.6975674900196684,0.7355124750940241,0.6330651539664276,0.024018997298529063,0.6249265311306083,0.6023597879948904,0.6867315128267193
3653737,NYU,1,1,3653737_S1_R1,37.8,0.0,37.8,37.8,37.8,25.303565962031186,1.186710739994218,25.179468179376503,23.581020119943116,27.212162416859677,0.3349656893788296,0.03776220911328018,0.33550831660561,0.2804068067116699,0.3978968074981774,0.5040015503443944,0.050629442547290036,0.4961584809900599,0.42988741044012285,0.5794232802720699,0.5817930842431697,0.010859103826496755,0.5850181008075724,0.5624570685974131,0.5958136080943085,0.7230105498431606,0.01338565279784189,0.7274040541108052,0.7031581709704972,0.7433853459464972,0.5616895714003066,0.030495964712611578,0.5614931745271569,0.5105696880727782,0.6095330982479137
3653737,NYU,1,2,3653737_S1_R2,37.8,0.0,37.8,37.8,37.8,27.416781215529262,1.1226458974655156,26.93468718466006,25.930302736633703,29.87571071449079,0.3995813629053492,0.03463568493621825,0.38908832941364024,0.3436008216560077,0.46902746251315586,0.5517746530491167,0.04830140855772151,0.5356865555754644,0.4904048045966285,0.6520213411775158,0.566615055244383,0.017205020867472463,0.5720551378446109,0.5275904708862291,0.5849159936879048,0.7488737556949454,0.011007813984768843,0.7467828093026143,0.7272455614884724,0.7760000505186512,0.4892509225393807,0.02141197504918853,0.49343657357484905,0.4536094438926784,0.5236819166554212
3655623,Peking_2,1,1,3655623_S1_R1,37.8,0.0,37.8,37.8,37.8,24.273065027491274,0.8459498721161045,24.137920591078306,23.069331813799707,26.28497447967529,0.30490109622561706,0.027105361473708824,0.30176334604390603,0.2656795489513006,0.35882554807154,0.4638910944812831,0.03652903156949071,0.45786456802330244,0.4075173935177329,0.5336608984985272,0.5898892443393882,0.006132284032267372,0.5923141186299041,0.5742040285899824,0.5968161143599713,0.7106454608604093,0.009349409913651895,0.7103490553750187,0.694701603956999,0.7259139059137382,0.5902897506082492,0.023429981939094964,0.59171562697422,0.5296233488901915,0.6280724158910482
3672300,Peking_3,1,1,3672300_S1_R1,37.8,0.0,37.8,37.8,37.8,25.84878523351292,0.857321603045103,25.67819875604228,24.530924245558285,27.992133838879436,0.34789779110441005,0.025674173809137207,0.34730957844313787,0.30222219932774486,0.40355660186295866,0.5210483332240624,0.03645872768277814,0.5064540819635976,0.4565703386180446,0.6110981213402733,0.5792780732318517,0.00922894417550941,0.5816114359973907,0.5526241529750351,0.5919799498746781,0.727966657291812,0.00939132553186181,0.7286154040746017,0.7113140789880684,0.7461615099898996,0.5439289978434656,0.022273655639881526,0.5462969838494014,0.49951982411193635,0.5885332191896717
3672854,Peking_1,1,1,3672854_S1_R1,37.8,0.0,37.8,37.8,37.8,24.39160398780458,0.7687508080170513,24.25188608106814,23.140049700674258,26.73027075905549,0.3047085246555839,0.02327764426735191,0.30324630449815554,0.26280531451641576,0.372175614382459,0.4627575296946781,0.029515155216404066,0.45448029634194537,0.40932381352372954,0.5332522975486675,0.5905275836384057,0.005313840283867206,0.5920542095980664,0.5735171261487013,0.5966768773786298,0.7130516503861143,0.010170135024434335,0.71368614518914,0.6938472312678285,0.7442135841185268,0.5822006805736032,0.022997083501773315,0.5860314128060953,0.5143345290092133,0.6194524408449074
3677724,OHSU,1,1,3677724_S1_R1,37.8,0.0,37.8,37.8,37.8,23.835703476374608,0.7327229327832341,23.69708171894676,22.55203767481603,24.790877087492692,0.3053864809237902,0.024952018007016435,0.3005259848681593,0.2619208662180966,0.3401613308315572,0.47324541712395696,0.03148772619340751,0.4631100115717649,0.4242046893059607,0.5220388438041397,0.5889775880029258,0.004487998503815225,0.5896871809152511,0.5818899099600815,0.5953958971502807,0.7161501419020939,0.013836583554261643,0.7127806386213663,0.6941503798429965,0.7347305988322642,0.6195472763900676,0.020100600425632727,0.6204819618111963,0.5891787955967439,0.6567967980295063
3677724,OHSU,1,2,3677724_S1_R2,37.8,0.0,37.8,37.8,37.8,23.680958217974993,0.7632648309906136,23.819473412162377,22.536820079150953,24.617972547129582,0.29657294275981283,0.022039628210856158,0.303185011922487,0.2591877772189078,0.31769448466295713,0.4662209523441729,0.031449494181934656,0.4736873978077878,0.412614238971003,0.502013305866904,0.5898238394339734,0.003992235244352713,0.5890374083356509,0.5844982827438906,0.5959249976793831,0.7131792894680976,0.009568310069969948,0.7160131621886433,0.6945262202195115,0.722451896454263,0.6206001263943014,0.02485897684091719,0.6260308101644625,0.5789542662436767,0.6531730588565993
3677724,OHSU,1,3,3677724_S1_R3,37.8,0.0,37.8,37.8,37.8,23.698759968936095,1.5985838532575318,22.768134446206847,22.522983113088106,26.561117699271755,0.3039548655500228,0.04825218318831325,0.2836954145291554,0.26175991807574034,0.38823690925680304,0.4669330193274527,0.04788862704526931,0.45812767637707896,0.41763126345235674,0.5361159989802834,0.5868534504986725,0.010454398861208735,0.5923512484915976,0.569850552306692,0.5952937900306301,0.7178417494381053,0.019021941879085954,0.7154321302449971,0.6989527657260167,0.7507827500762839,0.6253853610465682,0.048116667580574174,0.6481557742362898,0.5322747445113146,0.6629674388103517
3679455,NYU,1,1,3679455_S1_R1,37.8,0.0,37.8,37.8,37.8,24.509335435605095,0.8900276647753338,24.733252096176148,22.82535032598596,25.998159665183017,0.31243282676476636,0.028709689108376943,0.31722879411105936,0.2546024874382023,0.3599817476617626,0.48058617654725844,0.04107061775222975,0.48365775231239494,0.40312552987057026,0.5502661858148721,0.5871827397356668,0.006886080748767949,0.5872830223707287,0.5694532627865783,0.5968996565487787,0.7125878174352668,0.012046159477500982,0.7144283550278125,0.6873170016576408,0.7348734077109007,0.5886992420133039,0.021687708645710593,0.5850045994542429,0.5447007826296807,0.6305701785086257
3679455,NYU,1,2,3679455_S1_R2,37.8,0.0,37.8,37.8,37.8,24.073640622396002,0.7110199276085835,24.098913508339933,22.97268452236527,25.118114618878614,0.2999621544172339,0.02065948655506054,0.3022567139243677,0.2649485270352891,0.33479395028184744,0.4644707618737502,0.03606084701167849,0.4628093767987023,0.41263815540644655,0.53705809202345,0.5908874997199205,0.004385322076157974,0.5915715213960796,0.5804975401466542,0.5962591664346031,0.7095984191989303,0.009698493361902774,0.7100556075549805,0.6940608760892486,0.7253198537089355,0.5974365811108991,0.019846034054926583,0.5955782619368496,0.5629280528661037,0.6295750584269725
3684229,OHSU,1,1,3684229_S1_R1,37.8,0.0,37.8,37.8,37.8,23.403451744087956,0.34497681574494554,23.4120060039194,22.91160699725151,23.992783676636847,0.29254609268762544,0.009563690699814184,0.2974698745443652,0.27419540412495064,0.30268079090603106,0.464951749818247,0.02056339559492537,0.46093603938594485,0.4332429018162238,0.49839236583181373,0.5910986313520379,0.0015211962270208494,0.5913116123642408,0.5887728580710968,0.5939849624060104,0.7117003292552764,0.004815398235486097,0.71262454696495,0.7044526770888127,0.7178399075172924,0.6342652715736363,0.0158632578795182,0.6337268052460323,0.6038177023638394,0.6606026149250877
3684229,OHSU,1,2,3684229_S1_R2,37.8,0.0,37.8,37.8,37.8,27.26824636842772,1.4828611653017982,26.970254000237112,25.595331410357826,29.216143084827223,0.406591246478271,0.03984326460120014,0.39776669611643733,0.3579637721014049,0.457860452119614,0.5954222146873716,0.039099826774078854,0.5956905087462869,0.5323176102396882,0.6378269413371653,0.5544606371896876,0.015953718024738224,0.5544203100343424,0.5338503666574099,0.5767984776756655,0.7435238196737423,0.007930385622224572,0.7416835697875549,0.7340863270597212,0.7614747669415285,0.5315986898357854,0.04504180524145436,0.5481039121236618,0.4718088970911997,0.5860382220865259
3684229,OHSU,1,3,3684229_S1_R3,37.8,0.0,37.8,37.8,37.8,25.368256098938268,0.5320143684237045,25.527524784677908,24.780006418102666,25.99861452893207,0.35465823940851054,0.014320524263759115,0.3528893182948629,0.3312429843026278,0.37343841957998297,0.5185303459237557,0.016904114349281872,0.5247374823126381,0.4807402139016106,0.5371079622932353,0.5777169260599898,0.003619159825403405,0.576895943562592,0.5739162721618786,0.5854636591478519,0.7395246178771736,0.008620933766293455,0.7387308363426318,0.7248384916024911,0.7514862757314694,0.5716078094326368,0.024342449182297523,0.5666245176097671,0.5403942783739998,0.607551211970193
3691107,Peking_2,1,1,3691107_S1_R1,37.8,0.0,37.8,37.8,37.8,24.661307662442347,1.3103965154985049,24.5874839136475,22.81848478944678,27.783111092918798,0.31438729862787285,0.039195390741404525,0.3073612514873548,0.2578025179189132,0.4100597807512971,0.4713040010245334,0.0541602684749926,0.4534229919186355,0.40077720763466945,0.6066852545547421,0.587025784877726,0.011542809515825198,0.5915343915343874,0.553397382344748,0.5975401466629521,0.7137915979244147,0.0140935317161123,0.7137602078160035,0.6862243372842899,0.7365990189110648,0.5773461083694996,0.03513739832474669,0.57916988095876,0.5075574471969785,0.6355282736750772
3699991,KKI,1,1,3699991_S1_R1,37.8,0.0,37.8,37.8,37.8,23.76416699679797,0.5684113144141523,23.654507830895874,22.85858348858984,24.80541993818785,0.3124231133071973,0.018942882199068627,0.308899558576748,0.2829525525402629,0.35809702578650404,0.47859467290212493,0.020948377143098423,0.4833062639099162,0.4468655443413277,0.5143818662894907,0.586944599152195,0.003799338334301939,0.5876125498932472,0.5796714007240276,0.592434790680401,0.7174145508268075,0.010700169692316389,0.7159014505050126,0.7016069294156672,0.7438523319707184,0.6282612298395263,0.019054884653670365,0.6298123566653198,0.5990831838448178,0.6617601324608319
3707771,Peking_1,1,1,3707771_S1_R1,37.8,0.0,37.8,37.8,37.8,24.46317084156197,0.9857720331624666,24.11198906773015,22.96997243354195,26.192183452530912,0.3082533350070679,0.03144273833659911,0.30147682368091944,0.25590385471753363,0.36325143692694095,0.47657428707794786,0.05070016060247851,0.45398797515130934,0.40305218694645045,0.5843739489872305,0.588054372607213,0.007958697173461024,0.5914137194838903,0.5665367121507389,0.5973730622853423,0.712639721992788,0.011581013016340458,0.7106947980576153,0.6920759063079921,0.7369243844368107,0.5863369215347755,0.023951620029794632,0.5945020145939705,0.5341101477452223,0.6262775554593245
3712305,Peking_3,1,1,3712305_S1_R1,37.8,0.0,37.8,37.8,37.8,26.382046708575565,1.919382929088051,26.388608530948037,23.18367224210187,30.406359215159164,0.3652933684732987,0.05583114119151132,0.3655237683790006,0.26604575162633787,0.4716538027957159,0.5386245281423392,0.07075077675492956,0.5341530218757132,0.4133900857649912,0.6833355475031037,0.5709510812994049,0.021637943799958967,0.574217952288126,0.5143753121781617,0.5967604195674351,0.7275255155016049,0.014131956612885235,0.7304065067846947,0.6933425151011638,0.7564518747783368,0.5345099178700693,0.04575119054011318,0.5344528634479803,0.4279782075000254,0.6139473052168914
3713230,KKI,1,1,3713230_S1_R1,37.8,0.0,37.8,37.8,37.8,22.58743608027614,0.4713082751266136,22.61249022703422,21.55815329237988,23.434721208873547,0.2707289519513355,0.017116651017256315,0.27419358065984334,0.2287883137405362,0.291806210925512,0.4400294184918348,0.02115329007136738,0.44100781234390296,0.3913466418541702,0.4704273280544467,0.5928219671986928,0.002340291356121311,0.5920727745289015,0.588424765617734,0.5970388935301221,0.7003732902057858,0.008058002564167313,0.7015753825318,0.680024385014323,0.7106640248685573,0.6638991303038141,0.013447762195165086,0.6647449559137636,0.6414737620283322,0.6913855601671645
3732101,Peking_1,1,1,3732101_S1_R1,37.8,0.0,37.8,37.8,37.8,24.835629822468725,0.8818142574465895,24.86602907431753,23.053948823088096,26.439667577492564,0.32132179933084487,0.031226414930742682,0.31965578319924665,0.26189622607511814,0.37773729875234935,0.4832589400081316,0.03986878517229307,0.4897519632010979,0.4076628846484442,0.5520090535179731,0.5859021763985344,0.0075504500990820145,0.5862433862433807,0.5680172653856754,0.5967975494291257,0.7183421976976061,0.014149224430700536,0.7192556332535635,0.6886591002203846,0.7407297313544368,0.572757228018501,0.022248150362647823,0.5710366927757465,0.533186689411754,0.619208636168682
3739175,Peking_1,1,1,3739175_S1_R1,37.8,0.0,37.8,37.8,37.8,25.695631367656784,0.9372916597909152,25.47382213002757,23.787902581378034,27.416824136909685,0.3491815046195681,0.03020419395807928,0.3447071820329066,0.2901885996340397,0.3995986215647831,0.5204152291598594,0.03862918635077799,0.5115365576120708,0.4631486864400942,0.5948089520551336,0.5798750489593376,0.009654573284795282,0.5841733964540927,0.5608233546829824,0.5933444722918342,0.7307772423698982,0.01098412047471517,0.7325744495056923,0.7072826895168103,0.7557430212576544,0.5510081150903474,0.024855868022251048,0.5537570005703424,0.5074780266718492,0.6107298416800566
3803759,Peking_3,1,1,3803759_S1_R1,37.8,0.0,37.8,37.8,37.8,25.24312207832722,0.7373148405996717,25.328062177331823,23.604549082643107,26.7081531806996,0.33655488477744766,0.024428912691965985,0.3397529247726386,0.27525471664389667,0.3758656022217784,0.5064279549016408,0.03283549137541874,0.5080957265387543,0.42554913538888145,0.5786334357018527,0.5824886289798503,0.0069314593221479525,0.5833194096351889,0.5647405550914394,0.5960549521953019,0.7255055605110484,0.010610981810682719,0.7267446042458918,0.7021830776913209,0.7435499370069989,0.566200619923399,0.018733642675443384,0.5658953517534314,0.5358821502272314,0.6038386094739463
3808273,NeuroIMAGE,1,1,3808273_S1_R1,37.8,0.0,37.8,37.8,37.8,36.251044757292526,0.7182171865143301,36.46043518875774,34.041210436193566,37.47927125880593,0.6078689159957498,0.041586185504668444,0.6180301081665829,0.5033175390872396,0.7052360419800523,0.7234052777351485,0.03013518917708954,0.7227760791295377,0.6394213381555154,0.784686416732209,0.45948738702198316,0.019544750721082086,0.4624196060600134,0.40319679376911927,0.49942213422585374,0.7480084441836117,0.04375851484762568,0.7446282868733834,0.6453238908982206,0.8282401347791849,0.1395301770433902,0.08210148496720436,0.10898919671201268,0.048003657004920194,0.36644182699498806
3809753,Peking_1,1,1,3809753_S1_R1,37.8,0.0,37.8,37.8,37.8,24.70540041865372,0.7837238942668947,24.780021420278047,23.190446653177865,26.24006940816578,0.316616855665661,0.022086673666667805,0.32087230436813263,0.2737368519506802,0.35989716087695717,0.4791798358419652,0.03485477859491406,0.47250893610185146,0.4298330066423322,0.5628686616451863,0.5879538729388903,0.005527974009579902,0.588916736285147,0.5730502181379381,0.5958043256288872,0.7173478952004643,0.009253273935030597,0.7211571995648569,0.6967651611227949,0.7324857452998331,0.5756477692979476,0.023554141264578873,0.5742081352708998,0.5278942317558974,0.6220558185625196
3812101,OHSU,1,1,3812101_S1_R1,37.8,0.0,37.8,37.8,37.8,25.465547798600113,0.20198497612523605,25.497117589649402,25.126451366826107,25.76493424867329,0.3594062734849306,0.007933029074582475,0.3605133085089041,0.3468927128956307,0.37187849824454994,0.5084622006777307,0.008046363955046794,0.5099836827240021,0.4933690616768099,0.522414125200642,0.5792418288519621,0.0022628723963600095,0.5790494755406945,0.5765942634363674,0.583152325257585,0.7459629638700194,0.00398830642938778,0.7468801348099583,0.7390666007898528,0.7516964829348889,0.5610146130037587,0.007279710859084205,0.5592435924862793,0.5526936027307227,0.5737569416176804
3812101,OHSU,1,2,3812101_S1_R2,37.8,0.0,37.8,37.8,37.8,25.5309362109293,0.9092502141716156,25.395018327236176,24.386296907224153,26.854514720565394,0.36002301443584245,0.026897469107580053,0.3584184648075038,0.32672142440738383,0.4007843893669105,0.5378754853301092,0.028429433995030562,0.5429069003911269,0.4921504383357158,0.5795413958139867,0.573483709273185,0.007450453401507564,0.5750162443145,0.5603842940685108,0.5829620347164183,0.7378487639720018,0.013091434891172475,0.734663879020019,0.7179103868674075,0.7583695296205796,0.5787543921964683,0.028766512480496925,0.5867950388396627,0.5386874203926273,0.6207000929742961
3812101,OHSU,1,3,3812101_S1_R3,37.8,0.0,37.8,37.8,37.8,25.89716826001106,1.0997854031778946,26.24121487077914,24.44159979004609,27.49542777663783,0.37473326865192563,0.033159809057639746,0.39094786766516987,0.3268181204294895,0.41727640583644715,0.5481026262111538,0.041987744231739094,0.5662270387789511,0.4973765049321707,0.5910968642556161,0.5674711470033129,0.01430136792467819,0.5612057922584263,0.5514359974009185,0.5841177016615601,0.7420906186173036,0.011666225817485894,0.7431303354229974,0.7219327270070192,0.7635325770986829,0.5676268117576622,0.02470196832359344,0.5633253982358575,0.5249916701620915,0.605590134349516
3813783,KKI,1,1,3813783_S1_R1,37.8,0.0,37.8,37.8,37.8,24.016974467666525,0.9110334321145767,24.202506651376424,22.050425619514364,25.376758893540032,0.31787018265879885,0.026886336570363805,0.31621776361103665,0.25840040863201075,0.364358041596376,0.49937137578984153,0.031946718235444815,0.4973618810934812,0.4401362221674253,0.5378511687754665,0.5839452432250134,0.005934091712616174,0.5831755314211332,0.5726492156316623,0.5952102478418229,0.7166785336164473,0.014122097548150378,0.7157060330208813,0.6880813929168007,0.7434450354246999,0.6283206697206851,0.029980317754002245,0.6270707233939388,0.5665780975107562,0.6862690279906057
3827352,Peking_2,1,1,3827352_S1_R1,37.8,0.0,37.8,37.8,37.8,25.976452137309874,0.9109321992180113,26.09717402458191,24.09734103491432,27.43692393428401,0.3538872875500208,0.028029017939619597,0.3596435949061038,0.2934836174703463,0.3955253122658378,0.5194269805058389,0.034931206170088325,0.5186747562021536,0.4456563786576773,0.5878313507884074,0.5776647354610458,0.009517732345860916,0.5789612921191704,0.556928432191585,0.593130975587112,0.730199033313671,0.009730303113546323,0.731139112448998,0.7091288934476652,0.7478879561689633,0.5391788445467108,0.026011091677679125,0.5388317319982333,0.5003202482439687,0.5879838841567627
3845761,NYU,1,1,3845761_S1_R1,37.8,0.0,37.8,37.8,37.8,25.42138401079524,1.0604783367655295,25.04901601389835,23.85549217650765,27.483930489891453,0.33726418616275405,0.03310778220506667,0.3236903544051231,0.28631042349817315,0.39852517944016985,0.5094784433140078,0.05504594710830586,0.4994796890672016,0.43681381242538625,0.6450596972830686,0.5811186011004442,0.010573243997805876,0.5847767567065809,0.5567947646894851,0.5939756799405896,0.7220895465247082,0.010121872642398121,0.7203899623482526,0.703282483230309,0.7431168030036223,0.5616301594198658,0.022710287927829625,0.56690026829416,0.5218544160612644,0.5984183634001377
3845761,NYU,1,2,3845761_S1_R2,37.8,0.0,37.8,37.8,37.8,26.476216469550955,1.0439798900216055,26.562653099235735,23.286626076698305,27.916596670527206,0.37671952207309367,0.030513206908284685,0.3784303314719978,0.28539999530659255,0.4223263487227276,0.537214149722195,0.028329917861588314,0.5418409652890104,0.4528963720184406,0.5849714076606715,0.5711513137889322,0.009071748827757839,0.5706117144713538,0.5559008632692772,0.5931681054488017,0.7379554844844128,0.0118360167174463,0.7395679412735952,0.7071714060394508,0.7581160169343318,0.5309037978920506,0.035408289803932805,0.5286221396952943,0.47320531193375487,0.6325600089385496
3848511,OHSU,1,1,3848511_S1_R1,37.8,0.0,37.8,37.8,37.8,22.66821724877023,0.4927992284593441,22.553569468071586,22.03180112901487,23.306376032452835,0.2725492531722899,0.012997448416085865,0.26728947824697274,0.25476596992918826,0.2887904822022571,0.4394466347135373,0.01202413081353501,0.43545468715057295,0.42589158296047597,0.4597132284921369,0.5934589560320526,0.0013745024583631785,0.5932887774992992,0.5913208948296643,0.5956650886475415,0.6989790560400047,0.004321251459454803,0.6980591827845655,0.694912624591786,0.7086068582126325,0.6593317381240689,0.02222125521912907,0.6660729652010807,0.6260464513710169,0.685274845388267
3848511,OHSU,1,2,3848511_S1_R2,37.8,0.0,37.8,37.8,37.8,22.767287757522183,0.6996093663602513,23.01241109214331,21.482644067312542,23.625204854262503,0.2757685622680265,0.018487762614379323,0.28537499935431304,0.2394447137812354,0.29841215194583437,0.44806404956653445,0.02333421974053008,0.45205534122655316,0.40052183873910185,0.4737021492728828,0.59212279670369,0.0024594108233300196,0.5919428200129907,0.5892648287385097,0.597048175995543,0.7040621240736479,0.009476047532500823,0.705983510358666,0.689302517999976,0.715212912834657,0.6593842344124862,0.02289014322442691,0.6546302189852858,0.6303003815199066,0.6961370263448899
3848511,OHSU,1,3,3848511_S1_R3,37.8,0.0,37.8,37.8,37.8,23.905793003066936,0.32047120452783145,23.91095178095918,23.39516819433162,24.571331530495694,0.30619270944287547,0.010948908825651233,0.3069637003435634,0.2869527956686084,0.32404511916978385,0.4804165751972409,0.014404483968340988,0.48074952327828874,0.4607623769009178,0.5020974892927568,0.5871370813865875,0.0021439821618932597,0.5867492806089242,0.5843729694606784,0.5905782975958328,0.7168268741175892,0.005845819806268371,0.715465892102927,0.7072028884911223,0.7254259224494417,0.621817774394792,0.013100990457735414,0.6232879490249504,0.5913571068119187,0.6338059175117405
3856956,Peking_2,1,1,3856956_S1_R1,37.8,0.0,37.8,37.8,37.8,24.755427350802048,0.9728163792886158,24.35297209087171,23.45445497286947,27.058093488843816,0.31713985855085175,0.031356867075950624,0.30417828501723343,0.28112491120212046,0.3861813208015718,0.48129290405123476,0.05188089664257563,0.45826170391396476,0.4250781976498436,0.6306719428077961,0.5872098946553314,0.009147851058640598,0.592100621925177,0.5650700826139295,0.5959064327485348,0.7159172637748639,0.010405792123361738,0.7136355884490682,0.7011236368657368,0.7478189599582417,0.5741243374572695,0.02393302506185147,0.5804657836937699,0.5045081468154314,0.6181871018280926
3858891,NeuroIMAGE,1,1,3858891_S1_R1,37.8,0.0,37.8,37.8,37.8,26.120020749128383,1.008422501238777,26.375261044815964,23.72103038430214,27.5349752300664,0.35692390514865624,0.03131646413434479,0.36688055147175347,0.2846128362721146,0.40527059896467593,0.520693983611633,0.0347779327711632,0.523616564877732,0.4321625995754251,0.6063803787603121,0.5782380064492908,0.00846515315028806,0.5768676320430717,0.5587050960735115,0.5955165692007791,0.7343438028412352,0.013461810093128976,0.7360270052744444,0.7051480643195558,0.7598394103880567,0.5319930418575476,0.0331851220548578,0.5270051127189184,0.47461905224480627,0.6001829056213972
3869075,OHSU,1,1,3869075_S1_R1,37.8,0.0,37.8,37.8,37.8,24.16034493665946,0.7234445870836049,24.433563108193248,23.100340996604217,25.133953851775118,0.3208973325312811,0.025111944603113823,0.32624870426339675,0.27947589350109975,0.3569408708353363,0.4838925332476024,0.02834319789554968,0.4867294520547945,0.42901760167674413,0.52139302219288,0.5859236568788168,0.004221073856121299,0.5856957207834337,0.5806924719205302,0.5930845632599979,0.7242818213611698,0.013245798911151706,0.7266279337714192,0.7009879419993671,0.7427227698139398,0.6105202005862186,0.02557076606721909,0.6042984749705836,0.5704742009777174,0.646081208464031
3869075,OHSU,1,2,3869075_S1_R2,37.8,0.0,37.8,37.8,37.8,24.798583531937403,0.9311966390575176,24.50175873041153,23.956742292328883,26.79393566909589,0.336589709883979,0.02467233094874523,0.33597692345413877,0.31014149588831885,0.3871830614458396,0.5347121181956294,0.022708494810095528,0.5388646288209606,0.4851816791669701,0.5604027224398117,0.5785337830172053,0.005640322593298534,0.5782186948853555,0.567376775271507,0.5880720319316678,0.7264686308261248,0.016237637665670254,0.7312080630127643,0.7058807827752018,0.7517946427595366,0.6042207160864383,0.038825745734750665,0.612372941673383,0.5262811142798752,0.6393753796359418
3869075,OHSU,1,3,3869075_S1_R3,37.8,0.0,37.8,37.8,37.8,25.565615074188386,1.8778415580491654,26.064815548846596,22.530202780271832,27.43626837918633,0.35557714210214825,0.05265073688001861,0.36353861195009823,0.26894596437738977,0.4200884407448919,0.5131224914345368,0.04816813910368363,0.5227129240859358,0.42642698679272667,0.5613680988328841,0.5774906401806906,0.01059691597838221,0.577499303815088,0.5649419845911035,0.5938085955629764,0.7361415619060077,0.023796996570543072,0.7421912008054161,0.6954032663470704,0.767267136136672,0.5605575972245712,0.06543465023750072,0.5391680976867145,0.4976562421921401,0.6650412326070201
3870624,Peking_3,1,1,3870624_S1_R1,37.8,0.0,37.8,37.8,37.8,25.171259657294513,0.6737761500084963,25.230726575224022,23.712786809080526,26.632142627866646,0.33084264497848626,0.021809046950838764,0.3324717126144674,0.2876030541812843,0.37685567180448504,0.49472492392479706,0.03149011419574896,0.4932503251714253,0.4335427029761403,0.5464760698452908,0.584899353170634,0.005670936010437772,0.5849624060150236,0.569915529564635,0.5944954980042665,0.7256776333700323,0.009868838233916597,0.7271593594076505,0.70614583795117,0.7513720539458003,0.5598316841824934,0.020877191128715583,0.5585189550210427,0.51977526781719,0.602987098400057
3884955,KKI,1,1,3884955_S1_R1,37.8,0.0,37.8,37.8,37.8,23.200984733256607,0.5078810680207944,23.173281810158176,22.41241303274506,24.255200584938652,0.2946315970984808,0.02033787161489882,0.3003779283046836,0.26351840636344986,0.3387355415545429,0.4772974462306174,0.029193692745997896,0.4726578401535271,0.43153359092104465,0.5194075681808372,0.588635086742188,0.0035099879801339232,0.5886800334168638,0.5794022092267558,0.593595098858254,0.7079481889275718,0.01073516381218056,0.7064696881409837,0.6887746594190316,0.734208314617673,0.6555607846044998,0.012485872520122393,0.6536066845528298,0.6329037498943124,0.6779898961551074
3888614,NeuroIMAGE,1,1,3888614_S1_R1,37.8,0.0,37.8,37.8,37.8,24.23132888708835,0.9728488745186915,23.923185718373247,22.979723965807963,26.40313755524786,0.30073639055768997,0.02931123796683681,0.2913706259658882,0.26125564648343225,0.36634592654475046,0.4641580571020386,0.04403817465331383,0.4506399874825772,0.4048081230401672,0.5475819032761311,0.5898636486546416,0.007411234207359696,0.5931356168198234,0.5720504966118876,0.5973359324236497,0.7075407861580321,0.010225946147456273,0.7052766032088505,0.6924943947384352,0.7300949329306131,0.5930188435554669,0.025490511987939148,0.6027982859907294,0.5283515176644268,0.6298896171561326
3889095,Peking_1,1,1,3889095_S1_R1,37.8,0.0,37.8,37.8,37.8,24.365784196232344,0.6428847462381838,24.500308026138104,22.75860612110088,25.597890961797614,0.30782038083131913,0.02153616093936008,0.3109152602996153,0.2588587801232207,0.34996864917047876,0.46784674295327844,0.029775926104400066,0.467029487433208,0.4011740709417442,0.5327346517915486,0.5895104744698185,0.004697219107197648,0.590299823633153,0.5763250719391014,0.5972895200965355,0.7132265725411033,0.009038670718854466,0.7130960569083636,0.6903414959693489,0.727946046287201,0.5874702680436906,0.01869364984558787,0.5873373010270744,0.5565098901274343,0.6315189471403492
3899622,OHSU,1,1,3899622_S1_R1,37.8,0.0,37.8,37.8,37.8,25.17947045160316,0.8579875366530751,24.998368305909008,24.086395118738476,26.370779883234125,0.34121455911917387,0.023758213503165655,0.33527649438112817,0.31271093145138334,0.37578703363444194,0.5198555317028167,0.040413402416855294,0.5199201351558901,0.47044223368929344,0.572660919507484,0.5774479408397492,0.009764135908701649,0.58023763111482,0.5622500696184896,0.5884804604102799,0.7263361601611132,0.0079649595218881,0.7265319538924443,0.7120801175258487,0.7407948786489503,0.5868260074795655,0.019983024592040377,0.5842383613562524,0.5479144744805325,0.612484396473341
3899622,OHSU,1,2,3899622_S1_R2,37.8,0.0,37.8,37.8,37.8,24.507061929207797,0.42163700000546034,24.533608566459858,24.01854391443102,25.213564214580938,0.3266575218618733,0.011737683693392184,0.323532345636981,0.3138482153582193,0.3502761874365423,0.5020429842408035,0.010325196063670269,0.49911456901566925,0.4894656971229845,0.5189632576488354,0.5843451220644105,0.003977618344908139,0.583764967975482,0.5787060243200545,0.5899378074816635,0.7287606513519465,0.005538092294368503,0.7261830685465314,0.7232305538739079,0.7392592718099462,0.6038492592308957,0.019471363583925237,0.6029830527385275,0.573403259739176,0.6283177638097049
3899622,OHSU,1,3,3899622_S1_R3,37.8,0.0,37.8,37.8,37.8,23.18377578544338,0.44561322702814116,23.018124485643288,22.452188745611593,23.888331305666973,0.2872079165678636,0.013408633805890989,0.2813780586472895,0.26818968136412447,0.30706960526825866,0.46609273899554676,0.02695367374548581,0.45612252974855544,0.42937330415150615,0.5097148200093502,0.5902075146714456,0.002487305032910973,0.5909774436090212,0.586419753086409,0.5940313747331287,0.7102953620915647,0.007034376883131336,0.7086109524751542,0.697870788217019,0.7201640486391887,0.6453448285636101,0.011750322251944305,0.6458003732229268,0.620598377735958,0.6650059888104615
3902469,KKI,1,1,3902469_S1_R1,37.8,0.0,37.8,37.8,37.8,23.416017057668224,0.8927515007735206,23.262823805212975,22.26812970669646,25.112113028451017,0.2938024580816008,0.025983184524677634,0.29157162333090847,0.2588047563024518,0.33829301438395126,0.4789005755006163,0.04602103362538159,0.46862467890101717,0.41517199399594656,0.5691259453251142,0.5869318357622362,0.007438174892369644,0.5891673628515619,0.5715213960827856,0.5952009653764008,0.7094942130357187,0.010080458332457043,0.710172827051586,0.6916539088286598,0.7270690162870551,0.6475659089020995,0.017705365092358025,0.6492604669215651,0.614884220727205,0.6727930258755165
3910672,Peking_2,1,1,3910672_S1_R1,37.8,0.0,37.8,37.8,37.8,25.687203385220872,0.8345961298436921,25.79366123927267,23.62865426038441,27.3379746518637,0.34597126364872316,0.02482540913469343,0.34865080657809044,0.28638565345958983,0.3963281368759273,0.5222658727793968,0.03920028053504663,0.5222031065369521,0.4372132260653073,0.5909932710219465,0.580730711150043,0.007759326631590444,0.5806274946625808,0.5610786224821257,0.5947739719669506,0.7304173115317361,0.009875571013591624,0.7335845455579222,0.7049591200157401,0.7468234089801896,0.549099892559666,0.02150325765408194,0.5474007188626498,0.5039913023756394,0.6029052519791639
3912996,KKI,1,1,3912996_S1_R1,37.8,0.0,37.8,37.8,37.8,22.562626038347254,0.3566078638016854,22.610731161581842,21.73375572468105,23.063987044597926,0.2750332765096875,0.010473909204462457,0.2746768332925975,0.2528570682648877,0.2908946946884247,0.4359953427570848,0.016425134245018826,0.4350361186842053,0.4012261149851476,0.45959834574884634,0.5931463649376818,0.0018524753940270641,0.5935208391348679,0.5901884340480762,0.5969646338067389,0.7008878588351602,0.005769399962254098,0.7019861422729958,0.6890190604164795,0.7105298796717663,0.6652961857505408,0.010076702035314333,0.6635708838460572,0.6476487910505192,0.6862684102600844
3917422,KKI,1,1,3917422_S1_R1,37.8,0.0,37.8,37.8,37.8,22.418897897269257,0.5513559834226451,22.29714038340669,21.824166727379747,24.119660779676938,0.26851900745558666,0.01633212787222369,0.26495718305003635,0.24805748009207673,0.31777597314125355,0.43144564493842863,0.022966215311114615,0.4299555832407984,0.4037352086579357,0.5030717472390843,0.5939136339874983,0.003197978191391489,0.5946625823818749,0.5819641696834627,0.596435533277636,0.6997985886138586,0.00809648451431858,0.696889965481381,0.6914202424905215,0.7241706221249198,0.6681456601257703,0.016822371173213585,0.6707756209409991,0.6229840523650207,0.6867780329340581
3930512,Peking_3,1,1,3930512_S1_R1,37.8,0.0,37.8,37.8,37.8,25.288248143935235,1.310686854986243,25.17069414603083,23.654772377955286,27.941245359496065,0.3363219233152948,0.041518339692109614,0.33174454539321213,0.2791866798887819,0.42921838698491127,0.49865414475598063,0.05487980944893681,0.4744367068186707,0.42719077627377283,0.6054055795374009,0.582030369510036,0.012352295575102755,0.5881184442587882,0.5546393762183176,0.5950617283950597,0.7252683930898176,0.01570354880040074,0.7251427702836757,0.7024042226536068,0.7616878612464945,0.5604856361793049,0.03393394734744034,0.5601975478989206,0.4928181191567623,0.6050202680693069
3941358,NeuroIMAGE,1,1,3941358_S1_R1,37.8,0.0,37.8,37.8,37.8,24.85317102907315,0.8225135626068454,24.77738741008859,23.34883309414512,26.721068515275654,0.31655110524385277,0.02345219483056661,0.31515589409911904,0.27022232507559263,0.36579398145213243,0.47571499496094666,0.02987215164302954,0.47051892502335135,0.42285160278889394,0.5471024928142763,0.588174946222232,0.005655182137259468,0.5894783254432316,0.5724960549521875,0.5953680497540116,0.71634014969681,0.009048915909510992,0.7156573423671988,0.6955676702294149,0.7315666223851892,0.5692336715771468,0.026005053639122647,0.5736524378861667,0.519906942132654,0.6157035897914097
3959823,NeuroIMAGE,1,1,3959823_S1_R1,37.8,0.0,37.8,37.8,37.8,25.160130767036627,1.2840332028512706,24.78199038254587,23.41853842170615,28.697514159428447,0.3287587480851641,0.04018792088196378,0.31599599171692594,0.2781641999706205,0.437916965666228,0.4829661818099089,0.044524984603663886,0.46982866561538095,0.4176188511177199,0.592256506756144,0.5848994870428854,0.01106340229149373,0.5892300194931727,0.5512587023113382,0.5960363872644562,0.7215675223793572,0.015384268940291013,0.7175925259527749,0.7007810142100143,0.7604566389804892,0.5595507501195144,0.037947942798126445,0.5722071503587036,0.45316189084335873,0.6071636010912659
3967265,Peking_1,1,1,3967265_S1_R1,37.8,0.0,37.8,37.8,37.8,25.95941793335571,1.121021783058401,26.03250755510832,24.209974440148002,27.989087930478547,0.3547773131114331,0.03601062502001528,0.35622963504487687,0.30307219443643857,0.42685331401732457,0.5272176325677567,0.053533290436824435,0.5251696882961098,0.43710751665080877,0.6430888898132358,0.5765822867919499,0.012446040559665425,0.5768727373990405,0.5480608929731645,0.593260930103032,0.7286048317241012,0.011641262608861025,0.7267109204103134,0.7054498414898017,0.7521081929788782,0.544465282297647,0.025496871750953012,0.5444201881292636,0.4996548335487814,0.5915602263385823
3972472,KKI,1,1,3972472_S1_R1,37.8,0.0,37.8,37.8,37.8,22.658483607253867,0.7325527110112636,22.56163331489814,21.829955090660796,25.374654659472014,0.2781448830328579,0.02284427370200475,0.2751873188685659,0.24598024380883843,0.3532004440483204,0.4496710785472832,0.03292204471498633,0.4379162212587394,0.4090748330455406,0.5611475465351229,0.5917469111374887,0.005321937753091417,0.5926668523159709,0.5720690615427351,0.5963427086234084,0.702161211166141,0.009724151566857273,0.7018145296599319,0.6865569372948587,0.7323228329119011,0.6654414872909382,0.01886260128275533,0.6645460418392044,0.6019406636854759,0.6893570183163996
3972956,KKI,1,1,3972956_S1_R1,37.8,0.0,37.8,37.8,37.8,24.773481853764473,1.155895229538217,24.948951145222313,22.901810030247034,26.443804973677587,0.33757247694902137,0.0351366017598821,0.3491046371171254,0.28111250661731263,0.3840277026872582,0.5322639035167123,0.037998778407481094,0.54723177176869,0.4654122498952863,0.5867084530516672,0.5750909437335955,0.011615356265837222,0.5747192054209487,0.5531254061078484,0.5910424208669803,0.7254667441141651,0.012695709486248982,0.7251759877630054,0.7059545003575548,0.7433981072165088,0.6120443283256207,0.03001891855873406,0.5999719531149029,0.5653611739941276,0.6597742485555226
3976121,Peking_1,1,1,3976121_S1_R1,37.8,0.0,37.8,37.8,37.8,24.470995223246735,0.569462624759935,24.496101969166805,23.178218811750412,25.415658189748463,0.30706645928651116,0.01784270521529429,0.30750024036731466,0.2725232726675604,0.3422752293997719,0.47139676552241017,0.02608582564656248,0.4678950048608861,0.41488956319243525,0.5272637855781643,0.590087481576565,0.0032727623999738494,0.5906432748537974,0.5817181843497589,0.5962220365729097,0.7146464153651535,0.008926336797445455,0.7149826785325584,0.6962301899544598,0.7301397322343924,0.5832430148614387,0.018040569388108118,0.5846995073219954,0.5483220068865983,0.6207249062285719
3980079,NeuroIMAGE,1,1,3980079_S1_R1,37.8,0.0,37.8,37.8,37.8,24.4480299705226,0.6819938006729266,24.521221063325278,23.141851349567112,25.81476467659599,0.3087526057253785,0.021353601948372256,0.31133741884134114,0.26694189169095056,0.35665205300919484,0.4789071915998492,0.03354266991868982,0.47340779674737055,0.42807415092279133,0.5644482326746452,0.5886615693823857,0.005282245968305118,0.5893553327763783,0.5733036294439615,0.5961849067112213,0.711068555785429,0.008839017614820107,0.7114024826650545,0.6895823124049554,0.7279897932747774,0.5891241053960653,0.01876302886621691,0.587363377425107,0.5507363541582374,0.631590866707255
3983607,Peking_1,1,1,3983607_S1_R1,37.8,0.0,37.8,37.8,37.8,25.00430916081038,0.9260192405496623,25.000840621245533,23.203002286898464,26.851219236223322,0.3274597815221788,0.02907286324028057,0.3268140649780867,0.2735817518673734,0.3922397644178905,0.4882786275416759,0.040796271676938695,0.48656144883252794,0.4125093233883857,0.5693031101507117,0.585429359306117,0.008474637189444105,0.5878399702961039,0.5631068411770064,0.5961849067112195,0.72211243777642,0.012051184165027217,0.7244334926923185,0.6971372003368699,0.7419790256810223,0.5672365892355768,0.02541961859828813,0.5633608238606093,0.5155897776086628,0.6169248896450493
3993793,Peking_2,1,1,3993793_S1_R1,37.8,0.0,37.8,37.8,37.8,26.37667199272246,1.20742885048657,26.61642786389903,24.704532310837195,28.52212358211216,0.3713150580240535,0.038619782829934286,0.37168309919085024,0.31773899761932173,0.4415424591232219,0.5335313754698271,0.03999116786788403,0.5458979992656786,0.4625390722248347,0.6107949979104381,0.5734042649532519,0.011553043294997355,0.5676051239209154,0.550334168755205,0.5892648287385036,0.7399636405009818,0.013825641700800782,0.7396421712177614,0.718790259662218,0.7675982233310904,0.5255866430472458,0.03914504277015246,0.5374181878198259,0.44852053109267004,0.5769068420248687
3994098,Peking_2,1,1,3994098_S1_R1,37.8,0.0,37.8,37.8,37.8,26.410821055654385,1.673280563605525,26.504073006855815,23.70791184212032,30.305247959965154,0.36889477903987544,0.04989680775186907,0.3766450493922943,0.28981358739109137,0.486623136772803,0.5536410641598369,0.06709799303572198,0.5503151260504202,0.44077401520387005,0.6833006521045192,0.5698080373213279,0.018818567163352708,0.5709830130882668,0.5192527615334782,0.5934094495497981,0.7309064652826193,0.01361616880267125,0.7294749719816431,0.7030430388137066,0.7636257813639038,0.5394740584183569,0.03997140746663793,0.5476322541592746,0.4597529767549526,0.6095608326576109
3999344,NYU,1,1,3999344_S1_R1,37.8,0.0,37.8,37.8,37.8,24.774922443820863,0.40648851835843136,24.75927052874314,24.129338971564643,25.590454361313267,0.323902907099179,0.01505632525099359,0.3248967118214148,0.2980046335128623,0.3625429175668526,0.47744525418018613,0.016038352683481215,0.47517456682797593,0.4504704840735479,0.5088110640196297,0.5875893437296889,0.002888048111030809,0.5875150840063053,0.5803118908381982,0.5928246542281596,0.7220511818865138,0.009308199157304773,0.7231975139915923,0.7051024459949099,0.7448583349172482,0.5736126484843117,0.014585644277320283,0.5732003632145517,0.5466423523721506,0.5963397449253329
4006710,Peking_3,1,1,4006710_S1_R1,37.8,0.0,37.8,37.8,37.8,25.00779468867837,0.5637338996640712,25.051826936947673,23.73577761963794,26.24972401857376,0.3279348690164281,0.01880329921567819,0.33004291250429824,0.2849285145948561,0.36357677105556646,0.4889773406760185,0.02391850845958633,0.4919254160797378,0.4379616104676281,0.5501272383990243,0.5859938464046214,0.004651918631795409,0.586721433212651,0.5718091525109006,0.5941149169219295,0.7238318508952665,0.008467346834583037,0.722570838974462,0.7077449137120998,0.7421166458441207,0.5668471251982826,0.015500502263413377,0.5645868515443815,0.5401346934568713,0.6033722479374619
4016887,OHSU,1,1,4016887_S1_R1,37.8,0.0,37.8,37.8,37.8,22.649779580803642,0.7068878757967216,22.3530382843394,21.91499010293107,24.01144974263091,0.2719163571514587,0.019935201736489116,0.2633435945800406,0.25346183214908286,0.3096660499841947,0.4333248591640195,0.029430167552002298,0.4174333777935052,0.40953564868809755,0.4873398383919807,0.5936693585816349,0.0038368989700415103,0.5958228905597281,0.586317645966759,0.5962313190383332,0.699699051883479,0.00878442177663456,0.6973258485761036,0.688571678000721,0.7136058127190291,0.6575472004558784,0.019804942655825483,0.6619089984306218,0.6222478321570601,0.6831846333701974
4016887,OHSU,1,2,4016887_S1_R2,37.8,0.0,37.8,37.8,37.8,23.693180543637414,0.5990043716474266,23.710661746639953,22.775280898495723,24.521654408856442,0.3067018963377226,0.018117711511754498,0.31101094384326855,0.2780877905752053,0.3295740220197639,0.47594987118713583,0.026226227710378875,0.4901973564147353,0.43036452822929694,0.4965039908486819,0.5881736233588024,0.0033142297011935383,0.5870509607351738,0.5843451220644154,0.5936043813236744,0.7196364010543437,0.008802005588904002,0.7174400217260586,0.7055307603220854,0.7315479840727183,0.6265406707583273,0.01856077256322585,0.6329148951030913,0.6001326167327851,0.6495461268001398
4016887,OHSU,1,3,4016887_S1_R3,37.8,0.0,37.8,37.8,37.8,24.41256640525589,0.5125078281785348,24.56564769933098,23.510190001914374,25.011308845093374,0.3209349040113087,0.013383053041579268,0.32259250292912506,0.29536509786362647,0.33649724352508514,0.5021432987320114,0.024743976043086913,0.5072293271602596,0.45841461721080023,0.5336915630591366,0.583630887919385,0.005157143922568988,0.5850459482038413,0.5747934651443346,0.5901791515826579,0.7213762587679861,0.006271172678281867,0.7209882153553416,0.7132345725301634,0.7347520174397804,0.6102789764170962,0.019290626275058013,0.6032586516725821,0.5793678870475979,0.633647797662745
4020830,NeuroIMAGE,1,1,4020830_S1_R1,37.8,0.0,37.8,37.8,37.8,25.037247198513224,1.0477201944126637,24.715839056592237,23.76345777668451,28.115339330623023,0.32645609041972745,0.03361051042248218,0.3170926856954067,0.2845118925987288,0.4246011520998674,0.48516130170508515,0.038420287640580836,0.4694359580439789,0.44097902390396587,0.5908966872237079,0.5860565463578364,0.008588090979469295,0.5895549057829687,0.5601726538568639,0.5941798941798914,0.7202779108965802,0.01358955191058323,0.7168325836458205,0.7003034192079923,0.7591537868710978,0.5649472612708422,0.03005872009409617,0.5726770176143243,0.47816246451524197,0.6089266096821936
4028266,Peking_1,1,1,4028266_S1_R1,37.8,0.0,37.8,37.8,37.8,24.817162734530246,1.2149664289050532,24.47154765756507,23.02916152069443,28.028572785226924,0.3212136374595105,0.03893732507381801,0.3136007377351731,0.2554686113376373,0.41757995583547464,0.47607999015883307,0.04606575548859352,0.4646890068973936,0.4002489484075886,0.5996621531036332,0.5864804513542143,0.010992975658007898,0.5908196416968278,0.5518667037965141,0.5976793836442932,0.7193441564376859,0.014399898033475243,0.7175192871896615,0.6899259188992468,0.7498677391815177,0.571593182422725,0.0322017887008794,0.5767169630650324,0.48447582537468614,0.622060531952095
4046678,OHSU,1,1,4046678_S1_R1,37.8,0.0,37.8,37.8,37.8,23.20007126153561,0.3175738130229274,23.109306971650376,22.842260322445316,23.94207028966201,0.29280185328762615,0.012251201864170119,0.2871410968744341,0.28364022445812603,0.317197536059793,0.4598927763072205,0.014084255099003773,0.4541282559759888,0.4407761583286923,0.49163644203211,0.5905133203378791,0.002870286308005788,0.5916364986540417,0.5838856400259891,0.5934280144806415,0.7098129447931434,0.004025659131771152,0.7096707246572235,0.7027900605945173,0.7154019826678429,0.6424733345502083,0.007611330309031658,0.6425007605828206,0.6275758855457726,0.6543959624370271
4046678,OHSU,1,2,4046678_S1_R2,37.8,0.0,37.8,37.8,37.8,22.878373373983898,1.1262450885985396,22.84478945418408,21.405791447350854,24.510890258613387,0.27693779202366153,0.034550011875806294,0.2767989176850948,0.23166935156944607,0.3265402304083175,0.43510480440733024,0.037520976779945175,0.439507418996669,0.3867061932995214,0.48405212899185973,0.5931098321936498,0.004110219135020364,0.593084563259994,0.5859277824190048,0.5980228348649387,0.7028865080099669,0.017957869418317594,0.7020111248388881,0.6782833173447953,0.7277276059515791,0.6473028946778219,0.03732982423299095,0.6482996908627788,0.5930020843133791,0.6954927160476981
4046678,OHSU,1,3,4046678_S1_R3,37.8,0.0,37.8,37.8,37.8,24.5955292409275,0.4241683031064224,24.68260177436628,23.898661603739388,25.041118828246468,0.3276605735477229,0.009439374191713415,0.32682578179000915,0.3159562378548734,0.3415310905625213,0.5226881401555189,0.028436133268373142,0.516560906966865,0.49213414426964763,0.5834747219993122,0.584074899182105,0.0038207542566262077,0.5857282094124151,0.5760883690708216,0.5880070546737158,0.7256438673453341,0.005785964891009273,0.7276326772461595,0.7160214291839494,0.7341741333231032,0.6055898793873697,0.016974856118944722,0.5995654983395688,0.5846823056505703,0.6327078330304357
4048810,Peking_3,1,1,4048810_S1_R1,37.8,0.0,37.8,37.8,37.8,25.56396319585373,1.0843522554821643,25.309650187743337,23.157384965294288,27.361925535452993,0.3468059849440449,0.034305024963307555,0.3427189033591744,0.27293426329036435,0.40987330280189876,0.5008635189614016,0.04161673837052048,0.49784755968730193,0.4114923188948823,0.606253682969947,0.5819806969999428,0.009241710169232574,0.5838670750951305,0.5597697948574994,0.5970017636684294,0.7293688018242377,0.01382655832750848,0.7285032135040047,0.6947165217225697,0.7503331876426503,0.5478882035304634,0.030271646072736833,0.5507253148734353,0.4965514440783482,0.6180550653251955
4053388,Peking_2,1,1,4053388_S1_R1,37.8,0.0,37.8,37.8,37.8,25.479731816527778,0.5938499027161375,25.5645085341052,23.775105689387573,26.483306537803852,0.34335952126311975,0.018090896986360308,0.34733215778019594,0.290958763039686,0.3772106678290142,0.511034121010223,0.025974664408049655,0.5112631296823351,0.43389527896995705,0.5532333372242325,0.5812489670427089,0.0052252679207701585,0.5814629165506312,0.5697902162814308,0.593632228719942,0.7271006129570541,0.00793890171030289,0.7278943408182309,0.707470698343102,0.7405642695315718,0.5568889738214176,0.017429505288418023,0.5531363737579841,0.5303465318195137,0.6006697168791072
4053836,Peking_1,1,1,4053836_S1_R1,37.8,0.0,37.8,37.8,37.8,25.46037855288337,0.6866319142218048,25.45114236066216,23.826293384087712,27.07108535452893,0.34345529999500846,0.023451597537295157,0.3443417481361338,0.29605692898418906,0.41151929857921854,0.5129369180760962,0.027886915097236963,0.5096520471922225,0.45720707040029157,0.5764623980293104,0.5823725076014262,0.006963552834019579,0.5838020978371796,0.5636034530771274,0.5944398032117262,0.7275201733955634,0.009286839155510828,0.727126568371741,0.7085334464630683,0.7528560454429689,0.5577803434870487,0.018994729396855686,0.5558424078067077,0.5241929933839573,0.6092533123788645
4055710,Peking_2,1,1,4055710_S1_R1,37.8,0.0,37.8,37.8,37.8,26.9687472007547,1.2574436766538952,26.952855481599507,24.590805075043125,29.7767579103771,0.386508190214773,0.03767144456941602,0.38526570408713984,0.3118824347969792,0.45939487104393817,0.5389488801362646,0.04378862076921552,0.5286935286935287,0.4614638483611527,0.6405267713965402,0.5685933426287321,0.016121992503555307,0.5719762368885184,0.522744758722227,0.5892694699712222,0.7399429039178363,0.014976385630601946,0.7410287430991096,0.7016883560862798,0.764399497185233,0.5077046108148202,0.03285476423983369,0.5038128098018054,0.44712983874416856,0.57300106302605
4060823,NYU,1,1,4060823_S1_R1,37.8,0.0,37.8,37.8,37.8,25.68750832819679,1.19641048600977,25.75527030104085,22.82552311640037,28.221896462691458,0.3480820513089221,0.03647618670410719,0.3532804075530954,0.2641803075720979,0.4253365923241419,0.5132631817615518,0.044872145865126514,0.5197460678415766,0.4129458388375165,0.6059869328963257,0.5786988909968716,0.011354888999035315,0.5800937529007666,0.5427987959316322,0.5958971502831124,0.726627475420399,0.014457124980105108,0.7291786528108757,0.6923796551311221,0.7534003419868813,0.5528755839630588,0.03126400838866936,0.5469605865567483,0.4969635152478166,0.6386495179185228
4060823,NYU,1,2,4060823_S1_R2,37.8,0.0,37.8,37.8,37.8,25.82835348409663,1.690363685046294,26.379148444376494,22.70173423227511,28.24749126057876,0.35079946304929527,0.053323561315700534,0.3666473086280122,0.25246558100015365,0.42180409622833626,0.5070098928194375,0.05927672857673218,0.520134846848745,0.39654637874472765,0.5920835271286747,0.5787482115249747,0.013008205170852766,0.5788266963705541,0.5560215353197696,0.5971781305114602,0.7297214203383516,0.021205165919962844,0.7343352337289413,0.6888901701014345,0.7702245337053886,0.5394901053278802,0.05120746654503147,0.5240414857897576,0.45929632136762655,0.6339524190809627
4072305,OHSU,1,1,4072305_S1_R1,37.8,0.0,37.8,37.8,37.8,24.117389699868987,0.9256807125561671,24.49737732159464,22.651940443327554,25.26037316949744,0.31503214187438705,0.027150470101450393,0.3320458853908075,0.27099052188452905,0.348671845949887,0.5190759734965549,0.05834219791827912,0.5362046643934283,0.43523442256951494,0.600540614334471,0.5813027424528298,0.00918003478514392,0.5780469692750259,0.5688387635755902,0.5939942448714355,0.7140191278755957,0.008961233923556527,0.7160744887342977,0.6986139361559631,0.7232842799302847,0.6329736313301944,0.013417732287510196,0.6352091372179075,0.6076684235862556,0.6538065010576453
4072305,OHSU,1,2,4072305_S1_R2,37.8,0.0,37.8,37.8,37.8,27.261644980991097,1.0549333896702648,27.35733050547148,25.64865257238087,28.51025634690335,0.4057609462023869,0.025637330754172533,0.4078323977014663,0.3674455631710299,0.4405974079892189,0.5836530567930794,0.047231761285302994,0.5823276710172492,0.5278976436398405,0.6585355667950443,0.5550851408356279,0.017534526408786784,0.5505922212939678,0.5262470992295812,0.5772672421795164,0.734664053756052,0.022595871913557622,0.7395691048080003,0.6781773784550539,0.7553104978762871,0.5371206116446167,0.03614762737546062,0.5204635525075083,0.5035384452930568,0.5915677790786522
4072305,OHSU,1,3,4072305_S1_R3,37.8,0.0,37.8,37.8,37.8,25.598932600857918,2.3301310470769674,26.924754741944763,22.712673468652525,27.944799623991315,0.3583545377185273,0.0711545239891128,0.395588515836067,0.27727353949480554,0.4382172948517023,0.5154573775616812,0.07562626071931015,0.5401670989565279,0.4340742871230175,0.6093451273292717,0.5745213857689406,0.017445349048842675,0.569560011138946,0.552655713357455,0.5930752807945742,0.7350600868842087,0.02555837389907367,0.7415298169791724,0.7051305429720878,0.7632246368274844,0.5626623191512299,0.0693553101570418,0.5348883286554214,0.48761442062815596,0.6546461870314451
4072305,OHSU,1,4,4072305_S1_R4,37.8,0.0,37.8,37.8,37.8,22.98608626712833,0.5381633082664997,23.070669604916322,22.108561504514594,23.978183115156074,0.2792178527871679,0.016642973398057037,0.2772833232728781,0.24709630257638376,0.29942221704013433,0.44482132136360203,0.02402324878950191,0.4358360958272103,0.4012318799865153,0.4695242781715897,0.5930123663067086,0.002295523754086039,0.5940035273368564,0.5901048918592685,0.5965283579318653,0.7047254470185843,0.008271943872732846,0.703961328998513,0.6886399484507258,0.7131044124484779,0.6464970119443432,0.018850614586912853,0.6494788065208296,0.6054884832870061,0.6679976467052497
4073815,Peking_2,1,1,4073815_S1_R1,37.8,0.0,37.8,37.8,37.8,24.595570496524253,0.5617973391115719,24.539638195539776,23.339259968933305,25.68372323262064,0.31327316525963017,0.016894904414357034,0.31289511380697127,0.2797393539471573,0.3479352413629091,0.4743484128867071,0.026973333947913042,0.47136874293691416,0.42991779456945944,0.5438423987229022,0.5890719345789894,0.0040283957640298235,0.5902812587023117,0.577777777777776,0.5953587672885853,0.7177048741651261,0.008285616634470397,0.7167340821878766,0.6981413160570684,0.7371458941861115,0.5795026802410054,0.017635036536927603,0.5790997808273707,0.5480662340441974,0.6198237853058863
4075719,Peking_2,1,1,4075719_S1_R1,37.8,0.0,37.8,37.8,37.8,24.77685198362281,0.7537226713082101,24.772883222605053,23.270770465072832,26.013928723335265,0.31826577596777156,0.025179235207508296,0.32066430851506966,0.2727305043121381,0.3635944234887688,0.4736276463994957,0.028757221337449068,0.47395481903322445,0.41998047786784365,0.5184869976359338,0.588353109512711,0.005197238634876125,0.5892230576441059,0.5785435811751455,0.5960271047990334,0.7201999235368027,0.012118930307527632,0.7223141223647148,0.6976145562700516,0.7428897278281671,0.570538450266069,0.022705671843011605,0.5687303595973137,0.5294561472851331,0.6210862148989877
4079254,NYU,1,1,4079254_S1_R1,37.8,0.0,37.8,37.8,37.8,25.199863857496023,0.9620281958836263,25.29338071283541,23.0205285084875,26.408687195024992,0.3376359516787149,0.032138420503544096,0.340719305826076,0.26153078212972275,0.3757127271293593,0.5155864183072849,0.051278309481667006,0.5386771300448431,0.40463377329632355,0.5914007919899552,0.5805805061824316,0.009506627445737884,0.5796806831894415,0.5633639654692167,0.5968439617562364,0.7196829186500378,0.010682908656927259,0.7230083720449166,0.689518713347581,0.7336111232981405,0.574839724173752,0.02208457712931562,0.5714754027996313,0.5420585240536963,0.6223006429030882
4079254,NYU,1,2,4079254_S1_R2,37.8,0.0,37.8,37.8,37.8,24.57647112972507,0.5624518973677869,24.560896236645547,23.559094116248584,26.009596635165966,0.31638422974121727,0.017598839107689227,0.31768689488989366,0.27748387977812894,0.34990089060014223,0.4790688848042605,0.0262980023580034,0.4792857095563163,0.41943644648198364,0.5300593134392575,0.5883223384130758,0.0038406095384764314,0.5878492527615187,0.5790123456789968,0.5950710108604846,0.7170823952480007,0.00833558086695101,0.7174282433192646,0.7010069692051215,0.7311050408754852,0.5835543518741145,0.01739493814175064,0.586883173334801,0.5385202346755017,0.6099347443558718
4084645,NYU,1,1,4084645_S1_R1,37.8,0.0,37.8,37.8,37.8,25.45374538506873,0.9980134097544993,25.236341202259062,23.034387387727435,27.477436898256602,0.3420086693843989,0.0314668651025636,0.3364091166397951,0.27515724183235085,0.4070118206057013,0.5294157504105159,0.04996949781107988,0.5193184649887864,0.41559528498283915,0.6289890202442456,0.5791873041479726,0.010608406977915322,0.5822844147405504,0.5542476561774685,0.596342708623408,0.723740279857168,0.010985857784568709,0.7227758328382208,0.697353030823568,0.7497731426405568,0.5686163558130409,0.022555183905816373,0.5740137344846086,0.5220076074211154,0.6270073619236757
4084645,NYU,1,2,4084645_S1_R2,37.8,0.0,37.8,37.8,37.8,24.781494289106554,1.1701511389519417,24.27729800186659,23.48107171027284,27.676567297860196,0.3206981446436236,0.03475985309014585,0.30604886463923553,0.284548451308484,0.40542645138971306,0.4833290785555331,0.04548634961546124,0.4676495763358525,0.42555521455275935,0.6027630038811426,0.5855019093071075,0.012689007031354477,0.5902905411677293,0.5461533463287901,0.5947368421052611,0.7165183790956641,0.00980185739266022,0.7143367754168477,0.7042133172065226,0.7445309754420582,0.5776634111477474,0.029597994643799454,0.5881872744621324,0.5177781830355837,0.6155124213163715
4091983,Peking_1,1,1,4091983_S1_R1,37.8,0.0,37.8,37.8,37.8,24.645103195948533,1.1017383305858943,24.578595729250658,22.89974491972672,27.46093866574137,0.3172102922652334,0.03421492671954724,0.3172343678740634,0.2630244852726017,0.4029276519227717,0.4816819317800228,0.04213966135569504,0.4813013054291937,0.41672352097575915,0.5787194918087596,0.5869157537022245,0.008261850289432889,0.5875522138679954,0.5609180358303093,0.5962591664346027,0.71646071011415,0.014244109937603647,0.7156087980140587,0.6921180266003594,0.74642617780615,0.5802752903512572,0.03219916561597599,0.5858158128436181,0.5010446449436208,0.6340591249924721
4095229,NYU,1,1,4095229_S1_R1,37.8,0.0,37.8,37.8,37.8,25.8658180723173,1.6094682509384628,25.224338141240572,23.38908669697611,28.739627457919873,0.3520312703414485,0.045953028311717596,0.33924740808884285,0.2820343955063336,0.435053742066627,0.5321370283527508,0.07220946733834031,0.502681162985192,0.42185553076007914,0.6380535568577999,0.574328573669161,0.018332108792631082,0.5843822519261008,0.5402877564281148,0.5958136080943114,0.7234627955862065,0.011903855679872921,0.7196750967405872,0.7035618399471106,0.7513351925171665,0.5555602550543222,0.0343902190678071,0.5705580686931987,0.49288475664171194,0.6147052550541594
4095748,Peking_1,1,1,4095748_S1_R1,37.8,0.0,37.8,37.8,37.8,24.224000620979705,0.6866179832175544,24.25677892910807,23.048429299342004,25.83851965728559,0.3054703671057735,0.020859704607770757,0.3121628819942946,0.26996356928311316,0.3521174802995176,0.46086563043745066,0.024914804010747162,0.46624731818453546,0.4143113300355132,0.504967169375745,0.5902578261371534,0.004355528104302347,0.5902905411677313,0.5795460874408237,0.5963148612271403,0.71265719698443,0.011311997998003798,0.7144225652721462,0.6934277543380972,0.7400310106790351,0.5900436247720388,0.02120029980264837,0.5895276052611215,0.5365488009245672,0.6295821699764828
4103874,OHSU,1,1,4103874_S1_R1,37.8,0.0,37.8,37.8,37.8,25.726108559216673,1.726300479752902,26.343802815362025,22.60560261858137,27.98526294670607,0.36818437355205313,0.05470031013979357,0.3830707940428581,0.26799002204216404,0.43433445446290475,0.5315860656187726,0.03875930944465264,0.546057328755642,0.44296475919778977,0.5634829888944302,0.5729660571180992,0.01163668071437155,0.570654413812307,0.5564633806739083,0.5934929917385999,0.7405609730451564,0.022827133706045298,0.7400704115728097,0.6985977925452423,0.7683095991835619,0.5651745786305469,0.06231728080249436,0.5417075382902974,0.48014359701579407,0.663775687071979
4103874,OHSU,1,2,4103874_S1_R2,37.8,0.0,37.8,37.8,37.8,25.87679484455209,0.843444964585018,25.94016317380102,24.730335571891384,27.024476696942983,0.35824020612461666,0.03326950311614721,0.3535125866604413,0.3197768199930038,0.40736296407921563,0.5074002029145412,0.03302371362222514,0.5078252462384434,0.4683068017366136,0.5518415216702592,0.5793738461379719,0.009342192581850586,0.580762090411203,0.5654367399981425,0.5891209505244507,0.7351038172970891,0.013610350048475542,0.7370836305520444,0.7161632593871763,0.7515733402513128,0.5391458905135285,0.020075673779742776,0.5325416464986193,0.5127394413191174,0.5714531132086709
4103874,OHSU,1,3,4103874_S1_R3,37.8,0.0,37.8,37.8,37.8,25.7276714923089,1.3276543379942292,25.19108201014368,24.36352397266187,27.74492045201753,0.3535300411661856,0.03999951667853241,0.33518460058773086,0.3128711697096644,0.4168060766027705,0.5069562588438156,0.029742747962286216,0.5023882622887245,0.4694523625876119,0.550574368714793,0.5814644636281973,0.007199519167946511,0.5848417339645298,0.5703750116030728,0.5888888888888774,0.7368432300841513,0.01626684177625627,0.7301448966731923,0.7188992915146043,0.7630586733067908,0.5431783486151777,0.0534493075341982,0.5654909178892639,0.4638980765855269,0.6009410610739416
4104523,KKI,1,1,4104523_S1_R1,37.8,0.0,37.8,37.8,37.8,23.583237095961447,1.3486379975358194,22.918605487127053,21.999981644906494,25.89215207978299,0.30338553654696077,0.03858934193880922,0.2911047911345356,0.2608351627348316,0.3736910179064515,0.4778125145991899,0.03721739756341807,0.4657264211166432,0.4335281104379459,0.5517795471987721,0.5859774822859545,0.00800988882881568,0.5892741112039277,0.5700454840805701,0.5945511927968057,0.7155108412923047,0.01712416292892671,0.7079974323378657,0.6956054987935412,0.7496996402697491,0.637550731435602,0.043589536132652436,0.659021836683565,0.5515604551141888,0.6887163224873587
4116166,NYU,1,1,4116166_S1_R1,37.8,0.0,37.8,37.8,37.8,25.14404319191585,0.6186279912017111,25.149889939082296,23.98814400183527,26.695515817090083,0.3309614830612196,0.018942143630406236,0.3306889621126817,0.2917739956846938,0.3793541290038425,0.5028499300101342,0.028939973675980727,0.5018948182521268,0.4411471440102559,0.5732643077335478,0.5833482172865015,0.005910863127517977,0.5842847860391622,0.5656223893065873,0.5933908846189507,0.7226866872761524,0.008313816657739996,0.724142051250288,0.7089551219994183,0.7380738175311282,0.5683049360465757,0.017374047449596544,0.57526813281741,0.5322389805957621,0.5932954066910474
4116166,NYU,1,2,4116166_S1_R2,37.8,0.0,37.8,37.8,37.8,24.861940546055237,0.7722147868200485,25.04081057623813,23.344691261492276,25.908980774879456,0.32397645889708016,0.02706330826534686,0.3230445718269891,0.27393075474953804,0.3666310527883533,0.48734030235738,0.03383454673882471,0.4854775886272416,0.42396486825595986,0.5553538708199726,0.5859348242893264,0.005881803028076655,0.5864661654135325,0.5731551099972076,0.5955536990624669,0.7205395529099521,0.012375055639140074,0.7222195123286158,0.6974309528442961,0.7425583378610693,0.575376903446658,0.023180348152910958,0.5698765972403556,0.5394440847862666,0.6165180716365867
4134561,NeuroIMAGE,1,1,4134561_S1_R1,37.8,0.0,37.8,37.8,37.8,24.633450503166536,0.8085796632400051,24.546275686590295,23.43580378137137,26.403043568134308,0.31132503612722173,0.02458747266888754,0.30986374295078295,0.27517431053015673,0.36189648808980673,0.47898828686902684,0.04464917861105988,0.4648839232411781,0.4231960072221498,0.6010382931632138,0.5880326823499907,0.006700618013463147,0.5902951824004388,0.5672839506172719,0.5950988582567458,0.7130928318069231,0.008910582284044507,0.7137511628090722,0.6965493653137245,0.7330278886953835,0.5809598498924036,0.01925524268152586,0.5776635738426316,0.5481520514307631,0.6159747268986948
4136226,Peking_3,1,1,4136226_S1_R1,37.8,0.0,37.8,37.8,37.8,24.995096002930396,0.8440662028333605,25.074785486647958,23.3113658603869,26.57400213919188,0.3250172658552603,0.027222235446493926,0.3290411545512923,0.2722166778257254,0.37587723997809025,0.49091359187679284,0.04093426848141063,0.4944210069786697,0.4258010704107875,0.560807175418162,0.5862060299800935,0.006012432688798694,0.5864847303443704,0.5748027476097525,0.5953773322194305,0.7198237998604653,0.011427941020766134,0.7219675957183042,0.6987276961489692,0.7436958546093034,0.5679722980836909,0.022983988934063084,0.5670720514564652,0.5261212651924116,0.6168610913396313
4154182,KKI,1,1,4154182_S1_R1,37.8,0.0,37.8,37.8,37.8,23.466021291532538,1.1771261663406094,23.05457891445411,21.7012095959563,25.92119217232654,0.300806855511436,0.03639639222240502,0.28642805387207526,0.24804895524140846,0.37317414753579725,0.4820060044780346,0.04534555761064032,0.47264690079773725,0.41869761896412666,0.5790296734265348,0.5867912450880214,0.009275547153626006,0.590620068690243,0.5654970760233751,0.5961013645224129,0.7097560291519139,0.014455357421814152,0.7056167467644046,0.6861939588333732,0.7429949240195026,0.645382019928197,0.03278316423493156,0.6520411135550497,0.576567148817047,0.7016671636847526
4154672,NYU,1,1,4154672_S1_R1,37.8,0.0,37.8,37.8,37.8,25.499235610877538,1.3320305144679505,25.546130024759393,23.409323716791054,27.883530845140157,0.34412860207058454,0.03976564074279828,0.3439661518508637,0.2814760926639663,0.41471913714299635,0.51766469646557,0.06105234033241084,0.5099870347056502,0.43533806396067376,0.6408420550566122,0.5800502853557865,0.012239236177134733,0.5829852408799738,0.5558284600389878,0.5938178780284014,0.7266245898659338,0.013760140868650109,0.7276688509295649,0.7032577161979703,0.7553041656583175,0.559400939902486,0.03429942106367619,0.556907308012023,0.49284376920813205,0.6202479015250486
4154672,NYU,1,2,4154672_S1_R2,37.8,0.0,37.8,37.8,37.8,24.95424283363209,0.6589008550528447,24.89448755038412,23.869588234236367,26.5149030547393,0.3286355633620316,0.02264021944043818,0.32435689137592943,0.2938448583490474,0.3838572631434944,0.5047814995309959,0.0335617934251065,0.4989671998004745,0.4466912924321331,0.5821352842568025,0.5834668087844064,0.007497603024356679,0.5864383180172598,0.5619279680682979,0.5933723196881072,0.7194044949255428,0.006668713355077625,0.7179162156727831,0.7075174796061716,0.7306060630384662,0.5795935229533431,0.013355790657574938,0.578467491356253,0.5541838472449192,0.6060812785130163
4164316,NYU,1,1,4164316_S1_R1,37.8,0.0,37.8,37.8,37.8,24.01674589067968,0.5823831002823802,23.951726082124207,22.91895007867562,25.213250695404252,0.29818054618904444,0.020003880577646908,0.2975784496056707,0.2622683570129235,0.3371349057111469,0.46533970850235207,0.03297132036960041,0.46247162870783437,0.41116253175127876,0.5197016554484264,0.5907084121542642,0.004072240032690293,0.5906154274575302,0.5815975122992584,0.5970945883226577,0.7064544799244296,0.008550067648801339,0.7057965652885739,0.6900241567858049,0.7239823485672072,0.6031487094180253,0.014289261824079831,0.6068601575793413,0.5681514818234816,0.6306415345717924
4187857,NYU,1,1,4187857_S1_R1,37.8,0.0,37.8,37.8,37.8,24.190118802459182,0.6159239071148032,24.280229648163445,23.027667909546903,25.373427586806446,0.305180225634936,0.020289708566170486,0.3092650722979968,0.26222280439112683,0.33560612763118913,0.4711319415659073,0.02999990689203957,0.47685118051069775,0.4168991215287897,0.5408903887938606,0.5890190034473095,0.004390975753432708,0.5886150561589092,0.577531792444062,0.5953866146848616,0.7103028599516656,0.008891377152447533,0.712804185224969,0.6877359908985773,0.72206587516317,0.5989365570682952,0.016500421011402876,0.5969616294039952,0.570528819606816,0.6299600932316606
4187857,NYU,1,2,4187857_S1_R2,37.8,0.0,37.8,37.8,37.8,25.514567831531846,0.6903786895899782,25.492501886267412,24.232049835983076,26.703600542796284,0.3425521469127854,0.021297163847844237,0.3403124336660636,0.3020341873361012,0.38080813075533976,0.5116151033616105,0.024525500056278716,0.5070135105344377,0.4561667093366391,0.5709609298545815,0.5821294935934909,0.00523344691608078,0.582915622389302,0.5725471085120171,0.5908196416968303,0.7285507367449336,0.010374209863743348,0.7310904435016994,0.7087502506220524,0.7490507133330923,0.555256706042079,0.022757867332620824,0.5502997811641974,0.5184042621741086,0.6002285552901234
4219416,OHSU,1,1,4219416_S1_R1,37.8,0.0,37.8,37.8,37.8,24.863992316158193,0.5710889289921032,25.06098244252958,24.02769924935542,25.534953904779332,0.3364171003688543,0.01207888700617237,0.3386010384514558,0.31791669206468937,0.35138759601892905,0.5086911210773408,0.017424821229296956,0.5107030783024507,0.48604661854627373,0.5388744297315005,0.5821596171498638,0.0033808564582016947,0.5821869488536108,0.5758563074352544,0.5876728859184883,0.7289674966971719,0.0059084105490948575,0.7303984999399926,0.7184829762543734,0.7353752539840792,0.5887465144392177,0.024478263870744938,0.5784364604345772,0.5652113519382822,0.6328485461902698
4219416,OHSU,1,2,4219416_S1_R2,37.8,0.0,37.8,37.8,37.8,25.121660704570903,0.45147821550464884,25.098902057973962,24.48018663619694,25.696535357676055,0.3482957420990927,0.016085473530784985,0.3471047198889114,0.321497634987411,0.3707928480863784,0.5067577061601559,0.023935604654603024,0.5063114336809952,0.4698844490525368,0.540515190048724,0.5812135276462677,0.004112696556242706,0.5810034345121997,0.5735236238744874,0.5885175902719707,0.7378462893192331,0.007328477963638653,0.7358671901326939,0.7264602838049257,0.7493559934626541,0.5775867420477924,0.015595711910980838,0.5864470553743378,0.5550170179264554,0.5908789578303425
4219416,OHSU,1,3,4219416_S1_R3,37.8,0.0,37.8,37.8,37.8,28.503124935445733,1.4293922171320665,28.380603572569395,26.85402410720524,30.614999371453337,0.43658171851553873,0.0341451999715581,0.4278042846211261,0.39987536935266804,0.4926430732655508,0.6100760873845124,0.06012600895688972,0.5804848456566882,0.539204613569396,0.6915413793564549,0.5405172494237833,0.02807892554587196,0.5516764132553583,0.497596990713154,0.5657709087533633,0.741277453278692,0.029673686221348097,0.7518610718191426,0.6937985189074742,0.7716920448626923,0.5026742963176534,0.02052921971076721,0.5080241037789442,0.47310566702648577,0.533054996419836
4221029,Peking_2,1,1,4221029_S1_R1,37.8,0.0,37.8,37.8,37.8,25.902704355705993,1.270846434140432,25.86247088532699,23.79812845713214,28.925600709413228,0.35196019638364096,0.04126470691714221,0.35212436509356554,0.2839649642662726,0.44223834251838945,0.5148227210731481,0.04922266429523379,0.5142112173382399,0.42903075686423825,0.6082315297979826,0.5771889525077321,0.012592695294944648,0.5793975679940437,0.5497707231040555,0.5941056344565034,0.7292194490762473,0.014221188466953732,0.7274424388643385,0.7044427274393114,0.7715093994970017,0.5408105396555473,0.03534613517243015,0.5416258679894278,0.4505892019356834,0.5930584442346616
4225073,Peking_2,1,1,4225073_S1_R1,37.8,0.0,37.8,37.8,37.8,28.362855258847997,2.1208436848845595,28.005474743717595,25.33603689356854,33.509254774294405,0.42603247397408484,0.05311047710581342,0.41551256139620557,0.3481473326819272,0.5512176456749649,0.5852445176119369,0.05898299229644562,0.573017165018793,0.5098681549785651,0.7387060975449278,0.5537858892961076,0.028639685860666963,0.5621136173767616,0.47629309163566885,0.5814582753179222,0.7476037142106029,0.020616476354510117,0.7507971541974475,0.6559253471477412,0.7792916712458995,0.46700164165767,0.055106126624897,0.48460664463986,0.3515751668385097,0.5682532949654779
4239636,NeuroIMAGE,1,1,4239636_S1_R1,37.8,0.0,37.8,37.8,37.8,24.23990378035424,1.141662319802115,23.73153802862293,22.68254924824363,26.96906897331539,0.3013662185585092,0.032838968819920086,0.2881169141633243,0.25486102501365465,0.38150822074536334,0.4617739019689658,0.0501219747414758,0.44427843536760664,0.39776573894498796,0.596348557524453,0.5894689420814473,0.008963462107314638,0.5930845632599977,0.5620857699805047,0.5977722082985231,0.7081896020518679,0.012550977910295828,0.703920214429514,0.6856036569644389,0.7393977654467643,0.592635565740772,0.029932541239261538,0.6008303974140192,0.529205545041927,0.6357296587264959
4241194,Peking_3,1,1,4241194_S1_R1,37.8,0.0,37.8,37.8,37.8,25.058586491676902,0.9307406337153882,24.75336837266621,23.497702274510736,27.13100146180705,0.32818950116681544,0.028962169143678898,0.32026498558161853,0.2825180252968932,0.3917069501307319,0.48488439555260915,0.030020073256944172,0.4789566434291342,0.43456194358931693,0.5597995488126195,0.5863218570364407,0.0069454870262021145,0.5888146291655022,0.5630892044926982,0.5941427643182025,0.7237159915954027,0.012700841683130036,0.7189211212061186,0.7049724569094321,0.7520153090404769,0.5630100049897299,0.03113517852666151,0.5736638139330621,0.49433584866567565,0.6116420287751979
4256491,Peking_1,1,1,4256491_S1_R1,37.8,0.0,37.8,37.8,37.8,25.53179109907579,0.8851899532192262,25.445651614665984,24.050124882396897,27.258644383832028,0.34162923496598935,0.026113524701732994,0.33956146819967986,0.29331423468607115,0.3970124091040801,0.5059025873692972,0.04068754597922408,0.49967943882938604,0.4405042683308635,0.6112197049251916,0.5809272050949325,0.009365374998510296,0.5830873479996119,0.5547721154738606,0.5931124106562636,0.7262634342854926,0.009066657105833405,0.7267785294590017,0.7085371693401626,0.7440723474161679,0.5529531564360866,0.023303658791426176,0.5565962035355213,0.509713549930649,0.5968628420965215
4265987,Peking_2,1,1,4265987_S1_R1,37.8,0.0,37.8,37.8,37.8,24.675127472153676,0.7599660635310445,24.545918381214143,23.42985337533449,26.551229072871962,0.31794654986660054,0.02508103036037417,0.31217316108906307,0.27903536543168994,0.3752825875497315,0.48168228289379655,0.03299498991097147,0.4735586089014529,0.427228074042946,0.5445796114781096,0.5872661554518556,0.006355729965067832,0.5886289798570432,0.5727698876821538,0.5957950431634609,0.7180370514666806,0.011357512399046176,0.7166805184201362,0.6966631865722509,0.7417035673189848,0.5798325939773448,0.02099226995485988,0.5829628058609874,0.5253855380464881,0.6221752504823069
4275075,KKI,1,1,4275075_S1_R1,37.8,0.0,37.8,37.8,37.8,22.490020311539194,1.1614242858236241,22.26864835525814,20.94287237556357,25.82238091606843,0.27015951078347766,0.03451508557839336,0.2597381892502054,0.23329430971785153,0.3662693882185374,0.43995134025303567,0.04634959202783703,0.42099384296845205,0.3952361586357772,0.574280864233172,0.5919887437892941,0.006738352949394546,0.5944305207463088,0.5710433491135155,0.5969367864104703,0.7004189766729423,0.015486291606356102,0.6984368780527711,0.6792096315451087,0.7439331975476814,0.6682948386361304,0.03179865083282248,0.6778209477571749,0.5832838872155582,0.7190339341830224
4285031,NeuroIMAGE,1,1,4285031_S1_R1,37.8,0.0,37.8,37.8,37.8,24.430769582853166,0.7255949587590292,24.440937695064044,22.549031142812026,25.69437004076807,0.30685626709949576,0.022776483572481875,0.30690375512855056,0.2517845667071434,0.3521349599137338,0.47013705842146225,0.033056802783920924,0.4699183149272407,0.4006635356973588,0.5293603698714915,0.5897584137477289,0.004626345568038877,0.5899517311797988,0.5804743339830972,0.5979485751415571,0.7134527255952468,0.010795400030784982,0.7125053880370376,0.6892703695260096,0.7417759271546163,0.5860278940991536,0.020619141986029304,0.5859407610463021,0.548939946012489,0.6405250699249226
4334113,Peking_1,1,1,4334113_S1_R1,37.8,0.0,37.8,37.8,37.8,25.170148831942576,1.1336618028831087,25.048270381124397,23.38925058904447,27.65000664874127,0.3313610593206612,0.03532894064285927,0.3273106226887273,0.27814358462641287,0.41072644088879184,0.4880762831670561,0.04213003773240236,0.474479363125608,0.42434595860991803,0.5907994282130528,0.5851465157926368,0.008259013962556684,0.587672885918497,0.5623196881091456,0.5950802933259056,0.7254083816018988,0.014754719097063499,0.7266845278305809,0.6992527249582323,0.7558714549444709,0.5589678942862069,0.03367847888243479,0.5563867520071012,0.4793377290061509,0.6144735183117616
4362730,KKI,1,1,4362730_S1_R1,37.8,0.0,37.8,37.8,37.8,24.001640363462744,0.8558427106398155,23.913403858636556,22.535020668255655,25.538704473093937,0.31587017032956566,0.02661883467253758,0.3150233824009331,0.2739387654399409,0.36212014507126045,0.5173900502383714,0.044217091030908366,0.5039553708965712,0.45508044949139614,0.6037188617833779,0.5817264897135551,0.0074367005946008044,0.581657848324496,0.5670890188433956,0.5919335375475712,0.7144316441608439,0.010254317657875444,0.7141986810013431,0.7012959654546229,0.7300718127601333,0.6393835935641363,0.017855136836240466,0.6374856015511191,0.6152161817934413,0.6791041729278267
4383707,Peking_1,1,1,4383707_S1_R1,37.8,0.0,37.8,37.8,37.8,25.142943456114793,1.2868743849443398,24.724706135298078,23.017901805513784,27.693787631863042,0.3319847727221991,0.04509603059577947,0.3198477779490535,0.26535182333765406,0.4238246255941317,0.4933203851635855,0.05183932659943651,0.4874260402858159,0.4072739372999915,0.6019283514782345,0.5838938131235882,0.01154495325587963,0.5878863826232202,0.553457718369986,0.5970853058572348,0.7222158175189765,0.01817754171254378,0.7200139485169582,0.6927132122293211,0.7646439358766344,0.5641545186040372,0.03339658526701363,0.5771396758827915,0.5066821381893705,0.6220963395279252
4475709,Peking_1,1,1,4475709_S1_R1,37.8,0.0,37.8,37.8,37.8,26.54107162887386,1.570392887367417,26.361967733031825,23.56842685310464,29.772382664053065,0.3738787867914194,0.04598325017004337,0.36992722596478594,0.2784247281265425,0.4620821395428309,0.5395094661045984,0.04577339664725277,0.5361197169412276,0.4408264563682844,0.6183701782572836,0.5691577262293627,0.017149133188209417,0.5712150747238353,0.5245464189574504,0.5952659426343619,0.7328492319821717,0.013885683574014259,0.7325093735482999,0.7003955216263887,0.761914184388138,0.5295608344600208,0.04072066568074243,0.5365217351574846,0.46031503830404874,0.6169026576055189
4529116,OHSU,1,1,4529116_S1_R1,37.8,0.0,37.8,37.8,37.8,25.574088548393973,1.511187196521873,26.15771247775931,22.7936151266098,26.879273016829238,0.3605404199415841,0.04419445190327291,0.3771825387642639,0.28032636134184735,0.404671342245573,0.5189881876396323,0.038306870408032365,0.5347505822797594,0.4478586298195145,0.5631759765873521,0.5764333673690383,0.009706494657646834,0.573507843683277,0.5619836628608589,0.5924812030075156,0.7408674227405408,0.0193107188347048,0.7512696303643592,0.7017157480220723,0.7594075833972076,0.5639694752739726,0.05217460916988783,0.5401234101432507,0.5140515627684417,0.6572643824720475
4529116,OHSU,1,2,4529116_S1_R2,37.8,0.0,37.8,37.8,37.8,25.448464045259687,0.784462561291946,25.573512020236567,23.969123677830947,26.25857588868392,0.35515250118558245,0.026263568381960964,0.35625312821432076,0.31232631750864287,0.39496845355980975,0.5170784043681073,0.029279377168693183,0.5176527754689718,0.48479358358439867,0.5626112977547686,0.5798581845560307,0.006704698715350615,0.5785760698041386,0.5685185185185052,0.5877610693400136,0.7384657204083529,0.012421825106329937,0.7375715747998983,0.7185613695733253,0.7638317271338088,0.567433080639394,0.026350921568193863,0.5544716280305395,0.5373237460411813,0.6212936709747776
4529116,OHSU,1,3,4529116_S1_R3,37.8,0.0,37.8,37.8,37.8,23.95204728611729,0.7684386292479327,23.835103392287305,22.928664092641128,25.348187610977575,0.30985367395013125,0.02894556426390318,0.29659656840902715,0.2752445722229066,0.3587023288390906,0.4911343285307963,0.03821912357013673,0.47653165385874696,0.4393860881185824,0.5397465333646702,0.5855095557824558,0.007067306504246401,0.5882855286363985,0.5739951731179803,0.5937436183050163,0.7172833357637538,0.011008706001672013,0.7147018635443401,0.7029248633065507,0.7374689440878718,0.6225747517313512,0.019531592245456503,0.6343298442414862,0.5867782479174387,0.643746745679346
4562206,NYU,1,1,4562206_S1_R1,37.8,0.0,37.8,37.8,37.8,24.910177313643228,1.1911217677364538,24.701858839235808,23.32374574196966,27.313653211844596,0.3269786463829294,0.04170198555489099,0.3157860561076154,0.27866518801744683,0.40876430884724907,0.5002255900235343,0.050427672417820466,0.49633631199295764,0.42755226875970803,0.611122402714154,0.5828976336114787,0.011296519669504743,0.5870323958043132,0.5589464401745138,0.5943748259537709,0.7202915565271715,0.01701060320259813,0.7170807112995142,0.699226900334574,0.7596842438226833,0.5793203322423399,0.03009814377302583,0.5792105660967029,0.5130079451758561,0.6245019652872689
4601682,KKI,1,1,4601682_S1_R1,37.8,0.0,37.8,37.8,37.8,23.206756993046756,0.6754183447945628,23.085936968577535,21.847096732101942,24.23421889857242,0.29365855627585924,0.018074057035086535,0.29245098815729226,0.2565428560654745,0.3237739824684102,0.467002538781691,0.019606154060562035,0.465652898046698,0.42740138512496234,0.4988670164358963,0.5895711500974589,0.0034231659998254387,0.5902069989789249,0.582613942263061,0.5955629815278903,0.7090371848978342,0.008756770716211929,0.7098892167546926,0.6901628650239998,0.7221133404762674,0.6482273564743125,0.02222925660147832,0.6525291271094856,0.6170361770756296,0.6892274274015386
4827048,NYU,1,1,4827048_S1_R1,37.8,0.0,37.8,37.8,37.8,25.121212702037635,0.957318498400492,25.045553248179587,23.36106689886043,26.868315900626936,0.33204013646551134,0.029141390581329474,0.32891328763693195,0.27256418718388503,0.3845679700302126,0.5026645119133786,0.04610923427009788,0.48056342713124245,0.42553686863153284,0.6018112967719725,0.5810022501976411,0.011342761500988353,0.587102014294981,0.5591367307156675,0.5953680497540093,0.7182886809991482,0.008528943469833341,0.7182684166175879,0.6987190149180071,0.7302539633581617,0.5754853068080068,0.019758493393443044,0.5735447139269925,0.5436507353308605,0.6151526531629395
4919979,NeuroIMAGE,1,1,4919979_S1_R1,37.8,0.0,37.8,37.8,37.8,28.844614924350648,2.0785316326440246,29.257875463209654,24.56757983032026,32.52400273523833,0.4366172953989125,0.06296839080384774,0.4563645244709707,0.3067938223326956,0.528846584559409,0.59513919084456,0.06616008919954301,0.6107043960215616,0.4629441205587944,0.6925684157670098,0.5510015799409576,0.02414804829409566,0.5474663510628306,0.5128132058541638,0.5913951545530479,0.7535048770150338,0.01893353459091914,0.7535595555801422,0.7162912066579845,0.7900779201624334,0.4456755175685544,0.06052903365615725,0.43935337059181134,0.3271599142672922,0.5745699351659163
4921428,Peking_1,1,1,4921428_S1_R1,37.8,0.0,37.8,37.8,37.8,24.66099357334885,1.0719118677468373,24.246528645565636,23.192243926776083,27.058585431701257,0.31599716734408634,0.034677732487711735,0.30168938379296617,0.2701306873494644,0.3941767194485671,0.4837354788769674,0.04923505008437676,0.46897999291429643,0.4146645195920558,0.5851713839493657,0.5863431614265964,0.00966593178674256,0.5906015037593918,0.5624496426250758,0.5956093938550028,0.7168237906455356,0.012862662075527569,0.7139072388192347,0.6991078584787488,0.7482321279642601,0.5817857140890523,0.02621559760614458,0.5889495568931418,0.520638222304004,0.6165060441031226
5045355,NeuroIMAGE,1,1,5045355_S1_R1,37.8,0.0,37.8,37.8,37.8,27.417627527280043,2.638941122268149,27.0186985627601,24.14430263481642,33.431580436857125,0.3855990025498654,0.06069504823326453,0.38236597118617044,0.29421310458011807,0.517601264840516,0.559714788967598,0.07661362215576,0.5476246398549305,0.4461383455511934,0.7360607949854248,0.5611900115397087,0.03578186763206329,0.573240972802362,0.4615275537916023,0.5937807481667063,0.7275090440860691,0.025124221416969454,0.7329272242983118,0.6653604188009623,0.7668146310539862,0.5051847583738699,0.05768647444568405,0.5024009102916558,0.37906891607169285,0.5995779313207237
5150328,Peking_1,1,1,5150328_S1_R1,37.8,0.0,37.8,37.8,37.8,26.94155622521781,1.355877448851152,26.821107957237647,24.662779508766373,30.003888883088763,0.38395599627828375,0.038540257182780494,0.38241483087782874,0.31598099939729807,0.46788297653056415,0.5425270766550098,0.03883009076599363,0.5427041856388958,0.46071870792256736,0.6214139177439838,0.5685275729651815,0.014213869148626485,0.5691404437018376,0.5358631366776814,0.5914601318110048,0.7379365539001115,0.011123163136679009,0.7358910939208716,0.7200553536770228,0.7615357208135201,0.5111476123787609,0.04066401894673864,0.5185772627650181,0.41914595567360124,0.5786273802996544
5164727,NYU,1,1,5164727_S1_R1,37.8,0.0,37.8,37.8,37.8,24.69260527686285,0.9493000552910316,24.861317713009683,22.640307065060263,25.91023250692769,0.3202250760134864,0.030423417599308056,0.3250202826469546,0.25237950288418187,0.36115057182873483,0.48866370655823377,0.042849970674755024,0.48602891362979816,0.40683999745725,0.5641032824915108,0.5858426398051279,0.006927766207785943,0.5865868374640261,0.5741529750301702,0.5969831987375839,0.7185186318325055,0.01272887007275514,0.7194641130822717,0.6914589113618788,0.7373558049399722,0.5825197826584985,0.02592622808436108,0.5776502218030017,0.5491888104889991,0.6437256429245863
5164727,NYU,1,2,5164727_S1_R2,37.8,0.0,37.8,37.8,37.8,23.801934685746037,0.6984245576409459,23.736595229098672,22.657379821099735,25.234421190462616,0.2891480093951576,0.019808826862625657,0.28508208522303713,0.25828940643768517,0.32725123755159613,0.4509797601887219,0.0267802962271038,0.4568161300030093,0.4089885890647563,0.5026121902210314,0.5919372185252364,0.0036914529260998435,0.5924440731458218,0.5847210619140432,0.5969182214796256,0.7059698522866481,0.009162635171246774,0.7059421672794062,0.6925014473054535,0.7233904820385392,0.6065499237500189,0.021428395637741102,0.6116425593777043,0.5619248199947562,0.6424437466105257
5193577,Peking_1,1,1,5193577_S1_R1,37.8,0.0,37.8,37.8,37.8,23.213513059847163,0.2789912832168014,23.24664934685356,22.688635629101803,23.89053870314046,0.2698487789515152,0.010550304462191169,0.27046749678328647,0.24861453498002836,0.28858889596306175,0.4173141849383475,0.01473976988688211,0.41788745940370486,0.39433450975036477,0.4530010869127652,0.5960212183575443,0.0012605228430635704,0.5959435626102252,0.5936322287199494,0.5981527893808585,0.6956339225210824,0.005382832886722482,0.6959927074623553,0.6858444473920355,0.7069302099600578,0.618696714116484,0.00843075307097559,0.6187848477717464,0.592619731966681,0.6348339393589697
5216908,KKI,1,1,5216908_S1_R1,37.8,0.0,37.8,37.8,37.8,23.38368272989204,1.0166778761215618,23.071870993626746,21.864004523816863,25.075484681129456,0.2979541551814799,0.02733412063379454,0.28935598746310975,0.26473453211197634,0.3566144697722427,0.4620373026136373,0.02769619638663302,0.45801796834767416,0.42534299069937653,0.5106676811140166,0.5897069061542713,0.004671250630136523,0.5915761626287931,0.5797224542838499,0.5946718648472992,0.7133373836621661,0.014716964941915829,0.7099098653532888,0.6939973309116713,0.7478428568586675,0.6373084260922094,0.034462037202113174,0.6477225367495423,0.5856499516376378,0.6915179310469732
5302451,OHSU,1,1,5302451_S1_R1,37.8,0.0,37.8,37.8,37.8,23.537402280764272,0.7637599017706724,23.816021954385857,22.307666114443226,24.37147335504231,0.304293090088438,0.027615190047179133,0.3069765663412521,0.2666473085564854,0.34172994711969273,0.47671546215953114,0.04089551311491946,0.46945243810256343,0.4256925909833861,0.5400228273651687,0.5877651948801991,0.006416421320520176,0.5880024134410062,0.5760512392091222,0.5960549521953025,0.7148774070480619,0.012297850529903604,0.7151062843776135,0.6985919644845491,0.7301211595893332,0.6372713634539862,0.018245343399562,0.6360432016089314,0.6123344895169782,0.6660126920663956
5302451,OHSU,1,2,5302451_S1_R2,37.8,0.0,37.8,37.8,37.8,23.479823851655098,0.3765855872307096,23.486605765631325,22.885812972407592,24.097879524607407,0.29144884098838963,0.011375188590133464,0.29342761747188173,0.2705231077556981,0.3081655419945581,0.476921285377602,0.01584294163179693,0.4744661095636026,0.45456655371577487,0.5070235102765045,0.588425797002786,0.0028435427784802153,0.588499025341124,0.582646430892032,0.5930010210711935,0.7101990036583576,0.005030981501840268,0.7109567108241599,0.7029677369270467,0.7174445029033679,0.6410816511021875,0.010041873682403963,0.6420026279597918,0.6293315657248771,0.6559404314709586
5302451,OHSU,1,3,5302451_S1_R3,37.8,0.0,37.8,37.8,37.8,23.379638531403234,0.3553067480250362,23.305766391126735,22.974840537184164,23.969892468891647,0.2902880597106112,0.011082642838632228,0.2907334072749088,0.2767876623796106,0.3094796158098245,0.46235129295697536,0.021464711412697176,0.45708479438954414,0.4292748744627283,0.4998310821578139,0.5903230297967089,0.002611364745515792,0.5906618397846455,0.5856446672236058,0.5943841084191929,0.7107272947767104,0.007598176104749852,0.7099817703719111,0.7007801475341381,0.7238507298469249,0.6399813037654647,0.010428389160671554,0.6388712728232668,0.6175330619033882,0.6514440310164037
5575344,Peking_3,1,1,5575344_S1_R1,37.8,0.0,37.8,37.8,37.8,25.973611106431836,0.6761583972157135,25.940650818849864,24.35045828066374,27.37720487870668,0.3580642126902652,0.022628154191757947,0.3592791643219804,0.308088501306987,0.40342753949297766,0.520199169150026,0.0287791948912939,0.5169233169311171,0.4562010335055843,0.571250766938382,0.5787332377918543,0.007385448356610461,0.5789705745846081,0.5568829481110189,0.5911723753828962,0.7363280563457818,0.008501320279873348,0.7360510339208708,0.716865694907929,0.7524757716261442,0.5373166626993786,0.018535456991809276,0.5375259460130796,0.4929365413595926,0.5840053594135634
5600820,Peking_1,1,1,5600820_S1_R1,37.8,0.0,37.8,37.8,37.8,24.79329248050058,1.1487423377575463,24.734788755994096,22.880215362184927,27.562615186917153,0.31936222784328383,0.0352333173734471,0.31810551435737416,0.2582055921677038,0.3961514918813092,0.4816254461499844,0.0463299996433025,0.4751610850369899,0.4042062560051244,0.5827713144836574,0.5864374803313566,0.009493118308802118,0.5879792072774442,0.5547377703518099,0.5977350784368314,0.7168686517704298,0.013929864904848864,0.7159423637760524,0.6909149968329416,0.7391931367795159,0.5757447284725763,0.030634956223158843,0.576378416981879,0.514817778398917,0.6275584098490059
5669389,Peking_3,1,1,5669389_S1_R1,37.8,0.0,37.8,37.8,37.8,25.02214773517671,1.5706201439499405,24.561425280570983,23.18014761021263,28.86931731763639,0.32486292913626186,0.047843081854097524,0.3071325196398218,0.2623083421962126,0.4333363485686106,0.4940612496022131,0.06347701410010019,0.466928066735964,0.4190315237635373,0.6486435786435787,0.5822778070482666,0.017395853750687196,0.5896593335189784,0.5328998421981025,0.5952566601689396,0.7150734260399019,0.011250392212446442,0.7145808721921105,0.6930227443523959,0.7476125796568135,0.5741327537375194,0.03270430546604457,0.5833248412034798,0.4980135385819512,0.6216605593486936
5971050,NYU,1,1,5971050_S1_R1,37.8,0.0,37.8,37.8,37.8,25.33929429164599,1.1880137506904103,25.314518656856134,23.27579427204634,27.749473506525945,0.34004113693965865,0.03501297774844959,0.33808880237891603,0.27561249689454226,0.4069638487029178,0.5145629286194937,0.051567036696731884,0.5151243625517175,0.4220269378896525,0.59686992023589,0.5803970334520785,0.010609505012769053,0.5818295739348289,0.5585909217488271,0.5961477768495277,0.7238685336738356,0.011898720787757354,0.7243025399057775,0.7016329130713015,0.7519721114606137,0.5647756628464566,0.03297559486618836,0.5611936246309729,0.48922866225342204,0.617842680632454
5971050,NYU,1,2,5971050_S1_R2,37.8,0.0,37.8,37.8,37.8,26.150233622687697,1.1004253768473184,26.16883487199482,24.52186317820298,28.24299290431173,0.3654716167328671,0.03592211323444062,0.36049560779887024,0.31700171798310484,0.4344092427042614,0.5192030896448911,0.03569907887398653,0.5176712389973638,0.4647060800591537,0.5864430243625082,0.5773967165679152,0.009320310235483208,0.5785575048732899,0.5584126984127036,0.5900120672050457,0.7367739729737466,0.015198074681542615,0.7346890539982246,0.7152554401557114,0.7649495502026452,0.5313157178553201,0.037979119803932405,0.529698630744984,0.4642596260779616,0.5851571092297526
5993008,Peking_2,1,1,5993008_S1_R1,37.8,0.0,37.8,37.8,37.8,25.520711861648362,0.8778809046619893,25.27289214134216,23.91417973794435,27.607297077931857,0.33862318276438197,0.02972213094504137,0.33673631425917727,0.2851548093595808,0.416734363847954,0.5035943936417929,0.03274695010347257,0.5026633626660943,0.4494869289030051,0.5605600041687655,0.583372364968421,0.007506877258474193,0.5852315975122916,0.5635041306971055,0.5937064884433244,0.7257057436876723,0.0110851287235376,0.7242525274560246,0.7056246341650185,0.76163809200113,0.5484434689469588,0.026816134477577417,0.5507914755345055,0.48198510625507796,0.5964298495141552
6115230,NeuroIMAGE,1,1,6115230_S1_R1,37.8,0.0,37.8,37.8,37.8,24.88173913080032,0.6744237191360976,24.92160334430243,23.076004273640482,26.38094480602365,0.31901339791166405,0.02383315324451326,0.32022259321079644,0.2589744578448682,0.3666437504356921,0.4847630459536253,0.0357836229831772,0.48489123878567797,0.4067365205955967,0.5744562405812097,0.5868929570302509,0.006109350831676342,0.5875684581824874,0.5696556205328045,0.5969367864104683,0.7163980487846263,0.009399270306813519,0.7166795466283915,0.6928434617521612,0.7339542828221557,0.5720811750233609,0.016800891909416495,0.5709192327455836,0.5436125804175577,0.6235761927316794
6187322,Peking_1,1,1,6187322_S1_R1,37.8,0.0,37.8,37.8,37.8,25.140275690483648,0.7746625536450781,25.006110436037968,23.398566036789042,26.842127773008848,0.33247951922965524,0.024883012525839448,0.3294286677682854,0.27449786490298156,0.3849129484084977,0.49975606737174644,0.030028608742752375,0.49909269912358595,0.43777650335900375,0.5575344507371656,0.583698745508751,0.007017119476718172,0.5845261301401578,0.5664949410563377,0.5948760790866023,0.722953668706151,0.010319117851779653,0.7232438747212586,0.6970969325598527,0.7453425344042557,0.5663107216767881,0.02259099160309455,0.5699017259975689,0.5181345455230228,0.6186730463021447
6206397,NYU,1,1,6206397_S1_R1,37.8,0.0,37.8,37.8,37.8,24.18020936389151,0.47393459750398453,24.14119384916205,23.189078806575974,25.128761996720968,0.3032705185059954,0.015800856883217973,0.30087028720803277,0.2736601600836921,0.3326689077320916,0.4627003149148189,0.02232008397465697,0.4587237899732068,0.4238410125647236,0.5046581517655898,0.5904925148119319,0.0033441363373613213,0.5911445279866291,0.583760326742787,0.5953866146848605,0.7126157243478833,0.006732132541361103,0.71119197664071,0.700540365059408,0.7269477331815765,0.5936617257054437,0.013262201741093441,0.5943266472056927,0.5704781767320115,0.6252538208342701
6206397,NYU,1,2,6206397_S1_R2,37.8,0.0,37.8,37.8,37.8,24.83371967864772,1.0914849338916843,24.81487442505987,22.85963604450226,26.599526858329774,0.3238923087321848,0.03337703168190907,0.321137828365223,0.26791813224299227,0.3809983674609945,0.48965939713087797,0.0435559409903364,0.48622774605307356,0.41355637476525003,0.5582883696608115,0.5849527394475916,0.008178275048987538,0.5875614963334197,0.5683718555648278,0.59582289055973,0.7192916450256135,0.014398483762668748,0.7215301380574999,0.6912729096708935,0.7418154306671988,0.5773913619583849,0.03126847179778758,0.5743199317145234,0.5260231931240769,0.6361783632791265
6346605,KKI,1,1,6346605_S1_R1,37.8,0.0,37.8,37.8,37.8,23.4720650736645,1.2644678664062607,23.010519350829878,21.84509094953537,25.763530701712558,0.2966290991890582,0.03737489461193476,0.2817886529493961,0.24716111313103897,0.36302802440508625,0.46565493130479657,0.052840825878184165,0.4453300173954454,0.4074562202935939,0.5555108608205953,0.5889968586182748,0.00775312978841463,0.5919428200129938,0.5747749002134851,0.5965376403972878,0.7134773081816336,0.016304173051112043,0.7090108661473703,0.6922530358996355,0.7421339926121646,0.6349456940319931,0.03503517935653478,0.6451441689873432,0.5652221071059509,0.6846127647870233
6383713,Peking_3,1,1,6383713_S1_R1,37.8,0.0,37.8,37.8,37.8,25.627775817084224,0.7724884548345653,25.7914290804612,23.690135208870235,26.80001991799003,0.34679572556505317,0.025544499561683445,0.3494970389178703,0.28651754873571583,0.3798549124941768,0.507928433430573,0.03301948311081373,0.5123082164126376,0.4408576246687545,0.556120960093383,0.5814849680660488,0.007076704142549263,0.5796806831894474,0.5678826696370588,0.5930474333983059,0.7316901305191481,0.010445052136810526,0.7300933591378024,0.7028530681183698,0.7461586628245198,0.5465936866838251,0.023519336507219903,0.5452815975793655,0.5070706151415465,0.6060061178261176
6453038,KKI,1,1,6453038_S1_R1,37.8,0.0,37.8,37.8,37.8,22.59877049280666,0.4345571008325862,22.5663141636472,21.773964887543727,23.334441167116164,0.2741922096270107,0.01150886064842307,0.2710359912592864,0.25637020517145354,0.297173681925637,0.43264498217563974,0.011974995371975675,0.4303654282521082,0.4112595419847328,0.4541827924977672,0.5936212363266783,0.0017054305649143273,0.593827160493824,0.5898449828274319,0.5964726631393276,0.7005149381969298,0.0061928681265355345,0.6994414398294838,0.6906851769367744,0.7129072902659611,0.6612799122778222,0.01632412646011503,0.6656908714847624,0.6308467956330909,0.6887153741610279
6477085,Peking_3,1,1,6477085_S1_R1,37.8,0.0,37.8,37.8,37.8,25.81462346642865,1.3533401888737158,25.54945910039701,23.857054369073165,29.05631380457627,0.35111668891193126,0.03945675424397736,0.3451392595560983,0.2952731001498943,0.44747073917747293,0.50768950187236,0.04307115389471768,0.5034730692687938,0.44026941538803027,0.6139629519732102,0.5802035350345109,0.012295409484020367,0.5839506172839541,0.5423466072589066,0.5937621832358596,0.733082051827011,0.01315976438594185,0.7333644000647818,0.7112563319381631,0.7625195193558625,0.5384059782044586,0.041510662865424465,0.5444776085152728,0.4405769972474553,0.5935351039034781
6500128,Peking_2,1,1,6500128_S1_R1,37.8,0.0,37.8,37.8,37.8,24.661782457418408,1.4323212318183876,24.209505658400687,22.859890052519347,28.38924071977013,0.31646658647570824,0.04517004676144383,0.3036316759044297,0.2550448093272991,0.43401359803159606,0.47932874293100436,0.05824135233191203,0.46448603099497593,0.3995800659896302,0.6350598117817925,0.5852414007013867,0.01607300462447489,0.5911816578483222,0.5380506822612142,0.5974194746124566,0.7125204064080972,0.01181097181389096,0.7108988839854633,0.6897569819068184,0.7447840477152801,0.5831083240802443,0.03180133144302393,0.5904133334859637,0.5042504877076113,0.6256215608242792
6568351,NYU,1,1,6568351_S1_R1,37.8,0.0,37.8,37.8,37.8,23.660611213173063,0.4247689090658748,23.712465421149606,22.96749114582413,24.42604199961612,0.2860524683645759,0.015102474941196903,0.28723998449150345,0.2629897619875479,0.3127221133329604,0.44625045356726656,0.02097363761745887,0.44696354603877964,0.409236151768017,0.4869100750783964,0.5930488737808703,0.002427179959263927,0.5936972059779001,0.5891302329898737,0.5964355332776373,0.7034885673303631,0.007266269119366208,0.7049505315466283,0.6909656228554181,0.7176479544141567,0.6117185154223916,0.01169938967466305,0.6077753214741842,0.5898323154854462,0.631714011373974
6568351,NYU,1,2,6568351_S1_R2,37.8,0.0,37.8,37.8,37.8,26.535919714417517,1.2885589318986093,26.77157094541349,23.45552526116371,28.780794900969454,0.3746047407495534,0.03885355610380489,0.37904887843122614,0.2763821639334816,0.43177184579478894,0.5412225433577076,0.04615606436591964,0.5469129268337196,0.4394705383438963,0.636731699364165,0.572189509533722,0.011489075197422904,0.5726028033045519,0.5473684210526257,0.5927875243664686,0.7388680544308959,0.0152725519930013,0.7423113255937672,0.7019965124195939,0.7603088366739308,0.5224675861310918,0.04140781147040434,0.5075443973384571,0.46259340167012397,0.6203335998998449
6592761,OHSU,1,1,6592761_S1_R1,37.8,0.0,37.8,37.8,37.8,25.81188418690921,0.5511260999800524,26.03466369541068,24.94433294095491,26.478209833722367,0.36642579235748296,0.016410538463210472,0.3686752953615354,0.3453791698712352,0.39160278812885707,0.5452046885491453,0.021615208631326415,0.5491847532663859,0.5149331675474044,0.5839840233102522,0.5710353043101475,0.005077382244756334,0.5702821869488434,0.5626102292768811,0.5791237352640788,0.7357641510867442,0.008915453541158764,0.7362534350806883,0.7223002176862141,0.750620694808657,0.5715798083668928,0.016019992771755576,0.5705611978557176,0.5494836982994218,0.5950949784641112
6592761,OHSU,1,2,6592761_S1_R2,37.8,0.0,37.8,37.8,37.8,26.149589758797696,2.557619744328681,26.541774594156365,22.424222812527105,28.874493341069474,0.37363025688122536,0.07230742078740537,0.3846563047781079,0.27217853247115475,0.4476233501098482,0.5339827689450555,0.07316152719633495,0.5489592604289283,0.4282100421617478,0.6135725594735272,0.5644335559651665,0.02329446351762492,0.5647312726260032,0.5357547307422305,0.595340202357744,0.7290638239383574,0.020405157104678866,0.7357536435752698,0.6983516106494595,0.751403494694626,0.5607657811440964,0.06945333343479343,0.5433420099477787,0.48271210791506297,0.6661136078821255
6592761,OHSU,1,3,6592761_S1_R3,37.8,0.0,37.8,37.8,37.8,25.57236559767472,0.8211307289181221,25.72146688762464,24.511040628583807,26.394648001068518,0.3583565099969444,0.0281494074960766,0.35844166372460917,0.3195436655996598,0.39198049762485865,0.5299427740635125,0.03161364879860022,0.5388561472196418,0.48910457702921306,0.5640667806750133,0.5752993595098762,0.0077484019983388,0.5737283022370598,0.567794486215524,0.584721061914043,0.733447313004461,0.00835877377773878,0.7337850793618153,0.7217281196350972,0.7443580670536452,0.5660652074062048,0.022960870458773094,0.5659659283866925,0.5407274311513697,0.5964094312700247
6953386,OHSU,1,1,6953386_S1_R1,37.8,0.0,37.8,37.8,37.8,24.287558339353193,0.7107200560771932,24.459398410194797,23.3624971298795,25.29161546544025,0.31353233227312505,0.015510089353917757,0.31515768527280424,0.2905004293926793,0.3340866857762892,0.49804847861999224,0.021030172833103836,0.5052515131478562,0.46971010619226733,0.5216552978626648,0.5858122672937432,0.0036672093453342523,0.5853104984683886,0.5808409913673044,0.5902626937714579,0.7215294077380541,0.008115548349611094,0.7242135418157827,0.7080447351368667,0.732127525162051,0.6088737722004791,0.024583913381497704,0.6040970635195025,0.5741599447877916,0.639956035490522
6953386,OHSU,1,2,6953386_S1_R2,37.8,0.0,37.8,37.8,37.8,23.649990127588573,0.8587016388881411,24.083519096750962,21.922842221511036,24.427479642315916,0.30548913698645414,0.02230841322914158,0.31377314938197887,0.2624853066818179,0.32813895543214866,0.4754340517055623,0.025674445838715337,0.48222201880451415,0.42337606272237965,0.5070752701300287,0.5876512268325014,0.004439937701620413,0.5876728859184871,0.5816392833936571,0.5957857606980393,0.7164848085108925,0.010701203212393423,0.7179963195632436,0.6987953429541514,0.7306004696451102,0.6313653376193996,0.030117796292255233,0.6226655470564717,0.5960516071259826,0.6876920123330665
6953386,OHSU,1,3,6953386_S1_R3,37.8,0.0,37.8,37.8,37.8,24.635044636921577,0.6341381570371626,24.71623326163543,23.555669184734946,25.290769360567396,0.3307665044029997,0.02071684332951576,0.3250056011793846,0.29788674703457296,0.3575823795944908,0.5181033189013208,0.03023749969210749,0.512208687913677,0.4881187230989957,0.5666768182950801,0.5799620450302625,0.00760374698283357,0.5849995358767254,0.568383922769867,0.5865404251369138,0.7215223736295339,0.00904811009296315,0.7183459805334882,0.7128206198514488,0.7365028608715732,0.6103047462448655,0.019653273525666363,0.6087214861829711,0.5818347250907343,0.6481377474779009
7011503,Peking_2,1,1,7011503_S1_R1,37.8,0.0,37.8,37.8,37.8,25.860182924187995,1.2982747878298486,25.797245184371345,24.027944840255536,28.70925267934799,0.35318396299622945,0.04244797428491927,0.34959093078292397,0.2884627106232122,0.4464930616955617,0.5309748970462858,0.060169230456944924,0.5207841067406421,0.4454508385751242,0.64525,0.577252571356117,0.01391253514926308,0.5790587580061197,0.5374983755685645,0.5939849624060123,0.7300042354776822,0.014776947959874406,0.7281589219380575,0.706119929884349,0.7658847941760994,0.548246130717739,0.03021867323798248,0.5567204482407332,0.4781839496808542,0.5890245259223095
7093319,Peking_1,1,1,7093319_S1_R1,37.8,0.0,37.8,37.8,37.8,24.943091313317133,0.6283145067151577,24.823102676868437,23.78463949372894,26.683336239739468,0.32643089640023526,0.0211901856994872,0.3209192051642193,0.2963439754915457,0.3945179523704091,0.4913091840748467,0.029841559911740385,0.4810173455466771,0.44588109006544546,0.5721771476940972,0.5864216774999768,0.005296302090373245,0.5876450385222225,0.5686716791979839,0.593669358581636,0.721884342681644,0.00848968378562556,0.7193957635596061,0.7063332334234912,0.742795194349041,0.5703951666554734,0.017460201213096004,0.570202520075564,0.5267971391798693,0.6096023249463496
7129258,KKI,1,1,7129258_S1_R1,37.8,0.0,37.8,37.8,37.8,24.146437135330526,1.11095016866176,24.394992180874475,22.172994108576525,26.31657670171637,0.3187146407009324,0.032798957213138906,0.3216614239434623,0.2686494602704928,0.37867212880701356,0.5081654458695192,0.0405712241328116,0.5131138294497127,0.4246334070615221,0.5812174722734906,0.5813510384147396,0.009028813080815141,0.5806042884990072,0.5594077787060168,0.594263436368696,0.7159619638674803,0.010675471061101087,0.7186619413569942,0.7002088351891407,0.7355253611053495,0.6296167239449152,0.028318756990572534,0.628855087052677,0.5755814494412114,0.680418305133452
7135128,Peking_1,1,1,7135128_S1_R1,37.8,0.0,37.8,37.8,37.8,25.626858222377468,1.5456129731201136,25.248603035901724,23.40697138999638,29.143741379913532,0.34484567427630597,0.04368035531143784,0.33788015797966986,0.27749511913192143,0.4311684546259925,0.5194089358752093,0.056803885455891615,0.5110751384392305,0.42624344721937235,0.6329715372340696,0.5772336959316555,0.017048055443777636,0.5834540053838264,0.5293902746283888,0.5961013645224146,0.7212118557611983,0.01266600869343012,0.7226953795787671,0.6907547001998006,0.7450966082451043,0.5575645544942365,0.03645095456084192,0.5693172744076685,0.48635247165663464,0.6106779068152375
7253183,Peking_2,1,1,7253183_S1_R1,37.8,0.0,37.8,37.8,37.8,25.098263244252454,0.6300562355653582,24.917147870440232,23.894343448312657,26.517933784033122,0.3263189661231395,0.02227027056217288,0.32396236500686226,0.2872594147813272,0.37264418720730064,0.48877659638762,0.029475814694315695,0.4893231003060323,0.438566458284241,0.5618538324420678,0.5856553760190829,0.006341824044856045,0.586141279123722,0.5692926761347668,0.5940870695256554,0.7221427624902591,0.008616770825871522,0.7218879817583805,0.7053800086122991,0.7387771019092059,0.5624079284451072,0.017393625116537362,0.5668787992388981,0.5258976504949433,0.597780218561922
7333005,OHSU,1,1,7333005_S1_R1,37.8,0.0,37.8,37.8,37.8,27.536586347658034,0.5923036173103484,27.272405028970617,26.76329704397603,28.47438145813189,0.41273690646888395,0.015736355251819094,0.4051974503650699,0.38858538248783314,0.4343086243204431,0.5751025887372896,0.017885547965755273,0.5706883535790268,0.5503304818900554,0.6089463503591928,0.5581896098270336,0.0061180093550290806,0.5588387635756012,0.5477192982456157,0.5669033695349409,0.7562390596254639,0.009920355081128948,0.7535776008060925,0.7399633362097469,0.7717071222982002,0.5046811121525698,0.014709772713339677,0.5071574916981682,0.48418049638366273,0.525771579338096
7333005,OHSU,1,2,7333005_S1_R2,37.8,0.0,37.8,37.8,37.8,25.30280659439271,1.1821280809437447,25.428177530514567,23.362786644697188,26.869799055551226,0.35390472345846463,0.03153784417248443,0.3613922320110747,0.29598738213072245,0.39520288743318605,0.5276169565270495,0.04416181700427045,0.539327755464903,0.450877861273678,0.5863985119739595,0.5785126396237399,0.008170914574314127,0.5748259537733121,0.5694653299916317,0.5919149726167188,0.7375219104249024,0.012165762642989507,0.7405834730121591,0.7152167596323262,0.7527754864351097,0.5778355069585969,0.0399209805959281,0.5839231884237187,0.5244158833380763,0.63169067709999
7333005,OHSU,1,3,7333005_S1_R3,37.8,0.0,37.8,37.8,37.8,30.15875632191262,0.47065610900580984,30.00944679912768,29.65689517887015,30.9052306068571,0.4747676340178424,0.012365671350240038,0.4776170161204736,0.4587333271943691,0.4888228836288724,0.639140412829808,0.023978436854505496,0.6393608020977294,0.6103092901359825,0.6686118263678332,0.5331233359707416,0.014791009301887613,0.5303217037302371,0.5093963745342478,0.5488554720133563,0.7566206437410752,0.01400522445795871,0.7553761711284833,0.7296707996264438,0.7727367010664276,0.4204279847127966,0.031598181297068303,0.4062442099374173,0.38551259333627264,0.47532877208329416
7339173,NeuroIMAGE,1,1,7339173_S1_R1,37.8,0.0,37.8,37.8,37.8,24.390358637563153,1.0990796670307152,24.324500101177314,22.585587065470847,26.707640748274954,0.30593185703028786,0.03255205912601539,0.3057065534498373,0.2456009713478837,0.37531506755953203,0.47923469844462074,0.05469248716901957,0.47356687737619935,0.394596097894917,0.612920406660714,0.5873732438987929,0.00897379768070459,0.5906154274575283,0.5605680868838738,0.5976793836442947,0.7072272520219545,0.011210457765749604,0.7085751317130303,0.683983392179282,0.7241681771830207,0.5937833704390922,0.025521583605488316,0.5939682291812864,0.5332930353019139,0.6397742324023484
7390867,Peking_1,1,1,7390867_S1_R1,37.8,0.0,37.8,37.8,37.8,25.666552765478066,1.2400154953837506,25.558903263744554,23.849599735987812,28.554072427122218,0.34673894652245574,0.03982957546747395,0.34736424610959854,0.281807007123822,0.4503083100449093,0.5124360582427304,0.050691927535365194,0.5143153142206676,0.4308918066271676,0.6357550415061692,0.580477594166079,0.010986655793270012,0.5820755592685305,0.5529360438132346,0.5946068875893418,0.7272997326954561,0.014875180993938553,0.7237204402538914,0.7023980053501868,0.7695686539125506,0.5497865744244455,0.0325999123469852,0.5562362950779673,0.4719184138422323,0.597315316094359
7407032,Peking_2,1,1,7407032_S1_R1,37.8,0.0,37.8,37.8,37.8,25.2532203284476,0.7199312386246569,25.29874185637424,23.26471477903818,26.59998078158027,0.3345650612721492,0.02261644893026505,0.3361435310117245,0.2714514241117774,0.370683644745667,0.494269456148167,0.028902460747669202,0.49646105255146694,0.41292585384631836,0.542843983064359,0.5850486650229841,0.005413759323570947,0.5853986818899028,0.5713868003341549,0.5965933351898232,0.7253183574854783,0.009312768331361364,0.7265121772518396,0.6972189537083165,0.7454868354018382,0.5580075065959644,0.022082803016162243,0.5566060274631922,0.520979614312255,0.6156492391143195
7415617,KKI,1,1,7415617_S1_R1,37.8,0.0,37.8,37.8,37.8,22.943627836119763,0.6978856896951046,23.001591664866396,21.343584729182094,24.310588299600703,0.2821200451446653,0.019929256942981043,0.28639347408129967,0.23754089828140545,0.3187225705305052,0.4605856177401069,0.037375335761957125,0.46101839684625495,0.3897321145848726,0.5524405665879418,0.5917623004880609,0.0038543502281624216,0.5923141186299054,0.5806924719205409,0.5976701011788723,0.7042457705550146,0.008756483975391305,0.7065852538502997,0.6823804294527651,0.7182782611838365,0.6559120200256519,0.017723084066620202,0.6507302520650903,0.6343062377580193,0.7028778131543942
7446626,NeuroIMAGE,1,1,7446626_S1_R1,37.8,0.0,37.8,37.8,37.8,24.837110839808016,0.8369716660282117,24.62968935495929,23.506723672465274,26.839834589707223,0.3201104108839322,0.025867900411655632,0.31533541134061216,0.2765614362509704,0.3782313882700596,0.4797715175312095,0.0347681826412252,0.47789781289485644,0.41876802279123093,0.5612122969837587,0.5870807655208811,0.006746243587431184,0.5891279123735191,0.5662860855843169,0.5951824004455584,0.7174125705772384,0.010339135491199499,0.7157107893614647,0.7012515763824059,0.7429144126703401,0.5708481727741712,0.02442314047093253,0.5768839680461357,0.5141424132070644,0.6169437355498556
7504392,NeuroIMAGE,1,1,7504392_S1_R1,37.8,0.0,37.8,37.8,37.8,23.911933765244974,0.5153504024231257,23.999864882544465,22.459864222689678,24.827612303432666,0.292589378553209,0.01687536153047336,0.29762519157033407,0.25305005229588273,0.32615844137918076,0.45898781735121535,0.023396866061575032,0.46447344554627623,0.4054763270961331,0.4974439515195505,0.5918223497552206,0.0030477944805212117,0.5911306042884942,0.5859277824190038,0.59714100064977,0.7038468991445733,0.007601099760541961,0.703606159744797,0.6841717146086015,0.7185722221782023,0.6044469480997365,0.01460503945609938,0.6032165294552009,0.5769047447414127,0.6486055130183083
7689953,Peking_2,1,1,7689953_S1_R1,37.8,0.0,37.8,37.8,37.8,25.913417515185433,1.0070495690046655,26.282422198747334,23.907198777324275,27.31431445698989,0.3578113767953694,0.031506569091468734,0.36492420964769695,0.29349524742782496,0.4089190194270456,0.5259239058942977,0.04520930314911457,0.5404182640768938,0.43770341952550446,0.6048874677715353,0.5775937359206406,0.009476563724717543,0.5753272069061485,0.5615111853708258,0.5940128098022801,0.7331413322797773,0.011683470200487437,0.734573576026095,0.7098894573981557,0.7500421500099915,0.5433529380004946,0.02569602011241561,0.5363562376776037,0.5060005416879412,0.5942969437081712
7774305,KKI,1,1,7774305_S1_R1,37.8,0.0,37.8,37.8,37.8,23.06451752409339,1.125956386031822,22.91557516988955,21.400001374043917,25.23818331768638,0.2909116250240803,0.03247824097855045,0.2883936235621445,0.24635233679852483,0.35543313689092015,0.47024465105264035,0.05150418829016879,0.46332783200058103,0.39381537702954955,0.569632032469888,0.5871470729292309,0.009305811580075858,0.5898774714564152,0.5652000371298577,0.5964355332776369,0.703372678578822,0.010593312329789833,0.702703980965387,0.68732898245887,0.7225061407077632,0.6599521344726264,0.02506428899271883,0.6583896047987337,0.6194668739959411,0.7001443632380672
7994085,Peking_3,1,1,7994085_S1_R1,37.8,0.0,37.8,37.8,37.8,25.362108410766712,0.9556088192217754,25.353608977794647,23.210764091893246,27.376803294608468,0.33765699836556473,0.029454487278530467,0.3371402204159376,0.27148458616816706,0.39741321586237277,0.5102694450020528,0.0426811769954851,0.5141468114926419,0.42192367054861796,0.5984968573677267,0.5816199260572318,0.008890245998254434,0.5834725703146665,0.5608883319409526,0.5960549521953004,0.7237073656472781,0.010033614130932048,0.7228342415093693,0.6965314289713602,0.7437333285777044,0.5611283614039773,0.024829919579703277,0.5630216125292022,0.5103015274929821,0.6174839519003712
8009688,NYU,1,1,8009688_S1_R1,37.8,0.0,37.8,37.8,37.8,24.318455200067664,0.867699975187222,24.30039379408485,22.864125702255652,25.891195228225307,0.30932516192096526,0.028645729088717906,0.30881963963450626,0.26462479930460897,0.36576461135381416,0.47026408689383514,0.03642681456662306,0.4707099816609903,0.4080581769267954,0.5332100218597612,0.5884458912287025,0.00629964902763219,0.5892787524366415,0.5744732200872382,0.5966304650515171,0.712386834313814,0.01145315967523184,0.7139755678586054,0.6933584014136187,0.7302207605826766,0.5919156500858055,0.023123519681013595,0.5913529908514328,0.5486256591093902,0.6301860916451869
8009688,NYU,1,2,8009688_S1_R2,37.8,0.0,37.8,37.8,37.8,24.87619780604939,0.7704417106415027,24.591870415210725,23.836292360330884,26.660377022467163,0.3225732416541765,0.025425718801794107,0.31441290518819764,0.28907695013779844,0.3815233411816354,0.48672152801917945,0.030737134581767293,0.4836313834970634,0.45099611175692467,0.5497395410876187,0.5860577369349211,0.006384097961008762,0.5879327949503299,0.5699526594263394,0.5921099043905961,0.7204455157124665,0.01193169612844809,0.718456103614466,0.7022081497615104,0.7473666904097972,0.5727170399653186,0.02240513834291468,0.5772099477904183,0.5225668071273043,0.6037394974630744
8064456,OHSU,1,1,8064456_S1_R1,37.8,0.0,37.8,37.8,37.8,25.176421863328645,1.0389785445578774,25.383985709516626,23.550514491921977,26.40433841692774,0.34796236442461326,0.023155477681551195,0.3550637978743057,0.3068637538520132,0.3700752156491773,0.5233826783432064,0.032268453642228176,0.5374714477357602,0.4778068394753279,0.5701229433600106,0.5762857761688126,0.009228167633617265,0.5762043998886066,0.5621693121693154,0.5879977722082934,0.7287655968491327,0.005612332429923103,0.729747440390001,0.7184307066010901,0.7362340344149078,0.5869018187594889,0.030175767627268296,0.5822297190730202,0.5450365137569222,0.6373564131775795
8064456,OHSU,1,2,8064456_S1_R2,37.8,0.0,37.8,37.8,37.8,25.752107716268963,1.7877042738711866,26.423886036245445,23.311230350168128,27.83043707985627,0.36083618119010336,0.04950913880799496,0.3768113357761985,0.2963051657757512,0.42441139964156754,0.5408102739148952,0.050043615957647336,0.5546918663670686,0.47763242631418035,0.6123791502823522,0.5695778541002675,0.016437982526136125,0.5684396175624153,0.5432535041307021,0.5893344472291826,0.7302577957319295,0.011786363114987137,0.7355567907640339,0.7105718535222837,0.7430221070443661,0.572650605654074,0.04964847704167297,0.5462716156909871,0.5248806383609108,0.644254722553055
8064456,OHSU,1,3,8064456_S1_R3,37.8,0.0,37.8,37.8,37.8,25.58806340760655,1.1120850798130717,26.134482254480062,23.84759819256632,26.72847104950955,0.36766403792727975,0.02905985037402078,0.37984224056775984,0.3199662580132044,0.3998971960377108,0.561092738329667,0.03456760272451352,0.5742231185259877,0.503388234062872,0.6063482456191401,0.574146889858391,0.006516752306700079,0.5712484915993685,0.5679290819641702,0.5834354404529845,0.744092745510642,0.011951241001072374,0.7464204908711103,0.7259737215906237,0.7601728557140833,0.580681755386989,0.03948659108444711,0.5629613491726001,0.5402364006383742,0.6385772608326392
8083695,KKI,1,1,8083695_S1_R1,37.8,0.0,37.8,37.8,37.8,22.58965908977464,0.5022837098662408,22.63580607175827,21.92656952519166,23.274476803290217,0.27345880342170575,0.017120482561654313,0.26975337026905216,0.24880932231223138,0.3008878880877179,0.4446636367204201,0.024505645886655467,0.4368113290107005,0.40878227309938703,0.4920014044511245,0.5923575996521464,0.0029401411298906675,0.5928617840898506,0.5870880905968561,0.5956093938550034,0.6992860670531157,0.007859666521537972,0.7006730507897067,0.6876066435510508,0.7123259406877501,0.6683492605090988,0.01475508035259489,0.6667195419736043,0.6442264805992677,0.6926347803302676
8191384,Peking_3,1,1,8191384_S1_R1,37.8,0.0,37.8,37.8,37.8,25.46562991175939,0.620695408067968,25.352569147787595,24.34392216017372,27.144653104480945,0.3431744216966716,0.019159260118021756,0.33688974662451715,0.31342588748893324,0.39248993578739827,0.5217604649156039,0.03584061246084121,0.5108222157503052,0.47717039720533055,0.6106412005457026,0.580292759903362,0.00694292177832084,0.5828367214331999,0.5589947089947027,0.5902162814443441,0.7253475873542037,0.007686516670790457,0.7228839313750165,0.7156514884173666,0.7458254136338417,0.5622237717624936,0.0147859766991385,0.5653595222699147,0.5287748262597405,0.5928818783232908
8218392,OHSU,1,1,8218392_S1_R1,37.8,0.0,37.8,37.8,37.8,25.164372339862133,0.5959009620942365,25.265941388983475,24.004565152369047,25.782476874401695,0.3517681244181048,0.015537948476048146,0.3554438776605408,0.32004310092611504,0.3677756549839644,0.5558631483535204,0.026939127670409464,0.5539261928836519,0.525308140645901,0.5920905459387483,0.5718331837824899,0.006541498118978267,0.5702357746217331,0.5636925647451769,0.5823725981620648,0.7248266963722316,0.007111867458668453,0.7240259304383634,0.7170314658485215,0.7371479923854255,0.6055120786580677,0.011446591032230585,0.6027848928228987,0.5938710075140464,0.6320776815966822
8218392,OHSU,1,2,8218392_S1_R2,37.8,0.0,37.8,37.8,37.8,24.80203473034658,0.9453258767970615,24.86068132739318,23.256807876574367,25.893315775143474,0.33277542646590175,0.023123008413548578,0.3362062187107468,0.2952058523103324,0.35847944726606135,0.5311870864348145,0.055516645355062115,0.5407894021821168,0.46204791637575054,0.6038277718208318,0.5805640644821825,0.008203137233428937,0.580613570964432,0.5673257217116751,0.5908474890930939,0.724735677848595,0.009460747543854672,0.7227930448744128,0.7136401595645316,0.7375904927043896,0.6073222497453519,0.019626898273897426,0.604137993556017,0.5853999165332076,0.6453153866524485
8218392,OHSU,1,3,8218392_S1_R3,37.8,0.0,37.8,37.8,37.8,22.588086351525714,0.2977611905943345,22.457145056912772,22.281482175463125,23.182740087885605,0.26776579082995394,0.01290454040828792,0.2670326877841207,0.25287375785467703,0.29332247919219495,0.42609147736102115,0.016718215555102715,0.42294795765670895,0.40650800336983994,0.4623076169003039,0.5940757242901467,0.002332637470152157,0.5948667966211788,0.5886753921841575,0.5961106469878372,0.6994173770117434,0.00673677628173988,0.6966824913357207,0.6922624307395252,0.7140148142119515,0.6560110114644617,0.008796197930688154,0.6573260736976683,0.6444999655286969,0.6669853610519046
8263351,KKI,1,1,8263351_S1_R1,37.8,0.0,37.8,37.8,37.8,24.032842663467097,0.9536770416176241,24.168653563449258,22.476884769138536,25.117689825359143,0.3146743189587663,0.029020463539269754,0.3206231943608644,0.2675335288951921,0.3540010471708731,0.5004130851696196,0.04655464810093098,0.5019246245890288,0.42615330824129494,0.5609179259592157,0.5833203867368146,0.008252445820050372,0.5825257588415385,0.5711083263714823,0.5953123549614754,0.7156462179241732,0.009967052362839318,0.7156905377708562,0.6999023981339187,0.7307899196197744,0.6271018134717545,0.022138589742272858,0.6240889315949081,0.5984860874258088,0.668354733350117
8278680,Peking_2,1,1,8278680_S1_R1,37.8,0.0,37.8,37.8,37.8,24.874472072816168,0.8858292011959916,24.891741431386848,23.04773786914976,26.196947237064965,0.3217957692451521,0.02744974985952826,0.324130541919056,0.27156119966213904,0.3681733274249126,0.48488331548134705,0.041145280852207824,0.481335914432647,0.42120939841378774,0.5599376770538244,0.5870792609346251,0.006635535428941355,0.5883597883597883,0.5716327856678566,0.5967325721711668,0.7190889466467659,0.011421128295958058,0.7177101252268482,0.6946723178386718,0.7421419378496749,0.5701236286466619,0.025252870669609205,0.5694155392292249,0.5220106290761756,0.6283336433501869
8328877,Peking_1,1,1,8328877_S1_R1,37.8,0.0,37.8,37.8,37.8,24.487615755318984,0.5355099198066618,24.458578617949236,23.12565921262691,25.52244278004295,0.3105608931859484,0.01708800959592834,0.3069942644303288,0.2693467614103295,0.3462963991584787,0.46775029252772615,0.018313938195038695,0.47040332877484753,0.4235178722466647,0.5019032253998664,0.5897909860468636,0.002993361005373943,0.5900399146013116,0.5835329063399166,0.5958136080943078,0.7144308241864138,0.008124941050041155,0.7129701359324735,0.6960014342479818,0.7329365990194203,0.5813759740478043,0.018471136887709582,0.5841656012908226,0.5479896967273608,0.6280402603238381
8337695,KKI,1,1,8337695_S1_R1,37.8,0.0,37.8,37.8,37.8,23.388646975695565,0.9210781993362487,23.212312115650427,22.168805053045876,25.177119551834306,0.29905813582930624,0.025494141742388426,0.29931611259430946,0.26152434119886137,0.35109507542880714,0.4893698789708359,0.04509089035884209,0.49312373076997984,0.4206053182118476,0.5759927270365921,0.5862488783687541,0.007348619321990449,0.5880256196045597,0.5696741854636405,0.5950895757913283,0.7087311955376129,0.008782360508296946,0.7093325053541135,0.6931550943684481,0.7260691221805101,0.6513700851599155,0.021750848426766105,0.6549338454167446,0.6159164412178989,0.6775966306444464
8387093,NeuroIMAGE,1,1,8387093_S1_R1,37.8,0.0,37.8,37.8,37.8,24.695405354509365,1.0819118125894094,24.764459303491996,23.01011499072376,26.992806276522185,0.31425589281886435,0.033848172184210434,0.31894115670246903,0.2567983020698166,0.382084506572375,0.488337574836872,0.06120702551976824,0.4921701362018229,0.39698545801931856,0.6273604301755495,0.5866377094103958,0.009065170302972303,0.5879003063213533,0.5617757356353833,0.5970296110646977,0.7111353825648432,0.011807345377862882,0.7143445153081996,0.6896221693257893,0.7317893520176836,0.5815022708232513,0.02488040894454723,0.5766082757729669,0.53048960973678,0.627225390319803
8409791,NeuroIMAGE,1,1,8409791_S1_R1,37.8,0.0,37.8,37.8,37.8,25.637325067180516,1.2572954593586494,25.209269147797635,23.387341594068626,28.234657158977107,0.34532014927119825,0.03713171488866928,0.3329351313533332,0.2797197941405516,0.4289207084988373,0.5169980704873339,0.054722525106636916,0.5010976524439069,0.4434504835668652,0.6228228889693042,0.5788727454707565,0.012915639060876581,0.584728023763103,0.5518035830316467,0.5954608744082429,0.7235441770172258,0.011002043967901802,0.7224958420695269,0.6967850387079704,0.7501494970388706,0.5552934283420297,0.030215350369974796,0.5574514568615544,0.4891172138637435,0.6205498555183941
8415034,NYU,1,1,8415034_S1_R1,37.8,0.0,37.8,37.8,37.8,24.605639889387383,0.8878077845304305,24.7023013252961,22.19016010980857,25.73665819544541,0.31692245400308144,0.02753247638998899,0.3203046264227001,0.24164488001001236,0.3508986729038117,0.4803183865420512,0.03593449052360759,0.49362542877921006,0.3779000014454836,0.5216759906617074,0.587093852127117,0.004920453883211769,0.5868467464958647,0.5780562517404457,0.5983941334818519,0.7161531344788772,0.012929723977004504,0.719236394693091,0.6783010038630354,0.732662492183371,0.5822030118599364,0.02676580473122154,0.5729633667514836,0.5414152764238311,0.6496466970367373
8415034,NYU,1,2,8415034_S1_R2,37.8,0.0,37.8,37.8,37.8,25.784729759478957,1.1807574892936223,25.55347961375588,23.909422692813372,28.244906244779887,0.3502975363275147,0.03643479531891816,0.3460486359822087,0.2936781739305759,0.4260498420325093,0.5175307287077396,0.04609819016951057,0.514194004542582,0.4495709924923686,0.6232375887765454,0.5787757068277264,0.012822351382033026,0.5819502459853274,0.5463492063492092,0.5942263065070058,0.7277359412646514,0.012122188384997578,0.7257014719922685,0.7100880986228781,0.7520006354132818,0.5497394559751165,0.0297468868492306,0.55499637633504,0.49032910262864465,0.5992911154315586
8432725,KKI,1,1,8432725_S1_R1,37.8,0.0,37.8,37.8,37.8,24.42336563900567,0.9174833856748748,24.706389791714518,22.9560191590535,26.39862164698149,0.32671899065275123,0.029280921349553565,0.32890033762621157,0.2852729585312873,0.38955487347721557,0.49516034206949167,0.0447108779847267,0.48013630094383,0.44834090021151335,0.6244753522941349,0.585752636953003,0.006672180724189502,0.5865961199294529,0.5670008354218776,0.5921470342522922,0.7282005590365879,0.012417468253144022,0.729713371200941,0.7105262953358814,0.7534745282209349,0.5982710972823844,0.025444226976478752,0.5887549429476278,0.5652056883285053,0.6447361964878682
8628223,KKI,1,1,8628223_S1_R1,37.8,0.0,37.8,37.8,37.8,22.977211658931093,1.1490467430838427,22.77089853286743,21.348157524435145,25.232466024474093,0.2873818027226592,0.03442892669233154,0.28561029624698125,0.23890788807835397,0.35382714297199946,0.4616398013343528,0.053535509956794396,0.45360344916997974,0.3935348351989173,0.5737033051997557,0.5895703765586754,0.007434476521540772,0.5915111853708295,0.5729880256195953,0.5974194746124545,0.7053019618691262,0.014391392598542009,0.7079743183380339,0.6813963843281077,0.7295724798375898,0.6579741011504497,0.029799488848840906,0.662078404603347,0.5969175946974747,0.703690184976888
8658218,KKI,1,1,8658218_S1_R1,37.8,0.0,37.8,37.8,37.8,23.589609640143255,1.028893239120838,23.45887693574554,21.637090179167295,25.109043853533894,0.30044678780597717,0.031884949507884376,0.29854117753884485,0.23965464645743753,0.35292254866866946,0.49354901095081,0.05264644386843508,0.4807147979016492,0.39728114625196576,0.5877049180327869,0.584091075642314,0.009642111385824064,0.5876821683839136,0.5628515733778803,0.5968439617562413,0.7092479755095391,0.012140337713183333,0.7104619433007902,0.6822469082259983,0.7283196828787365,0.6454803459111843,0.023872647307695245,0.636385858674728,0.6121190158645611,0.6955509657051131
8692452,NYU,1,1,8692452_S1_R1,37.8,0.0,37.8,37.8,37.8,24.0011502478603,0.39268290586376337,24.009238727469192,23.355838444044714,24.633008567910444,0.2966723074283458,0.011441679175919948,0.29434878880072024,0.2757588282836303,0.31625573020512104,0.4590159070182484,0.014592150181236616,0.4567879647874537,0.43290142013061056,0.49596229359485916,0.5915047836705354,0.002463893712787023,0.5919335375475612,0.5862248213125277,0.5952937900306255,0.7078361915903809,0.006575102343278089,0.7069835995930295,0.6971484256451973,0.721103328539452,0.6019778201609101,0.01311420822900222,0.6038313853810405,0.5795347942213135,0.6298713696646976
8692452,NYU,1,2,8692452_S1_R2,37.8,0.0,37.8,37.8,37.8,24.367109895044575,0.681720048668853,24.29944627222262,23.277958978477276,25.663163211471154,0.3082438233847788,0.02138331625494458,0.3049038801172629,0.2764666676747731,0.35605581323735774,0.4707303466990413,0.033665084451663,0.4650816747101387,0.42244910910078054,0.5455910390848427,0.5890031592390881,0.005751110784195926,0.5902998236331501,0.5732989882112552,0.5950710108604812,0.7120495404801308,0.008963851714222391,0.7117329849222288,0.6939606116385952,0.7348797743959474,0.5901560184788216,0.01671494920322899,0.5912708609723607,0.5645458903195831,0.6283243536766576
8697774,NYU,1,1,8697774_S1_R1,37.8,0.0,37.8,37.8,37.8,24.83359751332477,1.8609051402230312,24.231670232195604,23.078523304587915,28.827570816090233,0.32014339915573653,0.05408104136777119,0.3019676381513334,0.2638349226297966,0.4402817563612262,0.4895491260200116,0.07651236686533114,0.464613244766244,0.4105343274746649,0.6498494685520709,0.5816545743120736,0.020108256062741286,0.589891395154551,0.5285409290421855,0.5964819456047509,0.710513545501554,0.013733298394382665,0.7076028743122088,0.6918894838533352,0.7443249226791513,0.5855528419375445,0.037980732166622795,0.6021586227304123,0.49901980332961754,0.628860579291216
8697774,NYU,1,2,8697774_S1_R2,37.8,0.0,37.8,37.8,37.8,24.871459189484643,0.8804493716893972,24.44262140236403,23.14329863127909,26.648904978601557,0.32671767467728496,0.02672061225682146,0.31766879633805756,0.2714613349794703,0.3721635051121535,0.49358718960311354,0.03325537711334933,0.48871901873988416,0.43228479174705037,0.5728901386042349,0.5849444812542114,0.0061231628452194636,0.5872923048361578,0.569001206720485,0.5944954980042646,0.7203918355860037,0.011395295484548524,0.7170563365557265,0.7004328491006409,0.7435989228952262,0.5774474874832671,0.028080262132220146,0.5878449751951674,0.5083345291641754,0.6292193405759663
8720244,OHSU,1,1,8720244_S1_R1,37.8,0.0,37.8,37.8,37.8,25.86204325999433,0.5798934068764559,25.89599192017003,24.99074093040667,26.717778782468095,0.3665406441626329,0.019596563031877418,0.3698069858224132,0.33174462869215954,0.38996246814228935,0.5373306159312529,0.018396391378835114,0.5390584962295922,0.5016419358777449,0.5625283735841231,0.5730015367637173,0.005933434312088061,0.5725053374176122,0.5646458739441133,0.5840341594727589,0.7445619278735252,0.008246321073932705,0.7480528812568424,0.7307983047179967,0.7522586800546379,0.558329452014013,0.021249764851887846,0.5515815295837145,0.5265568139924209,0.5934018428961038
8720244,OHSU,1,2,8720244_S1_R2,37.8,0.0,37.8,37.8,37.8,26.398430385715084,1.0921600878473567,26.760300976351687,24.82347753800844,27.61047364912535,0.38342973443288714,0.03179546908446603,0.3860114910583675,0.33649004546287115,0.4212151906252727,0.570373197065053,0.04671431226499014,0.5835186140410167,0.5123260922626311,0.6233863080023992,0.5674771290365713,0.011146302456265886,0.5611937250533605,0.5527188341223263,0.5831151953958964,0.7487923140947866,0.010476686082631916,0.7473445204915491,0.7331505331019373,0.7668500492955039,0.5486812142029069,0.027633443464684732,0.5563900122832403,0.5105171811643732,0.5868676914939042
8720244,OHSU,1,3,8720244_S1_R3,37.8,0.0,37.8,37.8,37.8,27.324154378029338,0.9652923771596253,27.46247443211706,25.236858929458418,28.48217221623973,0.4123188806641631,0.030170351737572623,0.41081991377518295,0.35921054883478143,0.45935885408280647,0.5692921599007652,0.030494615241800496,0.5575288919102651,0.5311125199316081,0.6241376571506376,0.5647338510886198,0.007418747758787886,0.5661190012067111,0.5516708437761071,0.5758702311333751,0.7660613870963494,0.011994343789626216,0.7662608131777844,0.7524667738615433,0.7866381816924435,0.5037708207151117,0.034822726425674834,0.490658452218039,0.4698693169388257,0.5868851439828695
8834383,NYU,1,1,8834383_S1_R1,37.8,0.0,37.8,37.8,37.8,26.045150341885925,1.0919112980610597,26.12977203193464,23.786594125785324,28.183758696756865,0.3632932292512784,0.037372518117956756,0.3661154193175051,0.291220924221283,0.45056120172981384,0.5241653271976139,0.03956485156662488,0.5283228058615949,0.4429299869558242,0.5871713572210219,0.5761225541503757,0.010413748039574363,0.5762879420774034,0.555101642996387,0.5944026733500414,0.7365989158514371,0.01587984480912269,0.7386547707788513,0.7074799977897234,0.7810899037256911,0.5403821351589089,0.02997334287237977,0.5367093451406192,0.4765490441261245,0.6011111850892558
8834383,NYU,1,2,8834383_S1_R2,37.8,0.0,37.8,37.8,37.8,25.250240886990255,0.9289018696352911,25.18467380937777,23.849518423958827,26.902688547184592,0.3346981432117747,0.029978620829311447,0.330241502929015,0.28603026257714176,0.3945570680769667,0.5101600955790503,0.04003875909367309,0.504190384833836,0.4486345641108508,0.5962894001861949,0.5827472576716275,0.00857116114749089,0.5855936136637839,0.5646152418082176,0.5935858163928308,0.722318831346957,0.011590766176684222,0.7235553425122607,0.7036240154567006,0.7465853880613239,0.5662113302363947,0.026312065470288658,0.5674871497219302,0.5148226313025331,0.6141473101643392
8838009,Peking_1,1,1,8838009_S1_R1,37.8,0.0,37.8,37.8,37.8,26.255732719766616,1.548819214306671,26.254787546082547,23.692687848994606,29.642893546505977,0.3622283354246931,0.04522279705444328,0.3607816842461362,0.28428072399558674,0.4593754308999152,0.535666197780054,0.062195465640978956,0.5310818299365803,0.44377916339761325,0.6479550687020662,0.573515091768648,0.017932011881472715,0.5791979949874626,0.5272423121295442,0.5943005662303871,0.7309490283505902,0.013346320114333284,0.7295993400712143,0.7067000432417784,0.7573541846767358,0.5362215505253736,0.03613653650410593,0.541754487267247,0.4683302905525679,0.6071301398802454
8915162,NYU,1,1,8915162_S1_R1,37.8,0.0,37.8,37.8,37.8,26.28032551315865,1.1465148566701708,26.280247340704264,24.281216036018574,28.067579606959693,0.3673568930745544,0.036827180489526525,0.37128413871410676,0.2968487540741794,0.4216113918444035,0.5326638691185981,0.034420563056232756,0.5414490236395448,0.4568094693657946,0.5845286270574505,0.5745861460803885,0.010655633971643808,0.5761208576997917,0.5562461709830057,0.5922491413719407,0.7356878602691982,0.01297271245357259,0.7343379819529028,0.7115253377786349,0.7609032725748436,0.5314917552503098,0.0350329270719611,0.5311232990854732,0.4716516196246401,0.5880951419144878
8915162,NYU,1,2,8915162_S1_R2,37.8,0.0,37.8,37.8,37.8,24.116442007918973,0.7909265197851407,23.827409120609886,23.119772180758023,25.73621497154236,0.3014454381901479,0.024889895024227615,0.2920462186783882,0.27246652819695627,0.3532770439406214,0.4536374244111001,0.024293167456568277,0.44896174569327946,0.4157612713791817,0.4970986341828075,0.5914218816517611,0.0038833299480968645,0.5923883783532846,0.5832869210062077,0.5962406015037561,0.7113600834683209,0.012270338945876489,0.7056100382837297,0.6949582788579366,0.7373521219628864,0.5929861649769994,0.028042434283231315,0.6000440774140534,0.5353688175948474,0.6278475989142821
8991934,NeuroIMAGE,1,1,8991934_S1_R1,37.8,0.0,37.8,37.8,37.8,24.597350597640744,0.6899086011618417,24.46015156570234,23.26425793829717,26.23217460481744,0.3104521681845132,0.021748533506995127,0.3082013334898037,0.2649925333607594,0.3519418275765195,0.46518773628948945,0.03113613286509679,0.46853187416204656,0.4085627128263337,0.5345416926306619,0.5897979651221398,0.00462426238393714,0.5897985705003203,0.5793929267613422,0.5969553513413142,0.714662332957972,0.009566745529623341,0.7146822651892555,0.695490265740938,0.735144746876437,0.5751763541984048,0.02070241002345847,0.5787083278722134,0.5165878940080076,0.6102038023814422
9002207,Peking_2,1,1,9002207_S1_R1,37.8,0.0,37.8,37.8,37.8,25.332594672002294,0.6959562450922624,25.34130815957722,23.638371640130092,26.614397986311662,0.33319164688766917,0.022594815868479036,0.3333205155326833,0.280855760506748,0.37117424836380036,0.4979028750543588,0.033943905623697444,0.4965724632994891,0.4308790674400412,0.5793893534642788,0.5849301890679673,0.005788352633677119,0.5857978279030832,0.5732804232804105,0.5950802933259043,0.7254595248694117,0.008172285647676624,0.7271917939002288,0.701495754963455,0.7370959824892788,0.5544187877735103,0.019532826964398255,0.5536433120253225,0.5280705775832174,0.6059935976339562
9093997,Peking_1,1,1,9093997_S1_R1,37.8,0.0,37.8,37.8,37.8,25.091099139225495,0.8225188158027714,25.080313924111817,23.649520412558005,26.414383934046093,0.32850593180259174,0.027847255843298956,0.33149054522226457,0.27815654704724463,0.38057798242868024,0.48992158536847746,0.036626560234261404,0.4946157966037617,0.4245257443155356,0.5692010832392635,0.5852698593819623,0.007520293911795177,0.5870323958043181,0.5631300473405603,0.5943748259537681,0.7230518421559209,0.011012682675366774,0.7229983166360829,0.7022411270019567,0.7427785493554419,0.5646212725765296,0.022272156290281956,0.561345418012099,0.5276996179464899,0.6080674149737123
9210521,Peking_1,1,1,9210521_S1_R1,37.8,0.0,37.8,37.8,37.8,24.01019380163779,0.6795371719839993,23.93787872916774,22.63508992289242,25.70505996064136,0.2966358240795267,0.021202694164154906,0.29616267065381524,0.25052415984609533,0.34756782701215805,0.4566954359707684,0.03490412338231039,0.44972416480383914,0.4109189326341608,0.5479112551533494,0.5917705283986822,0.004444079106244017,0.5931124106562644,0.5793325907360936,0.5969089390142008,0.707065246792482,0.009616257080152036,0.7070604335392527,0.6881919157911679,0.729371930536947,0.598782530729413,0.017595161207903855,0.6005679201130347,0.5597316304045911,0.6419835423118588
9221927,Peking_1,1,1,9221927_S1_R1,37.8,0.0,37.8,37.8,37.8,24.787895527684796,0.9691534122520019,24.779537775641995,23.27204000573409,26.79432671446549,0.31914636044947486,0.03054553457850627,0.3191015684574102,0.27287373661883996,0.38696782652994133,0.48412771696607093,0.04586773168238713,0.47925055307929754,0.41974913561008187,0.5929125441938224,0.5863414181343084,0.008599672021153961,0.5886521860205987,0.562480274760966,0.5956001113895816,0.7169201779268574,0.011389592612423689,0.7165445090998153,0.6985605926956602,0.7425108447709599,0.5746909939587983,0.025565166318917785,0.5747581384766902,0.515868612820974,0.6169820364472329
9326955,NYU,1,1,9326955_S1_R1,37.8,0.0,37.8,37.8,37.8,25.076254832344347,1.1936280274984539,25.274750441626498,23.237024865024967,26.74226754966535,0.33097629708280546,0.03637861813486596,0.33778004608776796,0.26852853786613246,0.3880661030784802,0.5020306151457086,0.05754451949418506,0.4945363962043683,0.42447037886306854,0.6011871205550737,0.5813698038198882,0.011840081199337315,0.5848927875243617,0.5528042328042347,0.5947275596398391,0.7213300334349315,0.012632426066581574,0.7231386730887456,0.6992155600717574,0.7455041737641603,0.5745222183670827,0.028432217279224608,0.5654845396677654,0.5381782757774497,0.6286938750222678
9326955,NYU,1,2,9326955_S1_R2,37.8,0.0,37.8,37.8,37.8,26.05115893323062,0.8616218672863782,26.24990440356104,23.2743337646911,27.563612833148554,0.36242865782333894,0.028183240459315043,0.3692517738594872,0.27477033528829886,0.4098245657701253,0.5369845862919387,0.03899639868284269,0.5466898249016491,0.427502518106384,0.6192348036724233,0.5750337529647795,0.009661920170616418,0.5758377425043966,0.5559676970203182,0.5948389492249125,0.7323099110128602,0.010111106535184843,0.7340487240613747,0.6995964522931295,0.7510651664170203,0.5465022059104351,0.021530459918333283,0.5419297817456493,0.5185746860351446,0.6215420907169821
9499804,OHSU,1,1,9499804_S1_R1,37.8,0.0,37.8,37.8,37.8,23.68171560781741,0.6288149734389777,23.8222023593752,22.862567906630666,24.518144000831402,0.29859187757129035,0.022146378955438705,0.3104369916543359,0.2676478365619413,0.3282538641396959,0.47999167279475263,0.03908713019048528,0.4855101305888819,0.43017125981535403,0.5482799095017493,0.5871604938271529,0.005969664563492867,0.5867260744453634,0.577582846003888,0.5949874686716775,0.7110653787195548,0.008072349462686937,0.7136629988029914,0.7005325138926934,0.7230703629512266,0.6338893739234517,0.013117619271863714,0.6325873462744191,0.6119874511811435,0.650971819950458
9499804,OHSU,1,2,9499804_S1_R2,37.8,0.0,37.8,37.8,37.8,22.281072965386315,0.5067239412321494,22.470150113105774,21.34831330462506,22.92859994643613,0.26476918134490046,0.013397692299817054,0.26916478090061735,0.24355772906965573,0.28348113897476707,0.4286929596138729,0.016030666136869945,0.4296044724724184,0.39988323774854906,0.44955880591452946,0.5941386387780132,0.0013568055517686828,0.5942263065070063,0.59241622574956,0.5966768773786314,0.694811651112996,0.006608043696681036,0.6970997620160664,0.684246256715821,0.7028941627695371,0.6738743010157866,0.01693650979680143,0.668052853725641,0.6512397519461924,0.7026153065656361
9499804,OHSU,1,3,9499804_S1_R3,37.8,0.0,37.8,37.8,37.8,23.383786903487312,0.5096794376802861,23.40929227126272,22.65307211781803,24.335770397437248,0.29474214602923315,0.015172763411975404,0.29296750719127984,0.27523467281408615,0.32749525913953315,0.4655104921656323,0.016906662279506227,0.46053307008884503,0.44327245870820464,0.49937750901976724,0.5892942232123481,0.002435273202239684,0.5891487979207247,0.5842615798756182,0.5923790958878594,0.7097522187577564,0.005834337647590321,0.709425694887283,0.7033883474589661,0.721366556657021,0.6381116948338287,0.017373162377430213,0.6399985655855913,0.608437334754214,0.6640864098065412
9578631,Peking_2,1,1,9578631_S1_R1,37.8,0.0,37.8,37.8,37.8,26.05418797178966,1.3055397455046127,25.81088415509776,23.636393036026703,28.75743416610517,0.3608440973171393,0.04120832838061502,0.34972429141126193,0.2942709655102501,0.45191093723476666,0.5289200594180301,0.04330580862533555,0.5226105316232313,0.44418861160898937,0.6061070005387902,0.5749719439908247,0.013291288218593648,0.5790633992388339,0.5433528265107207,0.593195952845074,0.7305651028226855,0.012723850360441163,0.7286669578393273,0.7094768858761548,0.7632941171956648,0.5437855940945996,0.03358355174296737,0.5533845313907965,0.4642674448927675,0.6101781570191039
9578663,NYU,1,1,9578663_S1_R1,37.8,0.0,37.8,37.8,37.8,24.046367911710497,0.5070906476344819,24.01244047566464,23.14926759945719,25.02213999785875,0.3025606622061966,0.016529907534285612,0.29932206955069124,0.2732941695312255,0.3307944995960617,0.46003393859253,0.016517321829947536,0.4605536127081975,0.42845766974015087,0.4917568611107706,0.5909017435030678,0.0028707218514715744,0.5916272161886137,0.5847581917757301,0.5951081407221734,0.7102917849401551,0.00762678959636807,0.7092065515440137,0.6944834789107495,0.7229394012875198,0.5990377822675547,0.01816448409741455,0.5984485685244406,0.5629897716980862,0.6328491159615428
9578663,NYU,1,2,9578663_S1_R2,37.8,0.0,37.8,37.8,37.8,25.226424784301198,1.1470403808943046,25.061155340546055,23.180821482445065,27.41405827999115,0.33571823366396586,0.03510412997905372,0.3280545369396155,0.27165971648542386,0.41228618199310296,0.5087520927745344,0.037146510104212285,0.5080344978590892,0.4215148647143971,0.5750183914007632,0.5817491365706681,0.009520636362618124,0.5853197809338072,0.5555063584888148,0.5952195303072464,0.723378510662302,0.01568954290615341,0.7186135298710105,0.7010597386413261,0.7684035438012876,0.5671867191503067,0.036390461031116136,0.5697939005943103,0.4960940963575947,0.6247519393463182
9640133,Peking_2,1,1,9640133_S1_R1,37.8,0.0,37.8,37.8,37.8,25.57853149428141,1.1015123848716786,25.270341721333956,23.37631015934442,27.595823195106103,0.3454272532299702,0.032362882686978726,0.3397374109875265,0.2804087026510632,0.4092121797010156,0.5201008294260138,0.05144566098021864,0.5171215975095859,0.4267051886628654,0.6107491598921708,0.5801572811885084,0.010150042947800678,0.5808734799962694,0.5559639840341422,0.5958136080943088,0.7287340082804473,0.011625991265294079,0.7299079416834484,0.7002637012070717,0.7497574482781107,0.5534646375363362,0.027652605661126484,0.5543847340290609,0.4994750455573753,0.6113470741348723
9750701,NYU,1,1,9750701_S1_R1,37.8,0.0,37.8,37.8,37.8,24.811379719494475,0.8696654892407779,24.817979314452725,23.31637484117558,26.95074739644402,0.3207154891458728,0.02891765646356959,0.3159780566373318,0.2682949627145972,0.38510991390782084,0.4825833826860125,0.034592613170538904,0.48066593641534583,0.4276702596766291,0.5786414162206669,0.5867652848596506,0.0066426286655698165,0.5872180451127754,0.5669219344657883,0.5952102478418216,0.7186807760180322,0.012478460781067503,0.7175412447937615,0.695675600476276,0.7403525134525315,0.5746228359945783,0.024254555369015527,0.5753410436555357,0.5259173931400943,0.6150228778371835
9750701,NYU,1,2,9750701_S1_R2,37.8,0.0,37.8,37.8,37.8,24.81146156665634,0.8550830427166558,24.679844043756788,23.238758649324115,26.263263039839895,0.3207241958899108,0.02831782004323545,0.3182721982307076,0.2676491816978943,0.3724414491205243,0.48077428949425227,0.036336602277192445,0.48145453574599023,0.4103841283241874,0.5495639219458407,0.5864411667738899,0.006824250861722007,0.5888517590271973,0.5729221201150886,0.5965005105355983,0.7192747470030011,0.01128724750459274,0.7207433331160311,0.694820549480208,0.7345850807169114,0.5747618450244274,0.02307384754703373,0.5684836540405414,0.5354675316073642,0.6158768001073451
9783279,Peking_1,1,1,9783279_S1_R1,37.8,0.0,37.8,37.8,37.8,25.508728512941794,1.2792618115126695,25.07378039924722,23.28606553736486,28.277907502651214,0.34196336358821966,0.037625964285044305,0.3339264555867945,0.26625356736303335,0.41604076943612556,0.5206173557893197,0.050705499389331575,0.5175749343807933,0.4153622444615516,0.6163672976238421,0.5796729855351974,0.011942495667453215,0.5842198087812108,0.5522881277267193,0.5965840527243998,0.7241850346045096,0.012493961640932309,0.7248857432003006,0.6964556307148806,0.7534224477947877,0.5607626481394933,0.03380208874939734,0.5697645383769507,0.4912174284507955,0.6128305975240905
9887336,Peking_1,1,1,9887336_S1_R1,37.8,0.0,37.8,37.8,37.8,25.302101661098476,1.2964606460919659,24.887834636788618,23.750728280920733,29.092224955558777,0.33561546273809373,0.036142472186121335,0.3243004857229992,0.2909623300310965,0.43631236612340096,0.5061769642558667,0.04984785934346756,0.498597868760516,0.4367883594959098,0.6486605078652109,0.5805970242421076,0.015005812054684951,0.586113431727458,0.5269610534272314,0.5943284136266538,0.719788226027181,0.010545075726988321,0.7185211468029824,0.7022796774927675,0.7449095941802907,0.5658905932617085,0.029895743817567995,0.5736198549249384,0.5036057807913865,0.6118973562907323
9890726,Peking_1,1,1,9890726_S1_R1,37.8,0.0,37.8,37.8,37.8,25.286111372892908,1.3514866350031152,25.56838064068242,23.005470327954544,27.64549764708469,0.3345379658351287,0.04178052873523533,0.34272585244355813,0.2639208321006771,0.4082973801945043,0.5084750711287349,0.05874798245601584,0.5145325710902666,0.40802545518826233,0.6042163635800366,0.5806827819322401,0.012251794555446685,0.5821591014573416,0.557666388192702,0.5967697020328565,0.7222958450404486,0.01566457093859091,0.7264113156327638,0.691559982672976,0.7549355148810877,0.5658186889132959,0.033971989917898564,0.5586310066575295,0.5010326722643562,0.6236248310098274
9907452,NYU,1,1,9907452_S1_R1,37.8,0.0,37.8,37.8,37.8,24.873826203383032,0.9531502120985351,24.736813185089513,23.477247982276115,26.59707865715027,0.32365500133150876,0.02936572532033791,0.3204129053494494,0.2795088544447109,0.36527031358553075,0.49897319179335287,0.04473989998091644,0.5094552586781141,0.4310576830658117,0.6019603642206749,0.5837417618119306,0.008173496570514135,0.5849577647823225,0.5663789102385351,0.5951267056530192,0.7170210847025685,0.009595280991734775,0.7167173533427401,0.7008513658178848,0.7358599068809493,0.5803966211044252,0.024249813362311152,0.5893647240550032,0.5436307391958362,0.6137109761399434
9907452,NYU,1,2,9907452_S1_R2,37.8,0.0,37.8,37.8,37.8,25.723546795360406,1.4695046355933332,25.480902451590488,23.626805707655453,28.35561572062342,0.34544037790958965,0.04145868916349332,0.3363901828813186,0.2855671026625545,0.4182851707542288,0.5263841684925107,0.06969661904279296,0.4988192695214106,0.43248144866541144,0.6539423188742877,0.5773327178555705,0.01648610955359135,0.5843265571335694,0.5391576825662058,0.5947925368977973,0.723420113645982,0.013258301739302378,0.7206362817380987,0.7011083217443463,0.7541794168011489,0.5558752880816666,0.0323038977225471,0.5548226390765325,0.48508222890212255,0.6083798829342655
9922944,KKI,1,1,9922944_S1_R1,37.8,0.0,37.8,37.8,37.8,22.238847904652356,0.7836802677035202,22.004286108675757,21.240686807820673,23.971393683709596,0.26540712367900315,0.02494543363714037,0.257113463176987,0.23183648512477417,0.32137101963120795,0.4402742864994331,0.04608565891807073,0.4226273755815812,0.3812043175250722,0.5348510645767145,0.5927625777406443,0.004755239917541416,0.5945929638912056,0.5813190383365751,0.5978279030910604,0.693668643854624,0.009923895143549685,0.6932279484242486,0.6767758471649273,0.7101682699818659,0.682502994399698,0.015321592579378328,0.6838814647989132,0.6503298369797781,0.7034296163656824
9956994,NeuroIMAGE,1,1,9956994_S1_R1,37.8,0.0,37.8,37.8,37.8,25.11376572885557,0.971645677140019,24.89814179727906,23.462738934629844,27.84261628765809,0.3282726104502526,0.031164410273875204,0.31675792195773594,0.28032284015438386,0.4181050706679055,0.5007763894212713,0.04879525878673402,0.4880829951368625,0.4370887185408812,0.6590835857446672,0.583520536445776,0.009612784907957583,0.587686809616629,0.5488461895479494,0.594272718834117,0.7175428776566461,0.010325373287543706,0.7155099658309496,0.698997772589227,0.7391997210774278,0.5696943075108886,0.023179027132643838,0.5703403252374823,0.5284432533125265,0.6197018510964679
